_id,Facility ID,Location ID,Facility Type (Display Name),Permit,FacilityType,Facility Rating,Asset Name
1,2523,1,Drinking Fountain,None,Drinking Fountain Count,None,ASHBRIDGES BAY PARK - Drinking Water Source (  1)
2,2523,1,Dog Fountain,None,Dog Fountain Count,None,ASHBRIDGES BAY PARK - Drinking Water Source (  1)
3,2524,1,Drinking Fountain,None,Drinking Fountain Count,None,ASHBRIDGES BAY PARK - Drinking Water Source (  2)
4,21787,1,Bike Trail,None,Bike Trail,None,ASHBRIDGES BAY PARK TRAIL (  1)
5,21788,1,Bike Trail,None,Bike Trail,None,ASHBRIDGES BAY PARK TRAIL ( 10)
6,21790,1,Bike Trail,None,Bike Trail,None,ASHBRIDGES BAY PARK TRAIL ( 12)
7,21791,1,Bike Trail,None,Bike Trail,None,ASHBRIDGES BAY PARK TRAIL ( 13)
8,21792,1,Bike Trail,None,Bike Trail,None,ASHBRIDGES BAY PARK TRAIL ( 14)
9,21793,1,Bike Trail,None,Bike Trail,None,ASHBRIDGES BAY PARK TRAIL ( 15)
10,21794,1,Bike Trail,None,Bike Trail,None,ASHBRIDGES BAY PARK TRAIL ( 16)
11,21795,1,Bike Trail,None,Bike Trail,None,ASHBRIDGES BAY PARK TRAIL ( 17)
12,21796,1,Bike Trail,None,Bike Trail,None,ASHBRIDGES BAY PARK TRAIL ( 18)
13,21798,1,Bike Trail,None,Bike Trail,None,ASHBRIDGES BAY PARK TRAIL (  2)
14,21799,1,Bike Trail,None,Bike Trail,None,ASHBRIDGES BAY PARK TRAIL ( 20)
15,21805,1,Bike Trail,None,Bike Trail,None,ASHBRIDGES BAY PARK TRAIL (  4)
16,21807,1,Bike Trail,None,Bike Trail,None,ASHBRIDGES BAY PARK TRAIL (  6)
17,21808,1,Bike Trail,None,Bike Trail,None,ASHBRIDGES BAY PARK TRAIL (  7)
18,21809,1,Bike Trail,None,Bike Trail,None,ASHBRIDGES BAY PARK TRAIL (  8)
19,23246,1,Bike Trail,None,Bike Trail,None,MARTIN GOODMAN TRAIL (  1)
20,27944,1,Picnic Site,picnic,Picnic Site,None,ASHBRIDGES BAY PARK - Picnic Site (  1)
21,27945,1,Picnic Site,picnic,Picnic Site,None,ASHBRIDGES BAY PARK - Picnic Site (  2)
22,29193,1,Firepit,None,Firepit,None,ASHBRIDGES BAY PARK - Firepit
23,31265,1,Washroom Facility,None,Washroom Building,None,ASHBRIDGES BAY PARK - Washroom Building and Garage
24,32210,1,Parking Lot,None,Outdoor Parking Lot,None,ASHBRIDGES BAY PARK - Outdoor Parking Lot
25,47022,1,Outdoor Shower,None,Outdoor Shower,None,ASHBRIDGES BAY PARK - Washroom Building and Garage - Outdoor Shower
26,57882,1,Community Garden,None,Community Garden,None,ASHBRIDGES BAY PARK - Community Garden
27,78697,1,Disc Golf Course,None,Disc Golf,None,ASHBRIDGES BAY PARK - Disc Golf Course N
28,78828,1,Outdoor Fitness Equipment,None,Outdoor Fitness Equipment,None,ASHBRIDGES BAY PARK - Outdoor Fitness Equipment Area - Outdoor Fitness Equipment (  1)
29,78829,1,Outdoor Fitness Equipment,None,Outdoor Fitness Equipment,None,ASHBRIDGES BAY PARK - Outdoor Fitness Equipment Area - Outdoor Fitness Equipment (  2)
30,78830,1,Outdoor Fitness Equipment,None,Outdoor Fitness Equipment,None,ASHBRIDGES BAY PARK - Outdoor Fitness Equipment Area - Outdoor Fitness Equipment (  3)
31,78831,1,Outdoor Fitness Equipment,None,Outdoor Fitness Equipment,None,ASHBRIDGES BAY PARK - Outdoor Fitness Equipment Area - Outdoor Fitness Equipment (  4)
32,102012,1,Bottle Filling Station,None,Water Bottle Filling Count,None,ASHBRIDGES BAY PARK - Drinking Water Source (  3)
33,2462,2,Drinking Fountain,None,Drinking Fountain Count,None,BLUFFER'S PARK - Drinking Water Source (  1)
34,2464,2,Drinking Fountain,None,Drinking Fountain Count,None,BLUFFER'S PARK - Drinking Water Source (  3)
35,17042,2,Beach,None,Beach,None,BLUFFER'S PARK BEACH
36,21998,2,Bike Trail,None,Bike Trail,None,BLUFFER'S PARK TRAIL (  1)
37,29300,2,Washroom Facility,None,Washroom Building,None,BLUFFER'S PARK EAST WASHROOM
38,29300,2,Change Room Facility,None,Changeroom Building,None,BLUFFER'S PARK EAST WASHROOM
39,29307,2,Washroom Facility,None,Washroom Building,None,BLUFFER'S PARK WEST WASHROOM
40,32220,2,Parking Lot,None,Outdoor Parking Lot,None,BLUFFER'S PARK - Outdoor Parking Lot (  1)
41,32221,2,Parking Lot,None,Outdoor Parking Lot,None,BLUFFER'S PARK - Outdoor Parking Lot (  2)
42,32222,2,Parking Lot,None,Outdoor Parking Lot,None,BLUFFER'S PARK - Outdoor Parking Lot (  3)
43,32223,2,Parking Lot,None,Outdoor Parking Lot,None,BLUFFER'S PARK - Outdoor Parking Lot (  4)
44,44903,2,Parking Lot,None,Outdoor Parking Lot,None,BLUFFER'S PARK - Outdoor Parking Lot (  5)
45,58402,2,Outdoor Shower,None,Outdoor Shower,None,BLUFFER'S PARK - Outdoor Shower
46,70542,2,Picnic Site,picnic,Picnic Site,None,BLUFFER'S PARK - Picnic Site (  1)
47,70543,2,Picnic Site,picnic,Picnic Site,None,BLUFFER'S PARK - Picnic Site (  2)
48,102325,2,Outdoor Volleyball Court,None,Outdoor Volleyball Court,None,BLUFFER'S PARK -  Volleyball Court (  1)
49,102326,2,Outdoor Volleyball Court,None,Outdoor Volleyball Court,None,BLUFFER'S PARK - Volleyball Court (  2)
50,102327,2,Outdoor Volleyball Court,None,Outdoor Volleyball Court,None,BLUFFER'S PARK - Volleyball Court (  3)
51,102328,2,Outdoor Volleyball Court,None,Outdoor Volleyball Court,None,BLUFFER'S PARK - Volleyball Court (  4)
52,2219,3,Drinking Fountain,None,Drinking Fountain Count,None,JAMES GARDENS - Drinking Water Source (  1)
53,13567,3,Greenhouse,None,Greenhouse,None,JAMES GARDENS RES. UNIT COACH HOUSE AND GREENHOUSE
54,29542,3,Washroom Facility,None,Washroom Building,None,JAMES GARDENS WASHROOM
55,29853,3,Kitchen,room,Kitchen,None,JAMES GARDENS RES. UNIT COACH HOUSE AND GREENHOUSE - Kitchen (  1)
56,29854,3,Kitchen,room,Kitchen,None,EDGEHILL HOUSE - Kitchen (  2)
57,32367,3,Parking Lot,None,Outdoor Parking Lot,None,JAMES GARDENS - Outdoor Parking Lot
58,42744,3,Children's Garden,None,Children's Garden,None,EDGEHILL HOUSE - Children's Garden
59,57360,3,Pond,None,Open Water,None,JAMES GARDENS - Open Water
60,102084,3,Bottle Filling Station,None,Water Bottle Filling Count,None,JAMES GARDENS - Drinking Water Source (  2)
61,967980,3,Gazebo,None,Gazebo,None,JAMES GARDENS - Shade Structure (  1)
62,22804,4,Bike Trail,None,Bike Trail,None,HIGHLAND CREEK TRAIL (  3)
63,22815,4,Bike Trail,None,Bike Trail,None,HIGHLAND CREEK TRAIL (  4)
64,22820,4,Bike Trail,None,Bike Trail,None,HIGHLAND CREEK TRAIL (  5)
65,22821,4,Bike Trail,None,Bike Trail,None,HIGHLAND CREEK TRAIL (  6)
66,22822,4,Bike Trail,None,Bike Trail,None,HIGHLAND CREEK TRAIL (  7)
67,22823,4,Bike Trail,None,Bike Trail,None,HIGHLAND CREEK TRAIL (  8)
68,22824,4,Bike Trail,None,Bike Trail,None,HIGHLAND CREEK TRAIL (  9)
69,28287,4,Picnic Site,picnic,Picnic Site,None,COLONEL DANFORTH PARK - Picnic Site (  1)
70,28288,4,Picnic Site,picnic,Picnic Site,None,COLONEL DANFORTH PARK - Picnic Site (  2)
71,28289,4,Picnic Site,picnic,Picnic Site,None,COLONEL DANFORTH PARK - Picnic Site (  3)
72,28290,4,Picnic Site,picnic,Picnic Site,None,COLONEL DANFORTH PARK - Picnic Site (  4)
73,28291,4,Picnic Site,picnic,Picnic Site,None,COLONEL DANFORTH PARK - Picnic Site (  5)
74,32247,4,Parking Lot,None,Outdoor Parking Lot,None,COLONEL DANFORTH PARK - Outdoor Parking Lot (  1)
75,32248,4,Parking Lot,None,Outdoor Parking Lot,None,COLONEL DANFORTH PARK - Outdoor Parking Lot (  2)
76,40318,4,Bike Trail,None,Bike Trail,None,COLONEL DANFORTH PARK TRAIL (  1)
77,40319,4,Bike Trail,None,Bike Trail,None,COLONEL DANFORTH PARK TRAIL (  2)
78,45442,4,Washroom Facility,None,Washroom Building,None,COLONEL DANFORTH PARK - Washroom Building
79,48922,4,Dogs Off-Leash Area,None,Off Leash Area,None,COLONEL DANFORTH PARK - Off Leash Area
80,57316,4,Pond,None,Open Water,None,COLONEL DANFORTH PARK - Open Water
81,103211,4,Drinking Fountain,None,Drinking Fountain Count,None,COLONEL DANFORTH PARK - Drinking Water Source
82,850033,4,Parking Lot,None,Outdoor Parking Lot,None,COLONEL DANFORTH PARK - Outdoor Parking Lot (  3)
83,967595,4,Gazebo,None,Gazebo,None,COLONEL DANFORTH PARK - Shade Structure
84,4606,5,Firepit,None,Firepit,None,DERRYDOWNS PARK - Firepit
85,21939,5,Bike Trail,None,Bike Trail,None,BLACK CREEK TRAIL ( 14)
86,21940,5,Bike Trail,None,Bike Trail,None,BLACK CREEK TRAIL ( 15)
87,21941,5,Bike Trail,None,Bike Trail,None,BLACK CREEK TRAIL ( 16)
88,21942,5,Bike Trail,None,Bike Trail,None,BLACK CREEK TRAIL ( 17)
89,21943,5,Bike Trail,None,Bike Trail,None,BLACK CREEK TRAIL ( 18)
90,21947,5,Bike Trail,None,Bike Trail,None,BLACK CREEK TRAIL ( 21)
91,29359,5,Washroom Facility,None,Washroom Building,None,DERRYDOWNS PARK - Washroom Building
92,32259,5,Parking Lot,None,Outdoor Parking Lot,None,DERRYDOWNS PARK - Outdoor Parking Lot
93,967606,5,Gazebo,None,Gazebo,None,DERRYDOWNS PARK - Shade Structure (  1)
94,967607,5,Gazebo,None,Gazebo,None,DERRYDOWNS PARK - Shade Structure (  2)
95,2805,6,Dogs Off-Leash Area,None,Off Leash Area,None,MARIE CURTIS PARK - Off Leash Area
96,4073,6,Picnic Site,picnic,Picnic Site,None,MARIE CURTIS PARK - Picnic Site (  1)
97,4074,6,Picnic Site,picnic,Picnic Site,None,MARIE CURTIS PARK - Picnic Site (  2)
98,4076,6,Wading Pool,None,Wading Pool,None,MARIE CURTIS PARK - Wading Pool
99,13591,6,Fieldhouse,None,Fieldhouse,None,MARIE CURTIS PARK CONCESSION
100,13591,6,Washroom Facility,None,Washroom Building,None,MARIE CURTIS PARK CONCESSION
101,17083,6,Beach,None,Beach,None,MARIE CURTIS PARK EAST BEACH
102,22512,6,Bike Trail,None,Bike Trail,None,ETOBICOKE CREEK TRAIL ( 10)
103,22513,6,Bike Trail,None,Bike Trail,None,ETOBICOKE CREEK TRAIL ( 11)
104,24065,6,Bike Trail,None,Bike Trail,None,WATERFRONT TRAIL (  2)
105,24076,6,Bike Trail,None,Bike Trail,None,WATERFRONT TRAIL (  3)
106,24077,6,Bike Trail,None,Bike Trail,None,WATERFRONT TRAIL (  4)
107,24078,6,Bike Trail,None,Bike Trail,None,WATERFRONT TRAIL (  5)
108,24079,6,Bike Trail,None,Bike Trail,None,WATERFRONT TRAIL (  6)
109,29570,6,Washroom Facility,None,Washroom Building,None,MARIE CURTIS PARK - Washroom Building
110,32390,6,Parking Lot,None,Outdoor Parking Lot,None,MARIE CURTIS PARK - Outdoor Parking Lot (  1)
111,32391,6,Parking Lot,None,Outdoor Parking Lot,None,MARIE CURTIS PARK - Outdoor Parking Lot (  2)
112,32392,6,Parking Lot,None,Outdoor Parking Lot,None,MARIE CURTIS PARK - Outdoor Parking Lot (  3)
113,33808,6,Playground,None,Playground Site,None,MARIE CURTIS PARK - Playground
114,36542,6,Splash Pad,None,Splash/Spray Pad,None,MARIE CURTIS PARK - Splash/Spray Pad
115,75731,6,Gazebo,None,Gazebo,None,MARIE CURTIS PARK - Shade Structure (  1)
116,96254,6,Outdoor Volleyball Court,None,Outdoor Volleyball Court,None,MARIE CURTIS PARK - Volleyball Court (  1)
117,96255,6,Outdoor Volleyball Court,None,Outdoor Volleyball Court,None,MARIE CURTIS PARK - Volleyball Court (  2)
118,96256,6,Outdoor Volleyball Court,None,Outdoor Volleyball Court,None,MARIE CURTIS PARK - Volleyball Court (  3)
119,96257,6,Outdoor Volleyball Court,None,Outdoor Volleyball Court,None,MARIE CURTIS PARK - Volleyball Court (  4)
120,96258,6,Outdoor Volleyball Court,None,Outdoor Volleyball Court,None,MARIE CURTIS PARK - Volleyball Court (  5)
121,96259,6,Outdoor Volleyball Court,None,Outdoor Volleyball Court,None,MARIE CURTIS PARK - Volleyball Court (  6)
122,970629,6,Outdoor Fitness Equipment,None,Outdoor Fitness Equipment,None,MARIE CURTIS PARK - Outdoor Fitness Equipment Area - Outdoor Fitness Equipment - Parallel Bars
123,970630,6,Outdoor Fitness Equipment,None,Outdoor Fitness Equipment,None,MARIE CURTIS PARK - Outdoor Fitness Equipment Area - Outdoor Fitness Equipment - Push Up Bars
124,970631,6,Outdoor Fitness Equipment,None,Outdoor Fitness Equipment,None,MARIE CURTIS PARK - Outdoor Fitness Equipment Area - Outdoor Fitness Equipment - Pull-Up Bars
125,970632,6,Outdoor Fitness Equipment,None,Outdoor Fitness Equipment,None,MARIE CURTIS PARK - Outdoor Fitness Equipment Area - Outdoor Fitness Equipment - Long Bench
126,970633,6,Outdoor Fitness Equipment,None,Outdoor Fitness Equipment,None,MARIE CURTIS PARK - Outdoor Fitness Equipment Area - Outdoor Fitness Equipment (  1)
127,970634,6,Outdoor Fitness Equipment,None,Outdoor Fitness Equipment,None,MARIE CURTIS PARK - Outdoor Fitness Equipment Area - Outdoor Fitness Equipment (  2)
128,970635,6,Outdoor Fitness Equipment,None,Outdoor Fitness Equipment,None,MARIE CURTIS PARK - Outdoor Fitness Equipment Area - Outdoor Fitness Equipment (  3)
129,970636,6,Outdoor Fitness Equipment,None,Outdoor Fitness Equipment,None,MARIE CURTIS PARK - Outdoor Fitness Equipment Area - Outdoor Fitness Equipment (  4)
130,1002174,6,Beach,None,Beach,None,MARIE CURTIS PARK WEST BEACH
131,2053,7,Washroom Facility,None,Washroom Building,None,BROADLANDS COMMUNITY RECREATION CENTRE
132,4778,7,Outdoor Pool,pool,Outdoor Pool Tank,None,BROADLANDS COMMUNITY RECREATION CENTRE - Outdoor Pool Tank
133,14265,7,Outdoor Dry Pad,ice,Outdoor Dry Pad - A,A,BROADLANDS COMMUNITY RECREATION CENTRE - Outdoor Artificial Ice Rink
134,29782,7,Kitchen,room,Kitchen - B,B,BROADLANDS COMMUNITY RECREATION CENTRE - Kitchen
135,43575,7,Outdoor Rink,ice,Outdoor Ice Pad,None,BROADLANDS PARK - Outdoor Ice Pad
136,47935,7,Multipurpose Room,room,Room - C,C,BROADLANDS COMMUNITY RECREATION CENTRE - Multipurpose Room (  1)
137,47936,7,Multipurpose Room,room,Room - C,C,BROADLANDS COMMUNITY RECREATION CENTRE - Multipurpose Room (  2)
138,48149,7,Multipurpose Room,room,Room - B,B,BROADLANDS COMMUNITY RECREATION CENTRE - Multipurpose Room (  3)
139,48150,7,Multipurpose Room,room,Room - C,C,BROADLANDS COMMUNITY RECREATION CENTRE - Multipurpose Room (  4)
140,2336,9,Drinking Fountain,None,Drinking Fountain Count,None,EGLINTON FLATS - Drinking Water Source (  1)
141,2338,9,Drinking Fountain,None,Drinking Fountain Count,None,EGLINTON FLATS - Drinking Water Source (  3)
142,2772,9,Community Garden,None,Community Garden,None,EMMETT AVE. COMMUNITY GARDEN
143,3304,9,Outdoor Bocce Court,None,Outdoor Bocce Court,None,EGLINTON FLATS - Outdoor Bocce Court (  3)
144,3305,9,Outdoor Bocce Court,None,Outdoor Bocce Court,None,EGLINTON FLATS - Outdoor Bocce Court (  2)
145,3306,9,Outdoor Bocce Court,None,Outdoor Bocce Court,None,EGLINTON FLATS - Outdoor Bocce Court (  4)
146,3307,9,Outdoor Bocce Court,None,Outdoor Bocce Court,None,EGLINTON FLATS - Outdoor Bocce Court (  1)
147,3308,9,Pickleball Court,None,None,None,EGLINTON FLATS - Tennis Court Area
148,3308,9,Pickleball Court,None,None,None,EGLINTON FLATS - Tennis Court Area
149,3308,9,Pickleball Court,None,None,None,EGLINTON FLATS - Tennis Court Area
150,3308,9,Pickleball Court,None,None,None,EGLINTON FLATS - Tennis Court Area
151,3308,9,Pickleball Court,None,None,None,EGLINTON FLATS - Tennis Court Area
152,3308,9,Pickleball Court,None,None,None,EGLINTON FLATS - Tennis Court Area
153,3309,9,Outdoor Tennis Court,None,Outdoor Tennis Court,None,EGLINTON FLATS - Outdoor Tennis Court (  1)
154,3310,9,Outdoor Tennis Court,None,Outdoor Tennis Court,None,EGLINTON FLATS - Outdoor Tennis Court (  2)
155,3311,9,Outdoor Tennis Court,None,Outdoor Tennis Court,None,EGLINTON FLATS - Outdoor Tennis Court (  3)
156,3312,9,Pickleball Court,None,None,None,EGLINTON FLATS - Outdoor Tennis Court (  4)
157,3312,9,Outdoor Tennis Court,None,Outdoor Tennis Court,None,EGLINTON FLATS - Outdoor Tennis Court (  4)
158,3313,9,Outdoor Tennis Court,None,Outdoor Tennis Court,None,EGLINTON FLATS - Outdoor Tennis Court (  5)
159,3314,9,Outdoor Tennis Court,None,Outdoor Tennis Court,None,EGLINTON FLATS - Outdoor Tennis Court (  6)
160,3315,9,Outdoor Tennis Court,None,Outdoor Tennis Court,None,EGLINTON FLATS - Outdoor Tennis Court (  7)
161,3316,9,Outdoor Tennis Court,None,Outdoor Tennis Court,None,EGLINTON FLATS - Outdoor Tennis Court (  8)
162,3317,9,Outdoor Tennis Court,None,Outdoor Tennis Court,None,EGLINTON FLATS - Outdoor Tennis Court (  9)
163,3318,9,Outdoor Tennis Court,None,Outdoor Tennis Court,None,EGLINTON FLATS - Outdoor Tennis Court ( 10)
164,3319,9,Outdoor Tennis Court,None,Outdoor Tennis Court,None,EGLINTON FLATS - Outdoor Tennis Court ( 11)
165,3320,9,Outdoor Tennis Court,None,Outdoor Tennis Court,None,EGLINTON FLATS - Outdoor Tennis Court ( 12)
166,3321,9,Outdoor Tennis Court,None,Outdoor Tennis Court,None,EGLINTON FLATS - Outdoor Tennis Court ( 13)
167,13481,9,Washroom Facility,None,Washroom Building,None,EGLINTON FLATS NORTHWEST SERVICE BUILDING
168,13482,9,Washroom Facility,None,Washroom Building,None,EGLINTON FLATS SOUTHEAST SPORTS PAVILION
169,13482,9,Fieldhouse,None,Fieldhouse,None,EGLINTON FLATS SOUTHEAST SPORTS PAVILION
170,17752,9,Sport Field,sport,Football Field - Premier,P,EGLINTON FLATS - Football Field
171,18274,9,Multipurpose Field,None,Multipurpose Field - Premier,P,EGLINTON FLATS - Multipurpose Field (  9)
172,18276,9,Multipurpose Field,None,Multipurpose Field - Premier,P,EGLINTON FLATS - Multipurpose Field (  3)
173,18277,9,Multipurpose Field,None,Multipurpose Field - Premier,P,EGLINTON FLATS - Multipurpose Field (  4)
174,18278,9,Multipurpose Field,None,Multipurpose Field - Premier,P,EGLINTON FLATS - Rugby Field
175,18279,9,Multipurpose Field,None,Multipurpose Field - Premier,P,EGLINTON FLATS - Multipurpose Field ( 12)
176,18280,9,Multipurpose Field,None,Multipurpose Field - Premier,P,EGLINTON FLATS - Multipurpose Field ( 11)
177,18281,9,Multipurpose Field,None,Multipurpose Field - Premier,P,EGLINTON FLATS - Multipurpose Field ( 10)
178,18282,9,Multipurpose Field,None,Multipurpose Field - Premier,P,EGLINTON FLATS - Multipurpose Field (  1)
179,18283,9,Multipurpose Field,None,Multipurpose Field - Premier,P,EGLINTON FLATS - Multipurpose Field (  5)
180,18284,9,Multipurpose Field,None,Multipurpose Field - Premier,P,EGLINTON FLATS - Multipurpose Field (  2)
181,22461,9,Bike Trail,None,Bike Trail,None,EGLINTON FLATS TRAIL (  1)
182,22462,9,Bike Trail,None,Bike Trail,None,EGLINTON FLATS TRAIL (  2)
183,22463,9,Bike Trail,None,Bike Trail,None,EGLINTON FLATS TRAIL (  3)
184,29401,9,Washroom Facility,None,Washroom Building,None,EGLINTON FLATS NORTHWEST SPORTS PAVILION
185,32292,9,Parking Lot,None,Outdoor Parking Lot,None,EGLINTON FLATS - Outdoor Parking Lot (  1)
186,32293,9,Parking Lot,None,Outdoor Parking Lot,None,EGLINTON FLATS - Outdoor Parking Lot (  2)
187,34041,9,Playground,None,Playground Site,None,EGLINTON FLATS - Playground
188,43622,9,Multipurpose Field,None,Multipurpose Field - Premier,P,EGLINTON FLATS - Multipurpose Field ( 13)
189,48229,9,Multipurpose Room,room,Room - C,C,EGLINTON FLATS NORTHWEST SPORTS PAVILION - Multipurpose Room
190,57333,9,Pond,None,Open Water,None,EGLINTON FLATS - Open Water
191,102190,9,Drinking Fountain,None,Drinking Fountain Count,None,EGLINTON FLATS - Drinking Water Source (  4)
192,4491,10,Firepit,None,Firepit,None,ETIENNE BRULE PARK - Firepit
193,4492,10,Picnic Site,picnic,Picnic Site,None,ETIENNE BRULE PARK - Picnic Site
194,22926,10,Bike Trail,None,Bike Trail,None,HUMBER RIVER RECREATIONAL TRAIL ( 15)
195,22937,10,Bike Trail,None,Bike Trail,None,HUMBER RIVER RECREATIONAL TRAIL ( 16)
196,22959,10,Bike Trail,None,Bike Trail,None,HUMBER RIVER RECREATIONAL TRAIL ( 18)
197,22970,10,Bike Trail,None,Bike Trail,None,HUMBER RIVER RECREATIONAL TRAIL ( 19)
198,23000,10,Bike Trail,None,Bike Trail,None,HUMBER RIVER RECREATIONAL TRAIL ( 23)
199,23001,10,Bike Trail,None,Bike Trail,None,HUMBER RIVER RECREATIONAL TRAIL ( 24)
200,23002,10,Bike Trail,None,Bike Trail,None,HUMBER RIVER RECREATIONAL TRAIL ( 25)
201,23003,10,Bike Trail,None,Bike Trail,None,HUMBER RIVER RECREATIONAL TRAIL ( 26)
202,23004,10,Bike Trail,None,Bike Trail,None,HUMBER RIVER RECREATIONAL TRAIL ( 27)
203,23005,10,Bike Trail,None,Bike Trail,None,HUMBER RIVER RECREATIONAL TRAIL ( 28)
204,29407,10,Washroom Facility,None,Washroom Building,None,ETIENNE BRULE PARK - Washroom Building
205,32298,10,Parking Lot,None,Outdoor Parking Lot,None,ETIENNE BRULE PARK - Outdoor Parking Lot
206,41106,10,Bottle Filling Station,None,Water Bottle Filling Count,None,ETIENNE BRULE PARK - Drinking Water Source (  2)
207,41106,10,Bottle Filling Station,None,Water Bottle Filling Count,None,ETIENNE BRULE PARK - Drinking Water Source (  2)
208,2819,11,Dogs Off-Leash Area,None,Off Leash Area,None,G. ROSS LORD PARK - Off Leash Area
209,4435,11,Firepit,None,Firepit,None,G. ROSS LORD PARK - Firepit
210,4436,11,Picnic Site,picnic,Picnic Site,None,G. ROSS LORD PARK - Picnic Site (  1)
211,13267,11,Drinking Fountain,None,Drinking Fountain Count,None,G. ROSS LORD PARK - Drinking Water Source (  1)
212,13268,11,Drinking Fountain,None,Drinking Fountain Count,None,G. ROSS LORD PARK - Drinking Water Source (  2)
213,13269,11,Drinking Fountain,None,Drinking Fountain Count,None,G. ROSS LORD PARK - Drinking Water Source (  3)
214,13270,11,Drinking Fountain,None,Drinking Fountain Count,None,G. ROSS LORD PARK - Drinking Water Source (  4)
215,13493,11,Washroom Facility,None,Washroom Building,None,G. ROSS LORD PARK SPORTS PAVILION
216,13493,11,Fieldhouse,None,Fieldhouse,None,G. ROSS LORD PARK SPORTS PAVILION
217,13763,11,Riding Stable,None,Riding Stable,None,G. ROSS LORD PARK - Riding Stable
218,18040,11,Cricket Pitch Field,sport,Cricket Pitch Field - Premier,P,G. ROSS LORD PARK - Cricket Pitch Field (  1)
219,18041,11,Cricket Pitch Field,sport,Cricket Pitch Field - Premier,P,G. ROSS LORD PARK - Cricket Pitch Field (  2)
220,18155,11,Sport Field,sport,Soccer Field - Premier,P,G. ROSS LORD PARK - Soccer Field (  1)
221,18156,11,Sport Field,sport,Soccer Field - Premier,P,G. ROSS LORD PARK - Soccer Field (  2)
222,18157,11,Sport Field,sport,Soccer Field - Premier,P,G. ROSS LORD PARK - Soccer Field (  3)
223,22562,11,Bike Trail,None,Bike Trail,None,FINCH CORRIDOR TRAIL (  4)
224,22573,11,Bike Trail,None,Bike Trail,None,FINCH CORRIDOR TRAIL (  5)
225,22584,11,Bike Trail,None,Bike Trail,None,FINCH CORRIDOR TRAIL (  6)
226,22592,11,Bike Trail,None,Bike Trail,None,FINCH CORRIDOR TRAIL (  7)
227,22596,11,Bike Trail,None,Bike Trail,None,G. ROSS LORD PARK TRAIL (  1)
228,22597,11,Bike Trail,None,Bike Trail,None,G. ROSS LORD PARK TRAIL ( 10)
229,22598,11,Bike Trail,None,Bike Trail,None,G. ROSS LORD PARK TRAIL ( 11)
230,22600,11,Bike Trail,None,Bike Trail,None,G. ROSS LORD PARK TRAIL ( 13)
231,22601,11,Bike Trail,None,Bike Trail,None,G. ROSS LORD PARK TRAIL ( 14)
232,22602,11,Bike Trail,None,Bike Trail,None,G. ROSS LORD PARK TRAIL ( 15)
233,22603,11,Bike Trail,None,Bike Trail,None,G. ROSS LORD PARK TRAIL ( 16)
234,22605,11,Bike Trail,None,Bike Trail,None,G. ROSS LORD PARK TRAIL ( 18)
235,22606,11,Bike Trail,None,Bike Trail,None,G. ROSS LORD PARK TRAIL ( 19)
236,22607,11,Bike Trail,None,Bike Trail,None,G. ROSS LORD PARK TRAIL (  2)
237,22608,11,Bike Trail,None,Bike Trail,None,G. ROSS LORD PARK TRAIL ( 20)
238,22609,11,Bike Trail,None,Bike Trail,None,G. ROSS LORD PARK TRAIL ( 21)
239,22611,11,Bike Trail,None,Bike Trail,None,G. ROSS LORD PARK TRAIL ( 23)
240,22612,11,Bike Trail,None,Bike Trail,None,G. ROSS LORD PARK TRAIL ( 24)
241,22613,11,Bike Trail,None,Bike Trail,None,G. ROSS LORD PARK TRAIL ( 25)
242,22614,11,Bike Trail,None,Bike Trail,None,G. ROSS LORD PARK TRAIL ( 26)
243,22615,11,Bike Trail,None,Bike Trail,None,G. ROSS LORD PARK TRAIL ( 27)
244,22616,11,Bike Trail,None,Bike Trail,None,G. ROSS LORD PARK TRAIL ( 28)
245,22617,11,Bike Trail,None,Bike Trail,None,G. ROSS LORD PARK TRAIL ( 29)
246,22618,11,Bike Trail,None,Bike Trail,None,G. ROSS LORD PARK TRAIL (  3)
247,22619,11,Bike Trail,None,Bike Trail,None,G. ROSS LORD PARK TRAIL ( 30)
248,22620,11,Bike Trail,None,Bike Trail,None,G. ROSS LORD PARK TRAIL ( 31)
249,22621,11,Bike Trail,None,Bike Trail,None,G. ROSS LORD PARK TRAIL ( 32)
250,22623,11,Bike Trail,None,Bike Trail,None,G. ROSS LORD PARK TRAIL ( 34)
251,22624,11,Bike Trail,None,Bike Trail,None,G. ROSS LORD PARK TRAIL ( 35)
252,22625,11,Bike Trail,None,Bike Trail,None,G. ROSS LORD PARK TRAIL ( 36)
253,22626,11,Bike Trail,None,Bike Trail,None,G. ROSS LORD PARK TRAIL ( 37)
254,22627,11,Bike Trail,None,Bike Trail,None,G. ROSS LORD PARK TRAIL ( 38)
255,22628,11,Bike Trail,None,Bike Trail,None,G. ROSS LORD PARK TRAIL ( 39)
256,22629,11,Bike Trail,None,Bike Trail,None,G. ROSS LORD PARK TRAIL (  4)
257,22630,11,Bike Trail,None,Bike Trail,None,G. ROSS LORD PARK TRAIL ( 40)
258,22631,11,Bike Trail,None,Bike Trail,None,G. ROSS LORD PARK TRAIL ( 41)
259,22632,11,Bike Trail,None,Bike Trail,None,G. ROSS LORD PARK TRAIL ( 42)
260,22633,11,Bike Trail,None,Bike Trail,None,G. ROSS LORD PARK TRAIL ( 43)
261,22635,11,Bike Trail,None,Bike Trail,None,G. ROSS LORD PARK TRAIL ( 45)
262,22638,11,Bike Trail,None,Bike Trail,None,G. ROSS LORD PARK TRAIL ( 46)
263,22639,11,Bike Trail,None,Bike Trail,None,G. ROSS LORD PARK TRAIL ( 12)
264,22640,11,Bike Trail,None,Bike Trail,None,G. ROSS LORD PARK TRAIL (  5)
265,22643,11,Bike Trail,None,Bike Trail,None,G. ROSS LORD PARK TRAIL (  6)
266,22645,11,Bike Trail,None,Bike Trail,None,G. ROSS LORD PARK TRAIL (  8)
267,22646,11,Bike Trail,None,Bike Trail,None,G. ROSS LORD PARK TRAIL (  9)
268,32308,11,Parking Lot,None,Outdoor Parking Lot,None,G. ROSS LORD PARK - Outdoor Parking Lot (  1)
269,32309,11,Parking Lot,None,Outdoor Parking Lot,None,G. ROSS LORD PARK - Outdoor Parking Lot (  2)
270,32310,11,Parking Lot,None,Outdoor Parking Lot,None,G. ROSS LORD PARK - Outdoor Parking Lot (  3)
271,32311,11,Parking Lot,None,Outdoor Parking Lot,None,G. ROSS LORD PARK - Outdoor Parking Lot (  4)
272,32312,11,Parking Lot,None,Outdoor Parking Lot,None,G. ROSS LORD PARK - Outdoor Parking Lot (  5)
273,32313,11,Parking Lot,None,Outdoor Parking Lot,None,G. ROSS LORD PARK - Outdoor Parking Lot (  6)
274,32314,11,Parking Lot,None,Outdoor Parking Lot,None,G. ROSS LORD PARK - Outdoor Parking Lot (  7)
275,32315,11,Parking Lot,None,Outdoor Parking Lot,None,G. ROSS LORD PARK - Outdoor Parking Lot (  8)
276,40440,11,Bike Trail,None,Bike Trail,None,G. ROSS LORD PARK TRAIL ( 47)
277,40442,11,Bike Trail,None,Bike Trail,None,G. ROSS LORD PARK TRAIL ( 49)
278,49565,11,Picnic Site,picnic,Picnic Site,None,G. ROSS LORD PARK - Picnic Site (  3)
279,49566,11,Picnic Site,picnic,Picnic Site,None,G. ROSS LORD PARK - Picnic Site (  2)
280,57335,11,Pond,None,Open Water,None,G. ROSS LORD PARK - Open Water (  1)
281,57336,11,Pond,None,Open Water,None,G. ROSS LORD PARK - Open Water (  2)
282,57337,11,Pond,None,Open Water,None,G. ROSS LORD PARK - Open Water (  3)
283,78094,11,Practice Wicket,None,Practice Wicket,None,G. ROSS LORD PARK - Practice Wicket (  1)
284,78095,11,Practice Wicket,None,Practice Wicket,None,G. ROSS LORD PARK - Practice Wicket (  2)
285,78096,11,Practice Wicket,None,Practice Wicket,None,G. ROSS LORD PARK - Practice Wicket (  3)
286,78097,11,Practice Wicket,None,Practice Wicket,None,G. ROSS LORD PARK - Practice Wicket (  4)
287,78098,11,Practice Wicket,None,Practice Wicket,None,G. ROSS LORD PARK - Practice Wicket (  5)
288,849942,11,Picnic Site,picnic,Picnic Site,None,G. ROSS LORD PARK - Picnic Site (  4)
289,849946,11,Parking Lot,None,Outdoor Parking Lot,None,G. ROSS LORD PARK - Outdoor Parking Lot (  9)
290,850005,11,Parking Lot,None,Outdoor Parking Lot,None,G. ROSS LORD PARK - Outdoor Parking Lot ( 10)
291,850007,11,Parking Lot,None,Outdoor Parking Lot,None,G. ROSS LORD PARK - Outdoor Parking Lot ( 11)
292,967938,11,Picnic Shelter,picnic,Shelter,None,G. ROSS LORD PARK - Shade Structure
293,10095,12,Practice Wicket,None,Practice Wicket - C,C,CALEDONIA PARK - Practice Wicket
294,17696,12,Ball Diamond,sport,Baseball Diamond Field - C,C,CALEDONIA PARK - SANTO DOMINGO BASEBALL DIAMOND
295,17697,12,Multipurpose Field,None,Multipurpose Field - C,C,CALEDONIA PARK - Multipurpose Field
296,18018,12,Cricket Pitch Field,sport,Cricket Pitch Field - C,C,CALEDONIA PARK - Cricket Pitch Field (  1)
297,18019,12,Cricket Pitch Field,sport,Cricket Pitch Field - C,C,CALEDONIA PARK - Cricket Pitch Field (  2)
298,29315,12,Change Room Facility,None,Changeroom Building,None,CALEDONIA PARK - Fieldhouse
299,29315,12,Fieldhouse,None,Fieldhouse,None,CALEDONIA PARK - Fieldhouse
300,32232,12,Parking Lot,None,Outdoor Parking Lot,None,CALEDONIA PARK - Outdoor Parking Lot (  1)
301,49523,12,Parking Lot,None,Outdoor Parking Lot,None,CALEDONIA PARK - Outdoor Parking Lot (  2)
302,29758,13,Kitchen,room,Kitchen,None,ADAM BECK COMMUNITY CENTRE - Kitchen
303,29958,13,Dressing Room,None,Change Room,None,ADAM BECK COMMUNITY CENTRE - Dressing Room - Female
304,29959,13,Dressing Room,None,Change Room,None,ADAM BECK COMMUNITY CENTRE - Dressing Room - Male
305,41242,13,Gymnasium,gym,Gymnasium - B,B,ADAM BECK COMMUNITY CENTRE - Gymnasium
306,48087,13,Multipurpose Room,room,Room - C,C,ADAM BECK COMMUNITY CENTRE - Multipurpose Room (  1)
307,48088,13,Multipurpose Room,room,Room - C,C,ADAM BECK COMMUNITY CENTRE - Multipurpose Room (  2)
308,48089,13,Multipurpose Room,room,Room - C,C,ADAM BECK COMMUNITY CENTRE - Multipurpose Room (  3)
309,2242,15,Drinking Fountain,None,Drinking Fountain Count,None,HOME SMITH PARK - Drinking Water Source
310,4284,15,Firepit,None,Firepit,None,HOME SMITH PARK - Firepit (  1)
311,4287,15,Picnic Site,picnic,Picnic Site,None,HOME SMITH PARK - Picnic Site (  2)
312,29527,15,Washroom Facility,None,Washroom Building,None,HOME SMITH PARK - Washroom Building
313,57346,15,Pond,None,Open Water,None,HOME SMITH PARK - Open Water
314,132732,15,Firepit,None,Firepit,None,HOME SMITH PARK - Firepit (  2)
315,850084,15,Parking Lot,None,Outdoor Parking Lot,None,HOME SMITH PARK - Outdoor Parking Lot
316,2892,16,Outdoor Tennis Court,None,Outdoor Tennis Court,None,CASSANDRA PARK - Outdoor Tennis Court (  1)
317,2893,16,Outdoor Tennis Court,None,Outdoor Tennis Court,None,CASSANDRA PARK - Outdoor Tennis Court (  2)
318,2894,16,Outdoor Tennis Court,None,Outdoor Tennis Court,None,CASSANDRA PARK - Outdoor Tennis Court (  3)
319,2895,16,Outdoor Tennis Court,None,Outdoor Tennis Court,None,CASSANDRA PARK - Outdoor Tennis Court (  4)
320,32233,16,Parking Lot,None,Outdoor Parking Lot,None,CASSANDRA PARK - Outdoor Parking Lot
321,34382,16,Playground,None,Playground Site,None,CASSANDRA PARK - Playground
322,10451,17,Indoor Pool,pool,Indoor Pool Tank - C,C,ANNETTE COMMUNITY RECREATION CENTRE - Indoor Pool Tank
323,29767,17,Kitchen,room,Kitchen - B,B,ANNETTE COMMUNITY RECREATION CENTRE - Kitchen
324,29997,17,Dressing Room,None,Change Room,None,ANNETTE COMMUNITY RECREATION CENTRE - Dressing Room - Female
325,29998,17,Dressing Room,None,Change Room,None,ANNETTE COMMUNITY RECREATION CENTRE - Dressing Room - Male
326,40823,17,Weight/Cardio Room,None,Room-Fitness/Weight,None,ANNETTE COMMUNITY RECREATION CENTRE - Weight/Cardio Room
327,41259,17,Gymnasium,gym,Gymnasium,None,ANNETTE COMMUNITY RECREATION CENTRE - School
328,47924,17,Multipurpose Room,room,Room - C,C,ANNETTE COMMUNITY RECREATION CENTRE - Multipurpose Room (  3)
329,48107,17,Multipurpose Room,room,Room - C,C,ANNETTE COMMUNITY RECREATION CENTRE - Multipurpose Room (  1)
330,48108,17,Multipurpose Room,room,Room - C,C,ANNETTE COMMUNITY RECREATION CENTRE - Multipurpose Room (  2)
331,1002168,17,Fitness/Dance Studio,None,Room - C,C,ANNETTE COMMUNITY RECREATION CENTRE - Fitness/Dance Studio
332,1002169,17,Gymnasium,gym,Gymnasium - B,B,ANNETTE COMMUNITY RECREATION CENTRE - Gymnasium
333,2656,19,Drinking Fountain,None,Drinking Fountain Count,None,ROSETTA MCCLAIN GARDENS - Drinking Water Source
334,29617,19,Washroom Facility,None,Washroom Building,None,ROSETTA MCCLAIN GARDENS - Washroom Building
335,32435,19,Parking Lot,None,Outdoor Parking Lot,None,ROSETTA MCCLAIN GARDENS - Outdoor Parking Lot
336,41205,19,Picnic Shelter,picnic,Shelter,None,ROSETTA MCCLAIN GARDENS - Shade Structure (  1)
337,2504,20,Drinking Fountain,None,Drinking Fountain Count,None,ALEXANDER STREET PARKETTE - Drinking Water Source
338,17675,21,Multipurpose Field,None,Multipurpose Field,None,BALMY BEACH COMMUNITY RECREATION CENTRE - Multipurpose Field
339,5156,22,Picnic Site,picnic,Picnic Site,None,ROWNTREE MILLS PARK - Picnic Site (  3)
340,5157,22,Picnic Site,picnic,Picnic Site,None,ROWNTREE MILLS PARK - Picnic Site (  1)
341,23045,22,Bike Trail,None,Bike Trail,None,HUMBER RIVER RECREATIONAL TRAIL ( 64)
342,23047,22,Bike Trail,None,Bike Trail,None,HUMBER RIVER RECREATIONAL TRAIL ( 66)
343,23050,22,Bike Trail,None,Bike Trail,None,HUMBER RIVER RECREATIONAL TRAIL ( 69)
344,23053,22,Bike Trail,None,Bike Trail,None,HUMBER RIVER RECREATIONAL TRAIL ( 71)
345,23054,22,Bike Trail,None,Bike Trail,None,HUMBER RIVER RECREATIONAL TRAIL ( 72)
346,23056,22,Bike Trail,None,Bike Trail,None,HUMBER RIVER RECREATIONAL TRAIL ( 74)
347,23057,22,Bike Trail,None,Bike Trail,None,HUMBER RIVER RECREATIONAL TRAIL ( 75)
348,23058,22,Bike Trail,None,Bike Trail,None,HUMBER RIVER RECREATIONAL TRAIL ( 76)
349,23059,22,Bike Trail,None,Bike Trail,None,HUMBER RIVER RECREATIONAL TRAIL ( 77)
350,23063,22,Bike Trail,None,Bike Trail,None,HUMBER RIVER RECREATIONAL TRAIL ( 80)
351,23064,22,Bike Trail,None,Bike Trail,None,HUMBER RIVER RECREATIONAL TRAIL ( 81)
352,23066,22,Bike Trail,None,Bike Trail,None,HUMBER RIVER RECREATIONAL TRAIL ( 83)
353,23069,22,Bike Trail,None,Bike Trail,None,HUMBER RIVER RECREATIONAL TRAIL ( 86)
354,23070,22,Bike Trail,None,Bike Trail,None,HUMBER RIVER RECREATIONAL TRAIL ( 87)
355,23071,22,Bike Trail,None,Bike Trail,None,HUMBER RIVER RECREATIONAL TRAIL ( 88)
356,29622,22,Washroom Facility,None,Washroom Building,None,ROWNTREE MILLS PARK - Maintenance Building
357,29622,22,Fieldhouse,None,Fieldhouse,None,ROWNTREE MILLS PARK - Maintenance Building
358,32437,22,Parking Lot,None,Outdoor Parking Lot,None,ROWNTREE MILLS PARK - Outdoor Parking Lot (  1)
359,32438,22,Parking Lot,None,Outdoor Parking Lot,None,ROWNTREE MILLS PARK - Outdoor Parking Lot (  2)
360,32439,22,Parking Lot,None,Outdoor Parking Lot,None,ROWNTREE MILLS PARK - Outdoor Parking Lot (  3)
361,57388,22,Pond,None,Open Water,None,ROWNTREE MILLS PARK - Open Water
362,75043,22,Bottle Filling Station,None,Water Bottle Filling Count,None,ROWNTREE MILLS PARK - Drinking Water Source (  1)
363,10453,24,Indoor Pool,pool,Indoor Pool Tank - B,B,BEACHES RECREATION CENTRE - Indoor Pool Tank
364,30026,24,Dressing Room,None,Change Room,None,BEACHES RECREATION CENTRE - Dressing Room - Female (  1)
365,30027,24,Dressing Room,None,Change Room,None,BEACHES RECREATION CENTRE - Dressing Room - Male (  1)
366,40825,24,Weight/Cardio Room,None,Room-Fitness/Weight,None,BEACHES RECREATION CENTRE - Fitness Centre
367,41267,24,Gymnasium,gym,Gymnasium - B,B,BEACHES RECREATION CENTRE - Gymnasium
368,48125,24,Dressing Room,None,Change Room,None,BEACHES RECREATION CENTRE - Dressing Room - Female (  2)
369,48126,24,Dressing Room,None,Change Room,None,BEACHES RECREATION CENTRE - Dressing Room - Male (  2)
370,48127,24,Multipurpose Room,room,Room - C,C,BEACHES RECREATION CENTRE - Multipurpose Room (  1)
371,48128,24,Multipurpose Room,room,Room - C,C,BEACHES RECREATION CENTRE - Multipurpose Room (  2)
372,48129,24,Multipurpose Room,room,Room - C,C,BEACHES RECREATION CENTRE - Multipurpose Room (  3)
373,48130,24,Multipurpose Room,room,Room - C,C,BEACHES RECREATION CENTRE - Multipurpose Room (  4)
374,48131,24,Playroom,room,Room - C,C,BEACHES RECREATION CENTRE - Playroom
375,29795,25,Kitchen,room,Kitchen - B,B,DAVID APPLETON COMMUNITY CENTRE - Kitchen
376,47957,25,Multipurpose Room,room,Room - B,B,DAVID APPLETON COMMUNITY CENTRE - Multipurpose Room (  1)
377,48181,25,Multipurpose Room,room,Room - C,C,DAVID APPLETON COMMUNITY CENTRE - Multipurpose Room (  2)
378,48182,25,Multipurpose Room,room,Room - C,C,DAVID APPLETON COMMUNITY CENTRE - Multipurpose Room (  3)
379,5120,26,Picnic Site,picnic,Picnic Site,None,SERENA GUNDY PARK - Picnic Site (  1)
380,5121,26,Picnic Site,picnic,Picnic Site,None,SERENA GUNDY PARK - Picnic Site (  3)
381,24111,26,Bike Trail,None,Bike Trail,None,WEST DON RIVER TRAIL ( 35)
382,36503,26,Washroom Facility,None,Washroom Building,None,SERENA GUNDY PARK - Washroom Building
383,80500,26,Outdoor Chess Table,None,Outdoor Chess Table,None,SERENA GUNDY PARK - Outdoor Chess Table (  1)
384,80501,26,Outdoor Chess Table,None,Outdoor Chess Table,None,SERENA GUNDY PARK - Outdoor Chess Table (  2)
385,10454,27,Indoor Pool,pool,Indoor Pool Tank - C,C,BEDFORD PARK COMMUNITY CENTRE - Indoor Pool Tank
386,29773,27,Kitchen,room,Kitchen,None,BEDFORD PARK COMMUNITY CENTRE - Kitchen
387,30028,27,Dressing Room,None,Change Room,None,BEDFORD PARK COMMUNITY CENTRE - Dressing Room - Male
388,30029,27,Dressing Room,None,Change Room,None,BEDFORD PARK COMMUNITY CENTRE - Dressing Room - Female
389,41269,27,Gymnasium,gym,Gymnasium - B,B,BEDFORD PARK COMMUNITY CENTRE - Gymnasium
390,1981,28,Washroom Facility,None,Washroom Building,None,SUNNYBROOK YARD
391,2842,28,Dogs Off-Leash Area,None,Off Leash Area,None,SUNNYBROOK PARK - Off Leash Area
392,10228,28,Practice Wicket,None,Practice Wicket,None,SUNNYBROOK PARK - Practice Wicket
393,13296,28,Drinking Fountain,None,Drinking Fountain Count,None,SUNNYBROOK PARK - Drinking Water Source (  1)
394,24112,28,Bike Trail,None,Bike Trail,None,WEST DON RIVER TRAIL ( 36)
395,24113,28,Bike Trail,None,Bike Trail,None,WEST DON RIVER TRAIL ( 37)
396,24114,28,Bike Trail,None,Bike Trail,None,WEST DON RIVER TRAIL ( 38)
397,24115,28,Bike Trail,None,Bike Trail,None,WEST DON RIVER TRAIL ( 39)
398,24117,28,Bike Trail,None,Bike Trail,None,WEST DON RIVER TRAIL ( 40)
399,24118,28,Bike Trail,None,Bike Trail,None,WEST DON RIVER TRAIL ( 41)
400,24119,28,Bike Trail,None,Bike Trail,None,WEST DON RIVER TRAIL ( 42)
401,24120,28,Bike Trail,None,Bike Trail,None,WEST DON RIVER TRAIL ( 43)
402,24121,28,Bike Trail,None,Bike Trail,None,WEST DON RIVER TRAIL ( 44)
403,24122,28,Bike Trail,None,Bike Trail,None,WEST DON RIVER TRAIL ( 45)
404,24123,28,Bike Trail,None,Bike Trail,None,WEST DON RIVER TRAIL ( 46)
405,24124,28,Bike Trail,None,Bike Trail,None,WEST DON RIVER TRAIL ( 47)
406,24125,28,Bike Trail,None,Bike Trail,None,WEST DON RIVER TRAIL ( 48)
407,24126,28,Bike Trail,None,Bike Trail,None,WEST DON RIVER TRAIL ( 49)
408,24128,28,Bike Trail,None,Bike Trail,None,WEST DON RIVER TRAIL ( 50)
409,24129,28,Bike Trail,None,Bike Trail,None,WEST DON RIVER TRAIL ( 51)
410,24130,28,Bike Trail,None,Bike Trail,None,WEST DON RIVER TRAIL ( 52)
411,24131,28,Bike Trail,None,Bike Trail,None,WEST DON RIVER TRAIL ( 53)
412,24132,28,Bike Trail,None,Bike Trail,None,WEST DON RIVER TRAIL ( 54)
413,24133,28,Bike Trail,None,Bike Trail,None,WEST DON RIVER TRAIL ( 55)
414,24134,28,Bike Trail,None,Bike Trail,None,WEST DON RIVER TRAIL ( 56)
415,24135,28,Bike Trail,None,Bike Trail,None,WEST DON RIVER TRAIL ( 57)
416,24136,28,Bike Trail,None,Bike Trail,None,WEST DON RIVER TRAIL ( 58)
417,24137,28,Bike Trail,None,Bike Trail,None,WEST DON RIVER TRAIL ( 59)
418,24139,28,Bike Trail,None,Bike Trail,None,WEST DON RIVER TRAIL ( 60)
419,28349,28,Picnic Site,picnic,Picnic Site,None,SUNNYBROOK PARK - Picnic Site (  6)
420,31011,28,Outdoor Fitness Equipment,None,Outdoor Fitness Equipment,None,SUNNYBROOK PARK - Outdoor Fitness Equipment (  1)
421,32467,28,Parking Lot,None,Outdoor Parking Lot,None,SUNNYBROOK PARK - Outdoor Parking Lot (  1)
422,32468,28,Parking Lot,None,Outdoor Parking Lot,None,SUNNYBROOK PARK - Outdoor Parking Lot (  2)
423,32469,28,Parking Lot,None,Outdoor Parking Lot,None,SUNNYBROOK PARK - Outdoor Parking Lot (  3)
424,32470,28,Parking Lot,None,Outdoor Parking Lot,None,SUNNYBROOK PARK - Outdoor Parking Lot (  4)
425,32471,28,Parking Lot,None,Outdoor Parking Lot,None,SUNNYBROOK PARK - Outdoor Parking Lot (  5)
426,32472,28,Parking Lot,None,Outdoor Parking Lot,None,SUNNYBROOK PARK - Outdoor Parking Lot (  6)
427,32474,28,Parking Lot,None,Outdoor Parking Lot,None,SUNNYBROOK PARK - Outdoor Parking Lot (  7)
428,32475,28,Parking Lot,None,Outdoor Parking Lot,None,SUNNYBROOK PARK - Outdoor Parking Lot (  8)
429,36651,28,Cricket Pitch Field,sport,Cricket Pitch Field - Premier,P,SUNNYBROOK PARK - Cricket Pitch Field (  1)
430,36652,28,Cricket Pitch Field,sport,Cricket Pitch Field - Premier,P,SUNNYBROOK PARK - Cricket Pitch Field (  2)
431,36653,28,Cricket Pitch Field,sport,Cricket Pitch Field - Premier,P,SUNNYBROOK PARK - Cricket Pitch Field (  3)
432,36657,28,Picnic Site,picnic,Picnic Site,None,SUNNYBROOK PARK - Picnic Site (  7)
433,36658,28,Sport Field,sport,Rugby Field - Premier,P,SUNNYBROOK PARK - Rugby Field (  1)
434,36659,28,Sport Field,sport,Rugby Field - Premier,P,SUNNYBROOK PARK - Rugby Field (  2)
435,36661,28,Sport Field,sport,Soccer Field - Premier,P,SUNNYBROOK PARK - Soccer Field (  1)
436,36662,28,Sport Field,sport,Soccer Field - Premier,P,SUNNYBROOK PARK - Soccer Field (  2)
437,36663,28,Sport Field,sport,Soccer Field - Premier,P,SUNNYBROOK PARK - Soccer Field (  3)
438,47122,28,Multipurpose Field,None,Multipurpose Field - Premier,P,SUNNYBROOK PARK - Hockey Field (  1)
439,47123,28,Multipurpose Field,None,Multipurpose Field - Premier,P,SUNNYBROOK PARK - Hockey Field (  2)
440,47124,28,Multipurpose Field,None,Multipurpose Field - Premier,P,SUNNYBROOK PARK - Hockey Field (  3)
441,47125,28,Multipurpose Field,None,Multipurpose Field - Premier,P,SUNNYBROOK PARK - Hockey Field (  4)
442,49535,28,Parking Lot,None,Outdoor Parking Lot,None,SUNNYBROOK PARK - Outdoor Parking Lot (  9)
443,57398,28,Pond,None,Open Water,None,SUNNYBROOK PARK - Open Water
444,80185,28,Dog Fountain,None,Dog Fountain Count,None,SUNNYBROOK PARK - Drinking Water Source (  2)
445,101363,28,Outdoor Chess Table,None,Outdoor Chess Table,None,SUNNYBROOK PARK - Outdoor Chess Table (  1)
446,101364,28,Outdoor Chess Table,None,Outdoor Chess Table,None,SUNNYBROOK PARK - Outdoor Chess Table (  2)
447,101365,28,Outdoor Chess Table,None,Outdoor Chess Table,None,SUNNYBROOK PARK - Outdoor Chess Table (  3)
448,101366,28,Outdoor Chess Table,None,Outdoor Chess Table,None,SUNNYBROOK PARK - Outdoor Chess Table (  4)
449,132490,28,Outdoor Fitness Equipment,None,Outdoor Fitness Equipment,None,SUNNYBROOK PARK - Outdoor Fitness Equipment (  2)
450,132491,28,Outdoor Fitness Equipment,None,Outdoor Fitness Equipment,None,SUNNYBROOK PARK - Outdoor Fitness Equipment (  3)
451,132492,28,Outdoor Fitness Equipment,None,Outdoor Fitness Equipment,None,SUNNYBROOK PARK - Outdoor Fitness Equipment (  4)
452,132493,28,Outdoor Fitness Equipment,None,Outdoor Fitness Equipment,None,SUNNYBROOK PARK - Outdoor Fitness Equipment (  5)
453,132526,28,Outdoor Fitness Equipment,None,Outdoor Fitness Equipment,None,SUNNYBROOK PARK - Outdoor Fitness Equipment (  6)
454,132527,28,Outdoor Fitness Equipment,None,Outdoor Fitness Equipment,None,SUNNYBROOK PARK - Outdoor Fitness Equipment (  7)
455,132528,28,Outdoor Fitness Equipment,None,Outdoor Fitness Equipment,None,SUNNYBROOK PARK - Outdoor Fitness Equipment (  8)
456,132529,28,Outdoor Fitness Equipment,None,Outdoor Fitness Equipment,None,SUNNYBROOK PARK - Outdoor Fitness Equipment (  9)
457,132530,28,Outdoor Fitness Equipment,None,Outdoor Fitness Equipment,None,SUNNYBROOK PARK - Outdoor Fitness Equipment ( 10)
458,132531,28,Outdoor Fitness Equipment,None,Outdoor Fitness Equipment,None,SUNNYBROOK PARK - Outdoor Fitness Equipment ( 11)
459,132532,28,Outdoor Fitness Equipment,None,Outdoor Fitness Equipment,None,SUNNYBROOK PARK - Outdoor Fitness Equipment ( 12)
460,850026,28,Parking Lot,None,Outdoor Parking Lot,None,SUNNYBROOK PARK - Outdoor Parking Lot ( 10)
461,850027,28,Parking Lot,None,Outdoor Parking Lot,None,SUNNYBROOK PARK - Outdoor Parking Lot ( 11)
462,850029,28,Parking Lot,None,Outdoor Parking Lot,None,SUNNYBROOK PARK - Outdoor Parking Lot ( 12)
463,5006,29,Firepit,None,Firepit,None,TAYLOR CREEK PARK - Picnic Site (  4) - Firepit
464,5007,29,Firepit,None,Firepit,None,TAYLOR CREEK PARK - Firepit (  1)
465,5008,29,Firepit,None,Firepit,None,TAYLOR CREEK PARK - Firepit (  2)
466,5009,29,Picnic Site,picnic,Picnic Site,None,TAYLOR CREEK PARK - Picnic Site (  5)
467,5010,29,Picnic Site,picnic,Picnic Site,None,TAYLOR CREEK PARK - Picnic Site (  4)
468,23932,29,Bike Trail,None,Bike Trail,None,TAYLOR CREEK TRAIL ( 16)
469,23933,29,Bike Trail,None,Bike Trail,None,TAYLOR CREEK TRAIL ( 17)
470,23934,29,Bike Trail,None,Bike Trail,None,TAYLOR CREEK TRAIL ( 18)
471,23935,29,Bike Trail,None,Bike Trail,None,TAYLOR CREEK TRAIL ( 19)
472,23937,29,Bike Trail,None,Bike Trail,None,TAYLOR CREEK TRAIL ( 20)
473,23938,29,Bike Trail,None,Bike Trail,None,TAYLOR CREEK TRAIL ( 21)
474,23939,29,Bike Trail,None,Bike Trail,None,TAYLOR CREEK TRAIL ( 22)
475,23940,29,Bike Trail,None,Bike Trail,None,TAYLOR CREEK TRAIL ( 23)
476,23941,29,Bike Trail,None,Bike Trail,None,TAYLOR CREEK TRAIL ( 24)
477,23942,29,Bike Trail,None,Bike Trail,None,TAYLOR CREEK TRAIL ( 25)
478,23943,29,Bike Trail,None,Bike Trail,None,TAYLOR CREEK TRAIL ( 26)
479,23944,29,Bike Trail,None,Bike Trail,None,TAYLOR CREEK TRAIL ( 27)
480,23945,29,Bike Trail,None,Bike Trail,None,TAYLOR CREEK TRAIL ( 28)
481,23946,29,Bike Trail,None,Bike Trail,None,TAYLOR CREEK TRAIL ( 29)
482,23948,29,Bike Trail,None,Bike Trail,None,TAYLOR CREEK TRAIL ( 30)
483,23949,29,Bike Trail,None,Bike Trail,None,TAYLOR CREEK TRAIL ( 31)
484,23950,29,Bike Trail,None,Bike Trail,None,TAYLOR CREEK TRAIL ( 32)
485,23951,29,Bike Trail,None,Bike Trail,None,TAYLOR CREEK TRAIL ( 33)
486,23952,29,Bike Trail,None,Bike Trail,None,TAYLOR CREEK TRAIL ( 34)
487,23953,29,Bike Trail,None,Bike Trail,None,TAYLOR CREEK TRAIL ( 35)
488,23954,29,Bike Trail,None,Bike Trail,None,TAYLOR CREEK TRAIL ( 36)
489,23955,29,Bike Trail,None,Bike Trail,None,TAYLOR CREEK TRAIL ( 37)
490,23956,29,Bike Trail,None,Bike Trail,None,TAYLOR CREEK TRAIL ( 38)
491,23957,29,Bike Trail,None,Bike Trail,None,TAYLOR CREEK TRAIL ( 39)
492,23959,29,Bike Trail,None,Bike Trail,None,TAYLOR CREEK TRAIL ( 40)
493,23960,29,Bike Trail,None,Bike Trail,None,TAYLOR CREEK TRAIL ( 41)
494,23961,29,Bike Trail,None,Bike Trail,None,TAYLOR CREEK TRAIL ( 42)
495,23962,29,Bike Trail,None,Bike Trail,None,TAYLOR CREEK TRAIL ( 43)
496,23963,29,Bike Trail,None,Bike Trail,None,TAYLOR CREEK TRAIL ( 44)
497,23964,29,Bike Trail,None,Bike Trail,None,TAYLOR CREEK TRAIL ( 45)
498,23965,29,Bike Trail,None,Bike Trail,None,TAYLOR CREEK TRAIL ( 46)
499,23966,29,Bike Trail,None,Bike Trail,None,TAYLOR CREEK TRAIL ( 47)
500,23967,29,Bike Trail,None,Bike Trail,None,TAYLOR CREEK TRAIL ( 48)
501,23970,29,Bike Trail,None,Bike Trail,None,TAYLOR CREEK TRAIL ( 50)
502,23971,29,Bike Trail,None,Bike Trail,None,TAYLOR CREEK TRAIL ( 51)
503,23972,29,Bike Trail,None,Bike Trail,None,TAYLOR CREEK TRAIL ( 52)
504,23973,29,Bike Trail,None,Bike Trail,None,TAYLOR CREEK TRAIL ( 53)
505,23974,29,Bike Trail,None,Bike Trail,None,TAYLOR CREEK TRAIL ( 54)
506,23975,29,Bike Trail,None,Bike Trail,None,TAYLOR CREEK TRAIL ( 55)
507,23977,29,Bike Trail,None,Bike Trail,None,TAYLOR CREEK TRAIL ( 57)
508,23979,29,Bike Trail,None,Bike Trail,None,TAYLOR CREEK TRAIL ( 59)
509,23981,29,Bike Trail,None,Bike Trail,None,TAYLOR CREEK TRAIL ( 60)
510,23982,29,Bike Trail,None,Bike Trail,None,TAYLOR CREEK TRAIL ( 61)
511,23983,29,Bike Trail,None,Bike Trail,None,TAYLOR CREEK TRAIL ( 62)
512,23984,29,Bike Trail,None,Bike Trail,None,TAYLOR CREEK TRAIL ( 63)
513,23985,29,Bike Trail,None,Bike Trail,None,TAYLOR CREEK TRAIL ( 64)
514,23986,29,Bike Trail,None,Bike Trail,None,TAYLOR CREEK TRAIL ( 65)
515,23987,29,Bike Trail,None,Bike Trail,None,TAYLOR CREEK TRAIL ( 66)
516,23988,29,Bike Trail,None,Bike Trail,None,TAYLOR CREEK TRAIL ( 67)
517,23989,29,Bike Trail,None,Bike Trail,None,TAYLOR CREEK TRAIL ( 68)
518,23990,29,Bike Trail,None,Bike Trail,None,TAYLOR CREEK TRAIL ( 69)
519,23992,29,Bike Trail,None,Bike Trail,None,TAYLOR CREEK TRAIL ( 70)
520,23993,29,Bike Trail,None,Bike Trail,None,TAYLOR CREEK TRAIL ( 71)
521,23994,29,Bike Trail,None,Bike Trail,None,TAYLOR CREEK TRAIL ( 72)
522,23995,29,Bike Trail,None,Bike Trail,None,TAYLOR CREEK TRAIL ( 73)
523,23996,29,Bike Trail,None,Bike Trail,None,TAYLOR CREEK TRAIL ( 74)
524,23997,29,Bike Trail,None,Bike Trail,None,TAYLOR CREEK TRAIL ( 75)
525,29209,29,Firepit,None,Firepit,None,TAYLOR CREEK PARK - Firepit (  3)
526,29656,29,Washroom Facility,None,Washroom Building,None,TAYLOR CREEK PARK - Washroom Building (  1)
527,32480,29,Parking Lot,None,Outdoor Parking Lot,None,TAYLOR CREEK PARK - Outdoor Parking Lot (  2)
528,32481,29,Parking Lot,None,Outdoor Parking Lot,None,TAYLOR CREEK PARK - Outdoor Parking Lot (  3)
529,32482,29,Parking Lot,None,Outdoor Parking Lot,None,TAYLOR CREEK PARK - Outdoor Parking Lot (  4)
530,49596,29,Picnic Site,picnic,Picnic Site,None,TAYLOR CREEK PARK - Picnic Site (  3)
531,49597,29,Picnic Site,picnic,Picnic Site,None,TAYLOR CREEK PARK - Picnic Site (  2)
532,80205,29,Dog Fountain,None,Dog Fountain Count,None,TAYLOR CREEK PARK - Drinking Water Source
533,80205,29,Drinking Fountain,None,Drinking Fountain Count,None,TAYLOR CREEK PARK - Drinking Water Source
534,29781,30,Kitchen,room,Kitchen - B,B,BOB ABATE COMMUNITY RECREATION CENTRE - Kitchen
535,41278,30,Gymnasium,gym,Gymnasium - C,C,BOB ABATE COMMUNITY RECREATION CENTRE - Gymnasium
536,48144,30,Craft Room,room,Room-Craft - C,C,BOB ABATE COMMUNITY RECREATION CENTRE - Craft Room
537,48145,30,Fitness/Dance Studio,None,Room - C,C,BOB ABATE COMMUNITY RECREATION CENTRE - Fitness/Dance Studio
538,48147,30,Multipurpose Room,room,Room - C,C,BOB ABATE COMMUNITY RECREATION CENTRE - Multipurpose Room
539,48148,30,Preschool,room,Preschool - C,C,BOB ABATE COMMUNITY RECREATION CENTRE - Preschool
540,2785,31,Community Garden,None,Community Garden,None,ALEXANDRA PARK DIVERSITY GARDEN
541,4885,31,Outdoor Pool,pool,Outdoor Pool Tank,None,ALEXANDRA PARK - Outdoor Pool Tank
542,4887,31,Skateboard Area,None,Skateboard Area,None,ALEXANDRA PARK - Skateboard Area
543,5984,31,Washroom Facility,None,Washroom Building,None,ALEXANDRA PARK OUTDOOR POOL BUILDING
544,14263,31,Outdoor Rink,ice,Outdoor Ice Pad,None,HARRY GAIREY - ALEXANDRA PARK - Outdoor Ice Pad (  2)
545,27942,31,Picnic Site,picnic,Picnic Site,None,ALEXANDRA PARK - Picnic Site (  1)
546,33950,31,Playground,None,Playground Site,None,ALEXANDRA PARK - Playground
547,36308,31,Outdoor Oven,None,Outdoor Oven,None,ALEXANDRA PARK - Bake Oven
548,43573,31,Outdoor Dry Pad,ice,Outdoor Dry Pad - A,A,HARRY GAIREY - ALEXANDRA PARK - Outdoor Ice Pad (  1)
549,43573,31,Outdoor Rink,ice,Outdoor Ice Pad - A,A,HARRY GAIREY - ALEXANDRA PARK - Outdoor Ice Pad (  1)
550,49578,31,Picnic Site,picnic,Picnic Site,None,ALEXANDRA PARK - Picnic Site (  2)
551,49579,31,Picnic Site,picnic,Picnic Site,None,ALEXANDRA PARK - Picnic Site (  3)
552,49580,31,Picnic Site,picnic,Picnic Site,None,ALEXANDRA PARK - Picnic Site (  4)
553,49581,31,Picnic Site,picnic,Picnic Site,None,ALEXANDRA PARK - Picnic Site (  5)
554,70602,31,Splash Pad,None,Splash/Spray Pad,None,ALEXANDRA PARK - Splash/Spray Pad
555,70962,31,Bottle Filling Station,None,Water Bottle Filling Count,None,ALEXANDRA PARK - Drinking Water Source
556,77407,31,Gazebo,None,Gazebo,None,ALEXANDRA PARK - Shade Structure
557,971154,31,Outdoor Basketball Court,None,Basketball Court,None,ALEXANDRA PARK - Basketball Court
558,984933,31,Multipurpose Room,room,Room,None,ALEXANDRA PARK OUTDOOR POOL BUILDING - Multipurpose Room
559,988521,31,Pickleball Court,None,None,None,ALEXANDRA PARK - Sportspad Area
560,988521,31,Sports Pad Area,None,Sportspad Area,None,ALEXANDRA PARK - Sportspad Area
561,33860,32,Playground,None,Playground Site,None,STANLEY G. GRIZZLE PARK - Playground
562,41280,33,Gymnasium,gym,Gymnasium - C,C,BROWN JUNIOR PUBLIC SCHOOL AND CITY COMMUNITY CENTRE - Gymnasium
563,47937,33,Meeting Room,None,None,None,BROWN COMMUNITY CENTRE - Meeting Room
564,33798,34,Playground,None,Playground Site,None,MALTA PARK - Playground
565,49743,34,Outdoor Table Tennis,None,Outdoor Table Tennis,None,MALTA PARK - Outdoor Table Tennis
566,74062,34,Outdoor Chess Table,None,Outdoor Chess Table,None,MALTA PARK - Outdoor Chess Table
567,2569,35,Dog Fountain,None,Dog Fountain Count,None,SUSAN TIBALDI PARKETTE - Drinking Water Source
568,2569,35,Drinking Fountain,None,Drinking Fountain Count,None,SUSAN TIBALDI PARKETTE - Drinking Water Source
569,33871,35,Playground,None,Playground Site,None,SUSAN TIBALDI PARKETTE - Playground
570,10473,36,Indoor Pool,pool,Indoor Pool Tank - B,B,EARL BEATTY COMMUNITY CENTRE - Indoor Pool Tank
571,29809,36,Kitchen,room,Kitchen,None,EARL BEATTY COMMUNITY CENTRE - Kitchen
572,30178,36,Dressing Room,None,Change Room,None,EARL BEATTY COMMUNITY CENTRE - Dressing Room - Female
573,41310,36,Gymnasium,gym,Gymnasium,None,EARL BEATTY COMMUNITY CENTRE - Gymnasium
574,2145,37,Drinking Fountain,None,Drinking Fountain Count,None,MARIA STREET PARKETTE - Drinking Water Source
575,33806,37,Playground,None,Playground Site,None,MARIA STREET PARKETTE - Playground
576,2144,38,Drinking Fountain,None,Drinking Fountain Count,None,MARIAN ENGEL PARK - Drinking Water Source
577,4078,38,Wading Pool,None,Wading Pool,None,MARIAN ENGEL PARK - Wading Pool
578,29569,38,Fieldhouse,None,Fieldhouse,None,MARIAN ENGEL PARK - Fieldhouse
579,33807,38,Playground,None,Playground Site,None,MARIAN ENGEL PARK - Playground
580,10479,39,Indoor Pool,pool,Indoor Pool Tank - C,C,FRANKLAND COMMUNITY CENTRE - Indoor Pool Tank
581,29830,39,Kitchen,room,Kitchen,None,FRANKLAND COMMUNITY CENTRE - Kitchen
582,41333,39,Gymnasium,gym,Gymnasium - B,B,FRANKLAND COMMUNITY CENTRE - Gymnasium
583,47987,39,Multipurpose Room,room,Room - B,B,FRANKLAND COMMUNITY CENTRE - Multipurpose Room (  1)
584,47988,39,Multipurpose Room,room,Room - C,C,FRANKLAND COMMUNITY CENTRE - Multipurpose Room (  2)
585,47989,39,Multipurpose Room,room,Room - C,C,FRANKLAND COMMUNITY CENTRE - Multipurpose Room (  3)
586,1611,41,Conservatory,None,Conservatory,None,ALLAN GARDENS CONSERVATORY
587,2501,41,Drinking Fountain,None,Drinking Fountain Count,None,ALLAN GARDENS - Drinking Water Source (  1)
588,2838,41,Dogs Off-Leash Area,None,Off Leash Area,None,ALLAN GARDENS - Off Leash Area
589,13390,41,Greenhouse,None,Greenhouse,None,ALLAN GARDENS GREENHOUSES
590,32205,41,Parking Lot,None,Outdoor Parking Lot,None,ALLAN GARDENS - Outdoor Parking Lot
591,45862,41,Playground,None,Playground Site,None,ALLAN GARDENS - Playground
592,77854,41,Dog Fountain,None,Dog Fountain Count,None,ALLAN GARDENS - Drinking Water Source (  2)
593,138471,41,Bottle Filling Station,None,Water Bottle Filling Count,None,ALLAN GARDENS - Drinking Water Source ( 3)
594,4000,42,Pickleball Court,None,None,None,ANTIBES COMMUNITY CENTRE - Outdoor Tennis Court
595,4000,42,Outdoor Tennis Court,None,Outdoor Tennis Court,None,ANTIBES COMMUNITY CENTRE - Outdoor Tennis Court
596,10452,42,Indoor Pool,pool,Indoor Pool Tank - B,B,ANTIBES COMMUNITY CENTRE - Indoor Pool Tank
597,17582,42,Outdoor Basketball Court,None,Basketball Court,None,ANTIBES COMMUNITY CENTRE - Basketball Court
598,29768,42,Kitchen,room,Kitchen - B,B,ANTIBES COMMUNITY CENTRE - Kitchen
599,32573,42,Parking Lot,None,Outdoor Parking Lot,None,ANTIBES COMMUNITY CENTRE - Building Grounds - Outdoor Parking Lot
600,34538,42,Playground,None,Playground Site,None,ANTIBES COMMUNITY CENTRE - Playground
601,40824,42,Weight/Cardio Room,None,Room-Fitness/Weight,None,ANTIBES COMMUNITY CENTRE - Weight/Cardio Room
602,41262,42,Gymnasium,gym,Gymnasium - B,B,ANTIBES COMMUNITY CENTRE - Gymnasium
603,47926,42,Lounge,room,Room - C,C,ANTIBES COMMUNITY CENTRE - Lounge
604,47927,42,Enhanced Youth Space,None,Room - C,C,ANTIBES COMMUNITY CENTRE - Enhanced Youth Space
605,48109,42,Multipurpose Room,room,Room,None,ANTIBES COMMUNITY CENTRE - Multipurpose Room (  2)
606,48110,42,Fitness/Dance Studio,None,Room - B,B,ANTIBES COMMUNITY CENTRE - Fitness/Dance Studio (  2)
607,48111,42,Multipurpose Room,room,Room - C,C,ANTIBES COMMUNITY CENTRE - Multipurpose Room
608,48112,42,Preschool,room,Preschool - C,C,ANTIBES COMMUNITY CENTRE - Preschool (  1)
609,48113,42,Preschool,room,Preschool,None,ANTIBES COMMUNITY CENTRE - Preschool (  2)
610,49327,42,Outdoor Table Tennis,None,Outdoor Table Tennis,None,ANTIBES COMMUNITY CENTRE - Building Grounds - Outdoor Table Tennis
611,79747,42,Ball Hockey Pad,None,Ball Hockey Pad,None,ANTIBES COMMUNITY CENTRE - Ball Hockey
612,849436,42,Recording Studio,None,Room,None,ANTIBES COMMUNITY CENTRE - Recording Studio
613,17745,44,Multipurpose Field,None,Multipurpose Field - C,C,DUNCAN MILL GREENBELT - Multipurpose Field
614,10483,45,Indoor Pool,pool,Indoor Pool Tank - C,C,HARRISON POOL - Indoor Pool Tank
615,30278,45,Dressing Room,None,Change Room,None,HARRISON POOL - Dressing Room - Female
616,30279,45,Dressing Room,None,Change Room,None,HARRISON POOL - Dressing Room - Male
617,5389,46,Wading Pool,None,Wading Pool,None,GEARY AVENUE PLAYGROUND - Wading Pool
618,34384,46,Playground,None,Playground Site,None,GEARY AVENUE PARKETTE - Playground
619,102179,46,Drinking Fountain,None,Drinking Fountain Count,None,GEARY AVENUE PARKETTE - Drinking Water Source (  1)
620,102180,46,Drinking Fountain,None,Drinking Fountain Count,None,GEARY AVENUE PARKETTE - Drinking Water Source (  2)
621,10484,48,Indoor Pool,pool,Indoor Pool Tank - C,C,HILLCREST COMMUNITY CENTRE - Indoor Pool Tank
622,29843,48,Kitchen,room,Kitchen - B,B,HILLCREST COMMUNITY CENTRE - Kitchen
623,41353,48,Gymnasium,gym,Gymnasium - B,B,HILLCREST COMMUNITY CENTRE - Gymnasium
624,48292,48,Multipurpose Room,room,Room - C,C,HILLCREST COMMUNITY CENTRE - Multipurpose Room (  1)
625,48293,48,Multipurpose Room,room,Room - C,C,HILLCREST COMMUNITY CENTRE - Multipurpose Room (  2)
626,2135,49,Drinking Fountain,None,Drinking Fountain Count,None,MASARYK PARK - Drinking Water Source
627,2747,49,Community Garden,None,Community Garden,None,HOPE GARDEN
628,4068,49,Wading Pool,None,Wading Pool,None,MASARYK PARK - Wading Pool
629,33811,49,Playground,None,Playground Site,None,MASARYK PARK - Playground
630,77976,49,Outdoor Table Tennis,None,Outdoor Table Tennis,None,MASARYK PARK - Outdoor Table Tennis
631,41362,52,Gymnasium,gym,Gymnasium - B,B,HOLY FAMILY COMMUNITY SCHOOL - Gymnasium
632,48297,52,Multipurpose Room,room,Room - C,C,HOLY FAMILY COMMUNITY CENTRE - Multipurpose Room
633,34442,56,Playground,None,Playground Site,None,GLEN EDYTH DRIVE PARKETTE - Playground
634,2494,57,Drinking Fountain,None,Drinking Fountain Count,None,ANNIVERSARY PARK - Drinking Water Source
635,1817,58,Washroom Facility,None,Washroom Building,None,JIMMIE SIMPSON RECREATION CENTRE
636,10486,58,Indoor Pool,pool,Indoor Pool Tank - B,B,JIMMIE SIMPSON RECREATION CENTRE - Indoor Pool Tank (  1)
637,29856,58,Kitchen,room,Kitchen,None,JIMMIE SIMPSON RECREATION CENTRE - Kitchen
638,30342,58,Dressing Room,None,Change Room,None,JIMMIE SIMPSON RECREATION CENTRE - Dressing Room - Female (  2)
639,30343,58,Dressing Room,None,Change Room,None,JIMMIE SIMPSON RECREATION CENTRE - Dressing Room - Female (  1)
640,30344,58,Dressing Room,None,Change Room,None,JIMMIE SIMPSON RECREATION CENTRE - Dressing Room - Male
641,41376,58,Gymnasium,gym,Gymnasium - B,B,JIMMIE SIMPSON RECREATION CENTRE - Gymnasium
642,48005,58,Enhanced Youth Space,None,Room - C,C,JIMMIE SIMPSON RECREATION CENTRE - Enhanced Youth Space
643,48006,58,Multipurpose Room,room,Room - B,B,JIMMIE SIMPSON RECREATION CENTRE - Multipurpose Room (  2)
644,48320,58,Games Room,room,Games Room - C,C,JIMMIE SIMPSON RECREATION CENTRE - Games Room
645,49012,58,Indoor Pool,pool,Indoor Pool Tank - C,C,JIMMIE SIMPSON RECREATION CENTRE - Indoor Pool Tank (  2)
646,57504,58,Skateboard Area,None,Skateboard Area,None,JIMMIE SIMPSON RECREATION CENTRE - Indoor Skateboard Area
647,849439,58,Recording Studio,None,Room,None,JIMMIE SIMPSON RECREATION CENTRE - Recording Studio
648,28304,59,Picnic Site,picnic,Picnic Site,None,GLEN STEWART PARK - Picnic Site
649,2905,60,Outdoor Basketball Court,None,Basketball Court,None,MCCORMICK PARK - Basketball Court
650,4056,60,Wading Pool,None,Wading Pool,None,MCCORMICK PARK - Wading Pool
651,17854,60,Ball Diamond,sport,Baseball Diamond Field - C,C,MCCORMICK PARK - Ball Diamond Field
652,32395,60,Parking Lot,None,Outdoor Parking Lot,None,MCCORMICK PARK - Outdoor Parking Lot
653,33818,60,Playground,None,Playground Site,None,MCCORMICK PARK - Playground S
654,45223,60,Outdoor Bocce Court,None,Outdoor Bocce Court,None,MCCORMICK PARK - Outdoor Bocce Court
655,80682,60,Playground,None,Playground Site,None,MCCORMICK PARK - Playground N
656,102022,60,Bottle Filling Station,None,Water Bottle Filling Count,None,MCCORMICK PARK - Drinking Water Source
657,2129,62,Drinking Fountain,None,Drinking Fountain Count,None,MCGILL PARKETTE - Drinking Water Source
658,10488,63,Indoor Pool,pool,Indoor Pool Tank - C,C,JOHN INNES COMMUNITY RECREATION CENTRE - Indoor Pool Tank
659,29857,63,Kitchen,room,Kitchen - B,B,JOHN INNES COMMUNITY RECREATION CENTRE - Kitchen
660,40849,63,Weight/Cardio Room,None,Room-Fitness/Weight,None,JOHN INNES COMMUNITY RECREATION CENTRE - Weight Room
661,41382,63,Gymnasium,gym,Gymnasium - B,B,JOHN INNES COMMUNITY RECREATION CENTRE - Gymnasium
662,48009,63,Craft Room,room,Room-Craft - C,C,JOHN INNES COMMUNITY RECREATION CENTRE - Craft Room
663,48010,63,Games Room,room,Games Room - C,C,JOHN INNES COMMUNITY RECREATION CENTRE - Games Room
664,48011,63,Lounge,room,Room - C,C,JOHN INNES COMMUNITY RECREATION CENTRE - Lounge
665,48012,63,Preschool,room,Preschool - C,C,JOHN INNES COMMUNITY RECREATION CENTRE - Preschool
666,48322,63,Fitness/Dance Studio,None,Room - A,A,JOHN INNES COMMUNITY RECREATION CENTRE - Fitness/Dance Studio
667,48323,63,Multipurpose Room,room,Room - C,C,JOHN INNES COMMUNITY RECREATION CENTRE - Multipurpose Room
668,78860,63,Indoor Track,None,Indoor Track,None,JOHN INNES COMMUNITY RECREATION CENTRE - Indoor Track
669,34214,65,Playground,None,Playground Site,None,NEIL MCLELLAN PARK - Playground
670,2214,67,Drinking Fountain,None,Drinking Fountain Count,None,JONATHAN ASHBRIDGE PARK - Drinking Water Source (  1)
671,3065,67,Pickleball Court,None,None,None,JONATHAN ASHBRIDGE PARK - Tennis Court Area
672,3065,67,Pickleball Court,None,None,None,JONATHAN ASHBRIDGE PARK - Tennis Court Area
673,3066,67,Outdoor Tennis Court,None,Outdoor Tennis Court,None,JONATHAN ASHBRIDGE PARK - Outdoor Tennis Court (  1)
674,3067,67,Outdoor Tennis Court,None,Outdoor Tennis Court,None,JONATHAN ASHBRIDGE PARK - Outdoor Tennis Court (  2)
675,4230,67,Wading Pool,None,Wading Pool,None,JONATHAN ASHBRIDGE PARK - Wading Pool
676,18684,67,Drinking Fountain,None,Drinking Fountain Count,None,JONATHAN ASHBRIDGE PARK - Drinking Water Source (  2)
677,32922,67,Fieldhouse,None,Fieldhouse,None,JONATHAN ASHBRIDGE PARK FIELDHOUSE AND WASHROOM
678,32922,67,Washroom Facility,None,Washroom Building,None,JONATHAN ASHBRIDGE PARK FIELDHOUSE AND WASHROOM
679,34026,67,Playground,None,Playground Site,None,JONATHAN ASHBRIDGE PARK - Playground
680,41107,67,Bottle Filling Station,None,Water Bottle Filling Count,None,JONATHAN ASHBRIDGE PARK - Drinking Water Source (  3)
681,78396,67,Fieldhouse,None,Fieldhouse,None,JONATHAN ASHBRIDGE PARK - Fieldhouse
682,2293,68,Drinking Fountain,None,Drinking Fountain Count,None,GRACE - COLLEGE PARKETTE - Drinking Water Source
683,2794,69,Allotment Garden,None,Allotment Garden,None,SILVERTHORNE ALLOTMENTS
684,33909,69,Playground,None,Playground Site,None,S.A.D.R.A. PARK - Playground
685,43707,69,Ball Hockey Pad,None,Ball Hockey Pad,None,S.A.D.R.A. PARK - Ball Hockey
686,74403,69,Outdoor Fitness Equipment,None,Outdoor Fitness Equipment,None,S.A.D.R.A. PARK - Outdoor Fitness Equipment Area - Outdoor Fitness Equipment (  1)
687,74404,69,Outdoor Fitness Equipment,None,Outdoor Fitness Equipment,None,S.A.D.R.A. PARK - Outdoor Fitness Equipment Area - Outdoor Fitness Equipment (  2)
688,74405,69,Outdoor Fitness Equipment,None,Outdoor Fitness Equipment,None,S.A.D.R.A. PARK - Outdoor Fitness Equipment Area - Outdoor Fitness Equipment (  3)
689,74406,69,Outdoor Fitness Equipment,None,Outdoor Fitness Equipment,None,S.A.D.R.A. PARK - Outdoor Fitness Equipment Area - Outdoor Fitness Equipment (  4)
690,74408,69,Outdoor Fitness Equipment,None,Outdoor Fitness Equipment,None,S.A.D.R.A. PARK - Outdoor Fitness Equipment Area - Outdoor Fitness Equipment (  5)
691,74409,69,Outdoor Fitness Equipment,None,Outdoor Fitness Equipment,None,S.A.D.R.A. PARK - Outdoor Fitness Equipment Area - Outdoor Fitness Equipment (  6)
692,74410,69,Outdoor Fitness Equipment,None,Outdoor Fitness Equipment,None,S.A.D.R.A. PARK - Outdoor Fitness Equipment Area - Outdoor Fitness Equipment (  7)
693,988874,69,Bottle Filling Station,None,Water Bottle Filling Count,None,S.A.D.R.A. PARK - Drinking Water Source
694,988874,69,Drinking Fountain,None,Drinking Fountain Count,None,S.A.D.R.A. PARK - Drinking Water Source
695,988880,69,Splash Pad,None,Splash/Spray Pad,None,S.A.D.R.A. PARK - Splash/Spray Pad
696,2288,70,Drinking Fountain,None,Drinking Fountain Count,None,GREENWOOD PARK - Drinking Water Source (  1)
697,2817,70,Dogs Off-Leash Area,None,Off Leash Area,None,GREENWOOD PARK - Off Leash Area
698,4371,70,Outdoor Pool,pool,Outdoor Pool Tank,None,GREENWOOD PARK - Outdoor Pool Tank
699,4374,70,Splash Pad,None,Splash/Spray Pad,None,GREENWOOD PARK - Splash/Spray Pad
700,5675,70,Washroom Facility,None,Washroom Building,None,GREENWOOD PARK OUTDOOR POOL AND RINK
701,14280,70,Pickleball Court,None,None,None,GREENWOOD PARK - Outdoor Artificial Ice Rink
702,14280,70,Pickleball Court,None,None,None,GREENWOOD PARK - Outdoor Artificial Ice Rink
703,14280,70,Pickleball Court,None,None,None,GREENWOOD PARK - Outdoor Artificial Ice Rink
704,14280,70,Pickleball Court,None,None,None,GREENWOOD PARK - Outdoor Artificial Ice Rink
705,14280,70,Outdoor Dry Pad,ice,Outdoor Dry Pad - A,A,GREENWOOD PARK - Outdoor Artificial Ice Rink
706,17782,70,Sport Field,sport,Soccer Field - B,B,GREENWOOD PARK - Soccer Field
707,18044,70,Ball Diamond,sport,Baseball Diamond Field - C,C,GREENWOOD PARK - Ball Diamond Field (  1)
708,18045,70,Ball Diamond,sport,Baseball Diamond Field - C,C,GREENWOOD PARK - Ball Diamond Field (  2)
709,28306,70,Picnic Site,picnic,Picnic Site,None,GREENWOOD PARK - Picnic Site
710,28545,70,Community Garden,None,Community Garden,None,GREENWOOD PARK COMMUNITY GARDEN
711,29421,70,Fieldhouse,None,Fieldhouse,None,GREENWOOD PARK - Fieldhouse
712,29421,70,Washroom Facility,None,Washroom Building,None,GREENWOOD PARK - Fieldhouse
713,34465,70,Playground,None,Playground Site,None,GREENWOOD PARK - Playground
714,43586,70,Outdoor Rink,ice,Outdoor Ice Pad,None,GREENWOOD PARK - Outdoor Ice Pad
715,47998,70,Multipurpose Room,room,Room - C,C,GREENWOOD PARK OUTDOOR POOL AND RINK - Multipurpose Room
716,49831,70,Outdoor Table Tennis,None,Outdoor Table Tennis,None,GREENWOOD PARK - Outdoor Table Tennis
717,58442,70,Firepit,None,Firepit,None,GREENWOOD PARK - Firepit
718,59882,70,Skate Trail,None,Skate Trail,None,GREENWOOD PARK - Skate Trail
719,76804,70,Outdoor Fitness Equipment,None,Outdoor Fitness Equipment,None,GREENWOOD PARK - Outdoor Fitness Equipment Area - Outdoor Fitness Equipment (  1)
720,76805,70,Outdoor Fitness Equipment,None,Outdoor Fitness Equipment,None,GREENWOOD PARK - Outdoor Fitness Equipment Area - Outdoor Fitness Equipment (  2)
721,76806,70,Outdoor Fitness Equipment,None,Outdoor Fitness Equipment,None,GREENWOOD PARK - Outdoor Fitness Equipment Area - Outdoor Fitness Equipment (  3)
722,76807,70,Outdoor Fitness Equipment,None,Outdoor Fitness Equipment,None,GREENWOOD PARK - Outdoor Fitness Equipment Area - Outdoor Fitness Equipment (  4)
723,76808,70,Outdoor Fitness Equipment,None,Outdoor Fitness Equipment,None,GREENWOOD PARK - Outdoor Fitness Equipment Area - Outdoor Fitness Equipment (  5)
724,76809,70,Outdoor Fitness Equipment,None,Outdoor Fitness Equipment,None,GREENWOOD PARK - Outdoor Fitness Equipment Area - Outdoor Fitness Equipment (  6)
725,76813,70,Outdoor Chess Table,None,Outdoor Chess Table,None,GREENWOOD PARK - Outdoor Chess Table
726,78240,70,Dog Fountain,None,Dog Fountain Count,None,GREENWOOD PARK - Drinking Water Source (  2)
727,132642,70,Dog Fountain,None,Dog Fountain Count,None,GREENWOOD PARK - Drinking Water Source (  4)
728,2620,71,Drinking Fountain,None,Drinking Fountain Count,None,SIR CASIMIR GZOWSKI PARK - Drinking Water Source (  1)
729,2621,71,Drinking Fountain,None,Drinking Fountain Count,None,SIR CASIMIR GZOWSKI PARK - Drinking Water Source (  2)
730,5099,71,Wading Pool,None,Wading Pool,None,SIR CASIMIR GZOWSKI PARK - Wading Pool
731,6117,71,Picnic Shelter,picnic,Shelter,None,SIR CASIMIR GZOWSKI PARK - Shade Structure (  1)
732,6118,71,Picnic Shelter,picnic,Shelter,None,SIR CASIMIR GZOWSKI PARK - Shade Structure (  2)
733,22879,71,Bike Trail,None,Bike Trail,None,HUMBER RIVER RECREATIONAL TRAIL (107)
734,22881,71,Bike Trail,None,Bike Trail,None,HUMBER RIVER RECREATIONAL TRAIL (109)
735,22883,71,Bike Trail,None,Bike Trail,None,HUMBER RIVER RECREATIONAL TRAIL (110)
736,22884,71,Bike Trail,None,Bike Trail,None,HUMBER RIVER RECREATIONAL TRAIL (111)
737,22885,71,Bike Trail,None,Bike Trail,None,HUMBER RIVER RECREATIONAL TRAIL (112)
738,22886,71,Bike Trail,None,Bike Trail,None,HUMBER RIVER RECREATIONAL TRAIL (113)
739,23343,71,Bike Trail,None,Bike Trail,None,MARTIN GOODMAN TRAIL ( 53)
740,23345,71,Bike Trail,None,Bike Trail,None,MARTIN GOODMAN TRAIL ( 55)
741,23346,71,Bike Trail,None,Bike Trail,None,MARTIN GOODMAN TRAIL ( 56)
742,23348,71,Bike Trail,None,Bike Trail,None,MARTIN GOODMAN TRAIL ( 58)
743,24964,71,Beach,None,Beach,None,SUNNYSIDE BEACH (  3)
744,24982,71,Dogs Off-Leash Area,None,Off Leash Area,None,SIR CASIMIR GZOWSKI PARK - Off Leash Area
745,28346,71,Picnic Site,picnic,Picnic Site,None,SIR CASIMIR GZOWSKI PARK - Picnic Site (  1)
746,29638,71,Fieldhouse,None,Fieldhouse,None,SIR CASIMIR GZOWSKI PARK - Fieldhouse
747,29638,71,Washroom Facility,None,Washroom Building,None,SIR CASIMIR GZOWSKI PARK - Fieldhouse
748,32455,71,Parking Lot,None,Outdoor Parking Lot,None,SIR CASIMIR GZOWSKI PARK - Outdoor Parking Lot (  1)
749,32456,71,Parking Lot,None,Outdoor Parking Lot,None,SIR CASIMIR GZOWSKI PARK - Outdoor Parking Lot (  2)
750,32457,71,Parking Lot,None,Outdoor Parking Lot,None,SIR CASIMIR GZOWSKI PARK - Outdoor Parking Lot (  3)
751,33833,71,Playground,None,Playground Site,None,SIR CASIMIR GZOWSKI PARK - Playground
752,40882,71,Outdoor Fitness Equipment,None,Outdoor Fitness Equipment,None,SIR CASIMIR GZOWSKI PARK - Outdoor Fitness Equipment Area - Outdoor Fitness Equipment (  1)
753,40902,71,Pond,None,Open Water,None,SIR CASIMIR GZOWSKI PARK - STORMWATER POND
754,41110,71,Bottle Filling Station,None,Water Bottle Filling Count,None,SIR CASIMIR GZOWSKI PARK - Drinking Water Source (  3)
755,41110,71,Bottle Filling Station,None,Water Bottle Filling Count,None,SIR CASIMIR GZOWSKI PARK - Drinking Water Source (  3)
756,47182,71,Outdoor Fitness Equipment,None,Outdoor Fitness Equipment,None,SIR CASIMIR GZOWSKI PARK - Outdoor Fitness Equipment Area - Outdoor Fitness Equipment (  2)
757,47183,71,Outdoor Fitness Equipment,None,Outdoor Fitness Equipment,None,SIR CASIMIR GZOWSKI PARK - Outdoor Fitness Equipment Area - Outdoor Fitness Equipment (  3)
758,47184,71,Outdoor Fitness Equipment,None,Outdoor Fitness Equipment,None,SIR CASIMIR GZOWSKI PARK - Outdoor Fitness Equipment Area - Outdoor Fitness Equipment (  4)
759,47185,71,Outdoor Fitness Equipment,None,Outdoor Fitness Equipment,None,SIR CASIMIR GZOWSKI PARK - Outdoor Fitness Equipment Area - Outdoor Fitness Equipment (  5)
760,47186,71,Outdoor Fitness Equipment,None,Outdoor Fitness Equipment,None,SIR CASIMIR GZOWSKI PARK - Outdoor Fitness Equipment Area - Outdoor Fitness Equipment (  6)
761,47187,71,Outdoor Fitness Equipment,None,Outdoor Fitness Equipment,None,SIR CASIMIR GZOWSKI PARK - Outdoor Fitness Equipment Area - Outdoor Fitness Equipment (  7)
762,47188,71,Outdoor Fitness Equipment,None,Outdoor Fitness Equipment,None,SIR CASIMIR GZOWSKI PARK - Outdoor Fitness Equipment Area - Outdoor Fitness Equipment (  8)
763,48463,71,Multipurpose Room,room,Room - C,C,SIR CASIMIR GZOWSKI PARK - Fieldhouse - Multipurpose Room
764,49646,71,Picnic Site,picnic,Picnic Site,None,SIR CASIMIR GZOWSKI PARK - Picnic Site (  2)
765,102092,71,Bottle Filling Station,None,Water Bottle Filling Count,None,SIR CASIMIR GZOWSKI PARK - Drinking Water Source (  4)
766,102092,71,Drinking Fountain,None,Drinking Fountain Count,None,SIR CASIMIR GZOWSKI PARK - Drinking Water Source (  4)
767,2312,72,Drinking Fountain,None,Drinking Fountain Count,None,FRED HAMILTON PLAYGROUND - Drinking Water Source (  1)
768,2313,72,Drinking Fountain,None,Drinking Fountain Count,None,FRED HAMILTON PLAYGROUND - Drinking Water Source (  2)
769,3232,72,Outdoor Bocce Court,None,Outdoor Bocce Court,None,FRED HAMILTON PLAYGROUND - Outdoor Bocce Court (  1)
770,3233,72,Outdoor Bocce Court,None,Outdoor Bocce Court,None,FRED HAMILTON PLAYGROUND - Outdoor Bocce Court (  2)
771,29415,72,Fieldhouse,None,Fieldhouse,None,FRED HAMILTON PLAYGROUND - Washroom Building
772,29415,72,Washroom Facility,None,Washroom Building,None,FRED HAMILTON PLAYGROUND - Washroom Building
773,30987,72,Outdoor Fitness Equipment,None,Outdoor Fitness Equipment,None,FRED HAMILTON PLAYGROUND - Outdoor Fitness Equipment (  1)
774,30988,72,Outdoor Fitness Equipment,None,Outdoor Fitness Equipment,None,FRED HAMILTON PLAYGROUND - Outdoor Fitness Equipment (  2)
775,30989,72,Outdoor Fitness Equipment,None,Outdoor Fitness Equipment,None,FRED HAMILTON PLAYGROUND - Outdoor Fitness Equipment (  3)
776,30990,72,Outdoor Fitness Equipment,None,Outdoor Fitness Equipment,None,FRED HAMILTON PLAYGROUND - Outdoor Fitness Equipment (  4)
777,30991,72,Outdoor Fitness Equipment,None,Outdoor Fitness Equipment,None,FRED HAMILTON PLAYGROUND - Outdoor Fitness Equipment (  5)
778,34080,72,Playground,None,Playground Site,None,FRED HAMILTON PLAYGROUND - Playground
779,49587,72,Picnic Site,picnic,Picnic Site,None,FRED HAMILTON PLAYGROUND - Picnic Site (  1)
780,49588,72,Picnic Site,picnic,Picnic Site,None,FRED HAMILTON PLAYGROUND - Picnic Site (  2)
781,49589,72,Picnic Site,picnic,Picnic Site,None,FRED HAMILTON PLAYGROUND - Picnic Site (  3)
782,49590,72,Picnic Site,picnic,Picnic Site,None,FRED HAMILTON PLAYGROUND - Picnic Site (  4)
783,76954,72,Outdoor Table Tennis,None,Outdoor Table Tennis,None,FRED HAMILTON PLAYGROUND - Outdoor Table Tennis
784,849722,72,Splash Pad,None,Splash/Spray Pad,None,FRED HAMILTON PLAYGROUND - Splash/Spray Pad
785,4856,73,Wading Pool,None,Wading Pool,None,ART EGGLETON PARK - Wading Pool
786,77476,73,Outdoor Table Tennis,None,Outdoor Table Tennis,None,ART EGGLETON PARK - Outdoor Table Tennis
787,101925,73,Playground,None,Playground Site,None,ART EGGLETON PARK - Playground
788,102160,73,Dog Fountain,None,Dog Fountain Count,None,ART EGGLETON PARK - Drinking Water Source
789,102160,73,Bottle Filling Station,None,Water Bottle Filling Count,None,ART EGGLETON PARK - Drinking Water Source
790,29443,74,Washroom Facility,None,Washroom Building,None,HARBOUR SQUARE PARK LANDS - Fieldhouse
791,29443,74,Fieldhouse,None,Fieldhouse,None,HARBOUR SQUARE PARK LANDS - Fieldhouse
792,2270,75,Drinking Fountain,None,Drinking Fountain Count,None,HIDEAWAY PARK - Drinking Water Source (  1)
793,2816,75,Dogs Off-Leash Area,None,Off Leash Area,None,HIDEAWAY PARK - Off Leash Area
794,3142,75,Ball Hockey Pad,None,Ball Hockey Pad,None,HIDEAWAY PARK - Ball Hockey
795,4330,75,Wading Pool,None,Wading Pool,None,HIDEAWAY PARK - Wading Pool
796,34487,75,Playground,None,Playground Site,None,HIDEAWAY PARK - Playground
797,78876,75,Dog Fountain,None,Dog Fountain Count,None,HIDEAWAY PARK - Drinking Water Source (  2)
798,1785,77,Greenhouse,None,Greenhouse,None,HIGH PARK - OFFICE AND GREENHOUSES
799,1786,77,Fieldhouse,None,Fieldhouse,None,HIGH PARK PLAYGROUND FIELDHOUSE
800,2250,77,Drinking Fountain,None,Drinking Fountain Count,None,HIGH PARK - Drinking Water Source (  1)
801,2251,77,Drinking Fountain,None,Drinking Fountain Count,None,HIGH PARK - Drinking Water Source (  2)
802,2252,77,Drinking Fountain,None,Drinking Fountain Count,None,HIGH PARK - Drinking Water Source (  3)
803,2252,77,Drinking Fountain,None,Drinking Fountain Count,None,HIGH PARK - Drinking Water Source (  3)
804,2252,77,Drinking Fountain,None,Drinking Fountain Count,None,HIGH PARK - Drinking Water Source (  3)
805,2252,77,Drinking Fountain,None,Drinking Fountain Count,None,HIGH PARK - Drinking Water Source (  3)
806,2253,77,Drinking Fountain,None,Drinking Fountain Count,None,HIGH PARK - Drinking Water Source (  4)
807,2254,77,Dog Fountain,None,Dog Fountain Count,None,HIGH PARK - Drinking Water Source (  5)
808,2255,77,Drinking Fountain,None,Drinking Fountain Count,None,HIGH PARK - Drinking Water Source (  6)
809,2256,77,Drinking Fountain,None,Drinking Fountain Count,None,HIGH PARK - Drinking Water Source (  7)
810,2257,77,Drinking Fountain,None,Drinking Fountain Count,None,HIGH PARK - Drinking Water Source (  8)
811,2267,77,Drinking Fountain,None,Drinking Fountain Count,None,HIGH PARK - Drinking Water Source ( 10)
812,2815,77,Dogs Off-Leash Area,None,Off Leash Area,None,HIGH PARK - Off Leash Area
813,3131,77,Pickleball Court,None,None,None,HIGH PARK - Tennis Court Area (  4)
814,3131,77,Pickleball Court,None,None,None,HIGH PARK - Tennis Court Area (  4)
815,3132,77,Outdoor Tennis Court,None,Outdoor Tennis Court,None,HIGH PARK - Outdoor Tennis Court (  1)
816,3133,77,Outdoor Tennis Court,None,Outdoor Tennis Court,None,HIGH PARK - Outdoor Tennis Court (  2)
817,3134,77,Outdoor Tennis Court,None,Outdoor Tennis Court,None,HIGH PARK - Outdoor Tennis Court (  1)
818,3135,77,Outdoor Tennis Court,None,Outdoor Tennis Court,None,HIGH PARK - Outdoor Tennis Court (  2)
819,3136,77,Outdoor Tennis Court,None,Outdoor Tennis Court,None,HIGH PARK - Outdoor Tennis Court (  2)
820,3137,77,Outdoor Tennis Court,None,Outdoor Tennis Court,None,HIGH PARK - Outdoor Tennis Court (  1)
821,3138,77,Outdoor Tennis Court,None,Outdoor Tennis Court,None,HIGH PARK - Outdoor Tennis Court (  3)
822,3139,77,Outdoor Tennis Court,None,Outdoor Tennis Court,None,HIGH PARK - Outdoor Tennis Court (  1)
823,3140,77,Outdoor Tennis Court,None,Outdoor Tennis Court,None,HIGH PARK - Outdoor Tennis Court (  2)
824,3141,77,Outdoor Tennis Court,None,Outdoor Tennis Court,None,HIGH PARK - Outdoor Tennis Court (  3)
825,4306,77,Outdoor Pool,pool,Outdoor Pool Tank,None,HIGH PARK - Outdoor Pool Tank
826,4307,77,Picnic Site,picnic,Picnic Site,None,HIGH PARK - Picnic Site ( 15)
827,4308,77,Picnic Site,picnic,Picnic Site,None,HIGH PARK - Picnic Site ( 26)
828,4309,77,Picnic Site,picnic,Picnic Site,None,HIGH PARK - Picnic Site (  14)
829,4311,77,Picnic Site,picnic,Picnic Site,None,HIGH PARK - Picnic Site ( 22)
830,4312,77,Picnic Site,picnic,Picnic Site,None,HIGH PARK - Picnic Site ( 23)
831,4313,77,Picnic Site,picnic,Picnic Site,None,HIGH PARK - Picnic Site ( 25)
832,4315,77,Picnic Site,picnic,Picnic Site,None,HIGH PARK - Picnic Site (  5)
833,4316,77,Picnic Site,picnic,Picnic Site,None,HIGH PARK - Picnic Site (  4)
834,4317,77,Picnic Site,picnic,Picnic Site,None,HIGH PARK - Picnic Site (  2)
835,4318,77,Picnic Site,picnic,Picnic Site,None,HIGH PARK - Picnic Site (  3)
836,4319,77,Picnic Site,picnic,Picnic Site,None,HIGH PARK - Picnic Site (  1)
837,4321,77,Picnic Site,picnic,Picnic Site,None,HIGH PARK - Picnic Site ( 24)
838,4326,77,Splash Pad,None,Splash/Spray Pad,None,HIGH PARK - Splash/Spray Pad (  1)
839,4327,77,Wading Pool,None,Wading Pool,None,HIGH PARK - Wading Pool
840,5584,77,Amphitheatre,special,Amphitheatre,None,HIGH PARK - Amphitheatre
841,5635,77,Washroom Facility,None,Washroom Building,None,HIGH PARK OUTDOOR POOL BUILDING - BUILDING 5
842,14281,77,Outdoor Dry Pad,ice,Outdoor Dry Pad - A,A,HIGH PARK - Outdoor Artificial Ice Rink
843,14281,77,Pickleball Court,None,None,None,HIGH PARK - Outdoor Artificial Ice Rink
844,14281,77,Pickleball Court,None,None,None,HIGH PARK - Outdoor Artificial Ice Rink
845,14281,77,Pickleball Court,None,None,None,HIGH PARK - Outdoor Artificial Ice Rink
846,14281,77,Pickleball Court,None,None,None,HIGH PARK - Outdoor Artificial Ice Rink
847,14281,77,Pickleball Court,None,None,None,HIGH PARK - Outdoor Artificial Ice Rink
848,14281,77,Pickleball Court,None,None,None,HIGH PARK - Outdoor Artificial Ice Rink
849,14281,77,Pickleball Court,None,None,None,HIGH PARK - Outdoor Artificial Ice Rink
850,14281,77,Pickleball Court,None,None,None,HIGH PARK - Outdoor Artificial Ice Rink
851,14281,77,Pickleball Court,None,None,None,HIGH PARK - Outdoor Artificial Ice Rink
852,14282,77,Outdoor Rink,ice,Outdoor Ice Pad,None,HIGH PARK - Outdoor Ice Pad (  1)
853,17142,77,Farm/Zoo,None,Animal Attraction,None,HIGH PARK ANIMAL DISPLAY
854,17383,77,Outdoor Tennis Court,None,Outdoor Tennis Court,None,HIGH PARK - Outdoor Tennis Court (  1)
855,17384,77,Outdoor Tennis Court,None,Outdoor Tennis Court,None,HIGH PARK - Outdoor Tennis Court (  2)
856,17385,77,Outdoor Tennis Court,None,Outdoor Tennis Court,None,HIGH PARK - Outdoor Tennis Court (  3)
857,17386,77,Outdoor Tennis Court,None,Outdoor Tennis Court,None,HIGH PARK - Outdoor Tennis Court (  4)
858,22775,77,Bike Trail,None,Bike Trail,None,HIGH PARK TRAIL (  7)
859,22777,77,Bike Trail,None,Bike Trail,None,HIGH PARK TRAIL ( 10)
860,22778,77,Bike Trail,None,Bike Trail,None,HIGH PARK TRAIL (  9)
861,22825,77,Bike Trail,None,Bike Trail,None,HOWARD PARK AVE TRAIL
862,23921,77,Bike Trail,None,Bike Trail,None,SPRING RD TRAIL
863,29459,77,Clubhouse,None,Clubhouse,None,HIGH PARK CHESS HOUSE - BUILDING 1
864,29459,77,Washroom Facility,None,Washroom Building,None,HIGH PARK CHESS HOUSE - BUILDING 1
865,29462,77,Washroom Facility,None,Washroom Building,None,HIGH PARK COLBORNE LODGE COACH HOUSE - BUILDING 18
866,29470,77,Greenhouse,None,Greenhouse,None,HIGH PARK GREENHOUSE (  1)
867,29471,77,Greenhouse,None,Greenhouse,None,HIGH PARK GREENHOUSE (  2)
868,29472,77,Greenhouse,None,Greenhouse,None,HIGH PARK GREENHOUSE (  3)
869,29473,77,Greenhouse,None,Greenhouse,None,HIGH PARK GREENHOUSE (  4)
870,29474,77,Greenhouse,None,Greenhouse,None,HIGH PARK GREENHOUSE (  5)
871,29478,77,Washroom Facility,None,Washroom Building,None,HIGH PARK LOWER HILLSIDE PUBLIC WASHROOMS AND PICNIC SHELTER - BUILDING 13
872,29487,77,Picnic Shelter,picnic,Shelter,None,HIGH PARK - Shade Structure (  2)
873,29488,77,Picnic Shelter,picnic,Shelter,None,HIGH PARK - Shade Structure (  3)
874,29489,77,Picnic Shelter,picnic,Shelter,None,HIGH PARK - Shade Structure (  4)
875,29490,77,Picnic Shelter,picnic,Shelter,None,HIGH PARK - Shade Structure (  5)
876,29502,77,Washroom Facility,None,Washroom Building,None,HIGH PARK TEACHING KITCHEN WASHROOM BUILDING - BUILDING 17
877,29509,77,Washroom Facility,None,Washroom Building,None,HIGH PARK UPPER HILLSIDE PUBLIC WASHROOMS - BUILDING 12
878,29511,77,Washroom Facility,None,Washroom Building,None,HIGH PARK WASHROOM BUILDING - BUILDING 39
879,29517,77,Picnic Shelter,picnic,Shelter,None,HIGH PARK - Shade Structure (  6)
880,30904,77,Fieldhouse,None,Fieldhouse,None,HIGH PARK FOWL SHELTER BUILDING - BUILDING 23
881,32331,77,Parking Lot,None,Outdoor Parking Lot,None,HIGH PARK - Outdoor Parking Lot (  1)
882,32332,77,Parking Lot,None,Outdoor Parking Lot,None,HIGH PARK - Outdoor Parking Lot (  2)
883,32333,77,Parking Lot,None,Outdoor Parking Lot,None,HIGH PARK - Outdoor Parking Lot (  3)
884,32337,77,Parking Lot,None,Outdoor Parking Lot,None,HIGH PARK - Outdoor Parking Lot (  4)
885,32339,77,Parking Lot,None,Outdoor Parking Lot,None,HIGH PARK - Outdoor Parking Lot (  5)
886,32342,77,Parking Lot,None,Outdoor Parking Lot,None,HIGH PARK - Outdoor Parking Lot (  6)
887,32345,77,Parking Lot,None,Outdoor Parking Lot,None,HIGH PARK - Outdoor Parking Lot (  7)
888,32346,77,Parking Lot,None,Outdoor Parking Lot,None,HIGH PARK - Outdoor Parking Lot (  8)
889,32348,77,Parking Lot,None,Outdoor Parking Lot,None,HIGH PARK - Outdoor Parking Lot (  9)
890,34489,77,Playground,None,Playground Site,None,HIGH PARK - Playground NE
891,34627,77,Allotment Garden,None,Allotment Garden,None,HIGH PARK ALLOTMENT GARDENS
892,37022,77,Ball Diamond,sport,Baseball Diamond Field - A,A,HIGH PARK - Ball Diamond Field (  1)
893,37023,77,Ball Diamond,sport,Baseball Diamond Field - B,B,HIGH PARK - Ball Diamond Field (  2)
894,37024,77,Ball Diamond,sport,Baseball Diamond Field - B,B,HIGH PARK - Ball Diamond Field (  3)
895,37044,77,Sport Field,sport,Soccer Field - B,B,HIGH PARK - Soccer Field (  1)
896,37045,77,Sport Field,sport,Soccer Field - B,B,HIGH PARK - Soccer Field (  2)
897,37126,77,Pond,None,Open Water,None,GRENADIER POND
898,37127,77,Pond,None,Open Water,None,HIGH PARK - SOUTH WEST STORMWATER POND
899,37128,77,Pond,None,Open Water,None,HIGH PARK - NORTH WEST STORMWATER POND
900,37129,77,Pond,None,Open Water,None,HIGH PARK - WENDIGO POND
901,42717,77,Playground,None,Playground Site,None,HIGH PARK - Playground W
902,42718,77,Playground,None,Playground Site,None,JAMIE BELL ADVENTURE PLAYGROUND
903,42719,77,Playground,None,Playground Site,None,HIGH PARK - Playground NW
904,43587,77,Outdoor Rink,ice,Outdoor Ice Pad,None,HIGH PARK - Outdoor Ice Pad (  2)
905,48290,77,Multipurpose Room,room,Room - C,C,HIGH PARK - OFFICE AND GARAGE - Multipurpose Room
906,57338,77,Pond,None,Open Water,None,UPPER DUCK POND
907,57339,77,Pond,None,Open Water,None,HIGH PARK - Open Water (  2)
908,57340,77,Pond,None,Open Water,None,HIGH PARK - Open Water (  3)
909,57341,77,Pond,None,Open Water,None,HIGH PARK - Open Water (  4)
910,57342,77,Pond,None,Open Water,None,HIGH PARK - Open Water (  5)
911,57343,77,Pond,None,Open Water,None,HIGH PARK - Open Water (  6)
912,57344,77,Pond,None,Open Water,None,HIGH PARK - Open Water (  7)
913,57345,77,Pond,None,Open Water,None,LOWER DUCK POND
914,58543,77,Picnic Site,picnic,Picnic Site,None,HIGH PARK - Picnic Site ( 19)
915,96624,77,Splash Pad,None,Splash/Spray Pad,None,HIGH PARK - Splash/Spray Pad (  2)
916,102057,77,Bottle Filling Station,None,Water Bottle Filling Count,None,HIGH PARK - Drinking Water Source ( 11)
917,102073,77,Bottle Filling Station,None,Water Bottle Filling Count,None,HIGH PARK - Drinking Water Source ( 12)
918,102075,77,Bottle Filling Station,None,Water Bottle Filling Count,None,HIGH PARK - Drinking Water Source ( 13)
919,102081,77,Bottle Filling Station,None,Water Bottle Filling Count,None,HIGH PARK - Drinking Water Source ( 14)
920,102148,77,Bottle Filling Station,None,Water Bottle Filling Count,None,HIGH PARK - Drinking Water Source ( 15)
921,102148,77,Drinking Fountain,None,Drinking Fountain Count,None,HIGH PARK - Drinking Water Source ( 15)
922,102148,77,Dog Fountain,None,Dog Fountain Count,None,HIGH PARK - Drinking Water Source ( 15)
923,102198,77,Drinking Fountain,None,Drinking Fountain Count,None,HIGH PARK - Drinking Water Source ( 16)
924,102212,77,Drinking Fountain,None,Drinking Fountain Count,None,HIGH PARK - Drinking Water Source ( 17)
925,102217,77,Drinking Fountain,None,Drinking Fountain Count,None,HIGH PARK - Drinking Water Source ( 18)
926,132477,77,Outdoor Fitness Equipment,None,Outdoor Fitness Equipment,None,HIGH PARK - Outdoor Fitness Equipment (  1)
927,849988,77,Parking Lot,None,Outdoor Parking Lot,None,HIGH PARK - Outdoor Parking Lot ( 10)
928,967697,77,Gazebo,None,Gazebo,None,HIGH PARK - Shade Structure (  7)
929,967897,77,Gazebo,None,Gazebo,None,HIGH PARK - Shade Structure (  8)
930,967898,77,Gazebo,None,Gazebo,None,HIGH PARK - Shade Structure (  9)
931,967899,77,Gazebo,None,Gazebo,None,HIGH PARK - Shade Structure ( 10)
932,967923,77,Gazebo,None,Gazebo,None,HIGH PARK - Shade Structure ( 22)
933,2209,78,Drinking Fountain,None,Drinking Fountain Count,None,JUNE ROWLANDS PARK - Drinking Water Source (  1)
934,3055,78,Outdoor Tennis Court,None,Outdoor Tennis Court,None,JUNE ROWLANDS PARK - Outdoor Tennis Court (  1)
935,3056,78,Outdoor Tennis Court,None,Outdoor Tennis Court,None,JUNE ROWLANDS PARK - Outdoor Tennis Court (  2)
936,3057,78,Outdoor Tennis Court,None,Outdoor Tennis Court,None,JUNE ROWLANDS PARK - Outdoor Tennis Court (  3)
937,3058,78,Outdoor Tennis Court,None,Outdoor Tennis Court,None,JUNE ROWLANDS PARK - Outdoor Tennis Court (  4)
938,3059,78,Outdoor Tennis Court,None,Outdoor Tennis Court,None,JUNE ROWLANDS PARK - Outdoor Tennis Court (  5)
939,3060,78,Outdoor Tennis Court,None,Outdoor Tennis Court,None,JUNE ROWLANDS PARK - Outdoor Tennis Court (  6)
940,3061,78,Outdoor Table Tennis,None,Outdoor Table Tennis,None,JUNE ROWLANDS PARK - Outdoor Table Tennis (  1)
941,4221,78,Splash Pad,None,Splash/Spray Pad,None,JUNE ROWLANDS PARK - Splash/Spray Pad
942,17820,78,Ball Diamond,sport,Baseball Diamond Field - A,A,JUNE ROWLANDS PARK - Ball Diamond Field
943,29354,78,Washroom Facility,None,Washroom Building,None,DAVISVILLE TENNIS CLUBHOUSE
944,34033,78,Playground,None,Playground Site,None,"SHARON, LOIS AND BRAM PLAYGROUND SITE"
945,49592,78,Picnic Site,picnic,Picnic Site,None,JUNE ROWLANDS PARK - Picnic Site
946,102065,78,Bottle Filling Station,None,Water Bottle Filling Count,None,JUNE ROWLANDS PARK - Drinking Water Source (  2)
947,102171,78,Drinking Fountain,None,Drinking Fountain Count,None,JUNE ROWLANDS PARK - Drinking Water Source (  3)
948,132737,78,Outdoor Table Tennis,None,Outdoor Table Tennis,None,JUNE ROWLANDS PARK - Outdoor Table Tennis (  2)
949,967815,78,Gazebo,None,Gazebo,None,JUNE ROWLANDS PARK - Shade Structure
950,2246,79,Drinking Fountain,None,Drinking Fountain Count,None,HILLCREST PARK - Drinking Water Source (  1)
951,2814,79,Dogs Off-Leash Area,None,Off Leash Area,None,HILLCREST PARK - Off Leash Area
952,3122,79,Outdoor Basketball Court,None,Basketball Court,None,HILLCREST PARK - Basketball Court
953,3124,79,Outdoor Tennis Court,None,Outdoor Tennis Court,None,HILLCREST PARK - Outdoor Tennis Court (  1)
954,3125,79,Outdoor Tennis Court,None,Outdoor Tennis Court,None,HILLCREST PARK - Outdoor Tennis Court (  2)
955,3126,79,Outdoor Tennis Court,None,Outdoor Tennis Court,None,HILLCREST PARK - Outdoor Tennis Court (  3)
956,3127,79,Outdoor Tennis Court,None,Outdoor Tennis Court,None,HILLCREST PARK - Outdoor Tennis Court (  4)
957,4295,79,Wading Pool,None,Wading Pool,None,HILLCREST PARK - Wading Pool
958,28310,79,Picnic Site,picnic,Picnic Site,None,HILLCREST PARK - Picnic Site
959,28544,79,Community Garden,None,Community Garden,None,HILLCREST PARK COMMUNITY GARDEN
960,29523,79,Fieldhouse,None,Fieldhouse,None,HILLCREST PARK - Fieldhouse
961,29524,79,Clubhouse,None,Clubhouse,None,WYCHWOOD TENNIS CLUB
962,29524,79,Washroom Facility,None,Washroom Building,None,WYCHWOOD TENNIS CLUB
963,34494,79,Playground,None,Playground Site,None,HILLCREST PARK - Playground
964,59624,79,Outdoor Table Tennis,None,Outdoor Table Tennis,None,HILLCREST PARK - Outdoor Table Tennis
965,77874,79,Dog Fountain,None,Dog Fountain Count,None,HILLCREST PARK - Drinking Water Source (  2)
966,33989,81,Playground,None,Playground Site,None,DE GRASSI ST PARKETTE - Playground
967,41385,84,Gymnasium,gym,Gymnasium - B,B,KEELE COMMUNITY CENTRE - Gymnasium
968,48330,84,Multipurpose Room,room,Room - A,A,KEELE COMMUNITY CENTRE - Multipurpose Room
969,10493,85,Indoor Pool,pool,Indoor Pool Tank - B,B,MAIN SQUARE COMMUNITY RECREATION CENTRE - Indoor Pool Tank
970,29866,85,Kitchen,room,Kitchen - C,C,MAIN SQUARE COMMUNITY RECREATION CENTRE - Kitchen
971,40854,85,Weight/Cardio Room,None,Room-Fitness/Weight,None,MAIN SQUARE COMMUNITY RECREATION CENTRE - Fitness Centre
972,40855,85,Weight/Cardio Room,None,Room-Fitness/Weight,None,MAIN SQUARE COMMUNITY RECREATION CENTRE - Fitness Room
973,48017,85,Multipurpose Room,room,Room - A,A,MAIN SQUARE COMMUNITY RECREATION CENTRE - Multipurpose Room
974,2361,86,Drinking Fountain,None,Drinking Fountain Count,None,DOVERCOURT PARK - Drinking Water Source (  1)
975,3349,86,Outdoor Tennis Court,None,Outdoor Tennis Court,None,DOVERCOURT PARK - Outdoor Tennis Court (  1)
976,3350,86,Outdoor Tennis Court,None,Outdoor Tennis Court,None,DOVERCOURT PARK - Outdoor Tennis Court (  2)
977,4591,86,Wading Pool,None,Wading Pool,None,DOVERCOURT PARK - Wading Pool
978,17742,86,Ball Diamond,sport,Baseball Diamond Field - B,B,DOVERCOURT PARK - Ball Diamond Field
979,29374,86,Clubhouse,None,Clubhouse,None,DOVERCOURT PARK - Washroom Building
980,29374,86,Washroom Facility,None,Washroom Building,None,DOVERCOURT PARK - Washroom Building
981,30783,86,Firepit,None,Firepit,None,DOVERCOURT PARK - Firepit
982,42724,86,Playground,None,Playground Site,None,DOVERCOURT PARK - Playground
983,70802,86,Community Garden,None,Community Garden,None,DOVERCOURT PARK - Community Garden
984,80046,86,Drinking Fountain,None,Drinking Fountain Count,None,DOVERCOURT PARK - Drinking Water Source (  2)
985,80046,86,Dog Fountain,None,Dog Fountain Count,None,DOVERCOURT PARK - Drinking Water Source (  2)
986,990867,86,Picnic Site,picnic,Picnic Site,None,DOVERCOURT PARK - Picnic Site
987,2357,87,Drinking Fountain,None,Drinking Fountain Count,None,DUFFERIN GROVE PARK - Drinking Water Source (  1)
988,2358,87,Drinking Fountain,None,Drinking Fountain Count,None,DUFFERIN GROVE PARK - Drinking Water Source (  2)
989,4578,87,Picnic Site,picnic,Picnic Site,None,DUFFERIN GROVE PARK - Picnic Site
990,4580,87,Wading Pool,None,Wading Pool,None,DUFFERIN GROVE PARK - Wading Pool
991,17744,87,Sport Field,sport,Soccer Field - C,C,DUFFERIN GROVE PARK - Soccer Field
992,29218,87,Firepit,None,Firepit,None,DUFFERIN GROVE PARK - Firepit (  1)
993,29219,87,Firepit,None,Firepit,None,DUFFERIN GROVE PARK - Firepit (  2)
994,29379,87,Washroom Facility,None,Washroom Building,None,DUFFERIN GROVE PARK - Storage Building
995,29806,87,Kitchen,room,Kitchen,None,DUFFERIN GROVE PARK A.I.R. BUILDING - Kitchen
996,34013,87,Playground,None,Playground Site,None,DUFFERIN GROVE PARK - Playground
997,36306,87,Outdoor Oven,None,Outdoor Oven,None,DUFFERIN GROVE PARK - Bake Oven (South)
998,70862,87,Outdoor Table Tennis,None,Outdoor Table Tennis,None,DUFFERIN GROVE PARK - Outdoor Table Tennis
999,967888,87,Gazebo,None,Gazebo,None,DUFFERIN GROVE PARK - Shade Structure
1000,970528,87,Pickleball Court,None,None,None,DUFFERIN GROVE PARK - Outdoor Artificial Ice Rink
1001,970528,87,Pickleball Court,None,None,None,DUFFERIN GROVE PARK - Outdoor Artificial Ice Rink
1002,970528,87,Pickleball Court,None,None,None,DUFFERIN GROVE PARK - Outdoor Artificial Ice Rink
1003,970528,87,Pickleball Court,None,None,None,DUFFERIN GROVE PARK - Outdoor Artificial Ice Rink
1004,970547,87,Outdoor Rink,ice,Outdoor Ice Pad,None,DUFFERIN GROVE PARK - Outdoor Ice Pad (  1)
1005,970567,87,Outdoor Rink,ice,Outdoor Ice Pad,None,DUFFERIN GROVE PARK - Outdoor Ice Pad (  2)
1006,970587,87,Skateboard Area,None,Skateboard Area,None,DUFFERIN GROVE PARK - Skateboard Area
1007,970607,87,Outdoor Basketball Court,None,Basketball Court,None,DUFFERIN GROVE PARK - Outdoor Basketball Court
1008,989390,87,Multipurpose Room,room,Room - C,C,DUFFERIN GROVE PARK A.I.R. BUILDING - Multipurpose Room
1009,989391,87,Multipurpose Room,room,Room - C,C,DUFFERIN GROVE PARK A.I.R. BUILDING - Multipurpose Room - North
1010,989392,87,Multipurpose Room,room,Room - C,C,DUFFERIN GROVE PARK A.I.R. BUILDING - Multipurpose Room - South
1011,29871,89,Kitchen,room,Kitchen - B,B,MASARYK - COWAN COMMUNITY RECREATION CENTRE - Kitchen (  2)
1012,30419,89,Dressing Room,None,Change Room,None,MASARYK - COWAN COMMUNITY RECREATION CENTRE - Dressing Room - Female (  1)
1013,30420,89,Dressing Room,None,Change Room,None,MASARYK - COWAN COMMUNITY RECREATION CENTRE - Dressing Room - Female (  2)
1014,30421,89,Dressing Room,None,Change Room,None,MASARYK - COWAN COMMUNITY RECREATION CENTRE - Dressing Room - Male (  1)
1015,30422,89,Dressing Room,None,Change Room,None,MASARYK - COWAN COMMUNITY RECREATION CENTRE - Dressing Room - Male (  2)
1016,40858,89,Weight/Cardio Room,None,Room-Fitness/Weight,None,MASARYK - COWAN COMMUNITY RECREATION CENTRE - Weight Room
1017,41426,89,Gymnasium,gym,Gymnasium - B,B,MASARYK - COWAN COMMUNITY RECREATION CENTRE - Gymnasium
1018,48020,89,Fitness/Dance Studio,None,Room - C,C,MASARYK - COWAN COMMUNITY RECREATION CENTRE - Fitness/Dance Studio
1019,48022,89,Enhanced Youth Space,None,Room - C,C,MASARYK - COWAN COMMUNITY RECREATION CENTRE - Enhanced Youth Space
1020,48023,89,Multipurpose Room,room,Room - C,C,MASARYK - COWAN COMMUNITY RECREATION CENTRE - Multipurpose Room (  1)
1021,48368,89,Multipurpose Room,room,Room - C,C,MASARYK - COWAN COMMUNITY RECREATION CENTRE - Multipurpose Room (  4)
1022,48369,89,Multipurpose Room,room,Room - B,B,MASARYK - COWAN COMMUNITY RECREATION CENTRE - Multipurpose Room (  3)
1023,48370,89,Multipurpose Room,room,Room - C,C,MASARYK - COWAN COMMUNITY RECREATION CENTRE - Multipurpose Room (  2)
1024,48371,89,Multipurpose Room,room,Room - C,C,MASARYK - COWAN COMMUNITY RECREATION CENTRE - Multipurpose Room (  6)
1025,1002147,89,Kitchen,room,Kitchen - B,B,MASARYK - COWAN COMMUNITY RECREATION CENTRE - Kitchen ( 1)
1026,1002148,89,Multipurpose Room,room,Room - C,C,MASARYK - COWAN COMMUNITY RECREATION CENTRE - Multipurpose Room ( 5)
1027,34017,92,Playground,None,Playground Site,None,DUNDAS - ST.CLARENS PARKETTE - Playground
1028,72009,92,Outdoor Chess Table,None,Outdoor Chess Table,None,DUNDAS - ST.CLARENS PARKETTE - Outdoor Chess Table
1029,34511,93,Playground,None,Playground Site,None,HURON STREET PLAYGROUND - Playground
1030,95145,93,Drinking Fountain,None,Drinking Fountain Count,None,HURON STREET PLAYGROUND - Drinking Water Source (  1)
1031,95145,93,Bottle Filling Station,None,Water Bottle Filling Count,None,HURON STREET PLAYGROUND - Drinking Water Source (  1)
1032,95145,93,Dog Fountain,None,Dog Fountain Count,None,HURON STREET PLAYGROUND - Drinking Water Source (  1)
1033,95146,93,Dogs Off-Leash Area,None,Off Leash Area,None,HURON STREET PLAYGROUND - Off Leash Area
1034,102082,93,Dog Fountain,None,Dog Fountain Count,None,HURON STREET PLAYGROUND - Drinking Water Source (  2)
1035,102082,93,Bottle Filling Station,None,Water Bottle Filling Count,None,HURON STREET PLAYGROUND - Drinking Water Source (  2)
1036,102082,93,Drinking Fountain,None,Drinking Fountain Count,None,HURON STREET PLAYGROUND - Drinking Water Source (  2)
1037,74142,94,Playground,None,Playground Site,None,HURON - WASHINGTON PARKETTE - Playground
1038,29873,96,Kitchen,room,Kitchen,None,MAURICE CODY COMMUNITY CENTRE - Kitchen
1039,41429,96,Gymnasium,gym,Gymnasium - C,C,MAURICE CODY COMMUNITY CENTRE - Gymnasium
1040,34516,97,Playground,None,Playground Site,None,IRENE AVENUE PARKETTE - Playground
1041,79137,97,Drinking Fountain,None,Drinking Fountain Count,None,IRENE AVENUE PARKETTE - Drinking Water Source
1042,10494,100,Indoor Pool,pool,Indoor Pool Tank - B,B,MARY McCORMICK RECREATION CENTRE - Indoor Pool Tank
1043,29869,100,Kitchen,room,Kitchen,None,MARY McCORMICK RECREATION CENTRE - Kitchen
1044,30431,100,Dressing Room,None,Change Room,None,MARY McCORMICK RECREATION CENTRE - Dressing Room - Female
1045,30432,100,Dressing Room,None,Change Room,None,MARY McCORMICK RECREATION CENTRE - Dressing Room - Male
1046,40856,100,Fitness/Dance Studio,None,Room - C,C,MARY McCORMICK RECREATION CENTRE - Fitness/Dance Studio (  2)
1047,40857,100,Weight/Cardio Room,None,Room-Fitness/Weight,None,MARY McCORMICK RECREATION CENTRE - Weight/Cardio Room
1048,41423,100,Gymnasium,gym,Gymnasium - C,C,MARY McCORMICK RECREATION CENTRE - Gymnasium
1049,48019,100,Craft Room,room,Room-Craft - C,C,MARY McCORMICK RECREATION CENTRE - Craft Room
1050,48361,100,Fitness/Dance Studio,None,Room - C,C,MARY McCORMICK RECREATION CENTRE - Fitness/Dance Studio (  1)
1051,48363,100,Games Room,room,Games Room - C,C,MARY McCORMICK RECREATION CENTRE - Games Room
1052,48364,100,Multipurpose Room,room,Room - C,C,MARY McCORMICK RECREATION CENTRE - Multipurpose Room (  1)
1053,48365,100,Multipurpose Room,room,Room - C,C,MARY McCORMICK RECREATION CENTRE - Multipurpose Room (  2)
1054,48366,100,Preschool,room,Preschool - C,C,MARY McCORMICK RECREATION CENTRE - Preschool
1055,34525,101,Playground,None,Playground Site,None,JAMES CANNING GARDENS - Playground
1056,102136,101,Drinking Fountain,None,Drinking Fountain Count,None,JAMES CANNING GARDENS - Drinking Water Source
1057,102136,101,Bottle Filling Station,None,Water Bottle Filling Count,None,JAMES CANNING GARDENS - Drinking Water Source
1058,3053,104,Outdoor Basketball Court,None,Basketball Court,None,KEELE - MULOCK PARKETTE - Basketball Court
1059,34035,104,Playground,None,Playground Site,None,KEELE - MULOCK PARKETTE - Playground
1060,34089,105,Playground,None,Playground Site,None,KENNEDY - MARGDON PARKETTE - Playground
1061,72163,105,Outdoor Fitness Equipment,None,Outdoor Fitness Equipment,None,KENNEDY - MARGDON PARKETTE - Outdoor Fitness Equipment Area - Outdoor Fitness Equipment (  1)
1062,72164,105,Outdoor Fitness Equipment,None,Outdoor Fitness Equipment,None,KENNEDY - MARGDON PARKETTE - Outdoor Fitness Equipment Area - Outdoor Fitness Equipment (  2)
1063,72165,105,Outdoor Fitness Equipment,None,Outdoor Fitness Equipment,None,KENNEDY - MARGDON PARKETTE - Outdoor Fitness Equipment Area - Outdoor Fitness Equipment (  3)
1064,72166,105,Outdoor Fitness Equipment,None,Outdoor Fitness Equipment,None,KENNEDY - MARGDON PARKETTE - Outdoor Fitness Equipment Area - Outdoor Fitness Equipment (  4)
1065,79342,106,Drinking Fountain,None,Drinking Fountain Count,None,JAY MACPHERSON GREEN - Drinking Water Source
1066,79342,106,Dog Fountain,None,Dog Fountain Count,None,JAY MACPHERSON GREEN - Drinking Water Source
1067,2198,107,Drinking Fountain,None,Drinking Fountain Count,None,KEW GARDENS - Drinking Water Source (  1)
1068,2199,107,Drinking Fountain,None,Drinking Fountain Count,None,KEW GARDENS - Drinking Water Source (  2)
1069,2200,107,Drinking Fountain,None,Drinking Fountain Count,None,KEW GARDENS - Drinking Water Source (  3)
1070,2810,107,Dogs Off-Leash Area,None,Off Leash Area,None,KEW GARDENS - Off Leash Area
1071,3038,107,Ball Hockey Pad,None,Ball Hockey Pad,None,KEW GARDENS - Ball Hockey
1072,4205,107,Shuffle Board,None,Shuffle Board,None,KEW GARDENS - Shuffle Board
1073,4206,107,Wading Pool,None,Wading Pool,None,KEW GARDENS - Wading Pool
1074,17824,107,Ball Diamond,sport,Baseball Diamond Field - C,C,KEW GARDENS - Ball Diamond Field
1075,28051,107,Bowling Green,None,Bowling Green,None,KEW GARDENS - Bowling Green (  1)
1076,28052,107,Bowling Green,None,Bowling Green,None,KEW GARDENS - Bowling Green (  2)
1077,28313,107,Picnic Site,picnic,Picnic Site,None,KEW GARDENS - Picnic Site (  1)
1078,28314,107,Picnic Site,picnic,Picnic Site,None,KEW GARDENS - Picnic Site (  2)
1079,32883,107,Washroom Facility,None,Washroom Building,None,KEW GARDENS A.I.R. BUILDING
1080,34094,107,Playground,None,Playground Site,None,KEW GARDENS - Playground
1081,36323,107,Change Room Facility,None,Changeroom Building,None,KEW BEACH LAWN BOWLING CLUB
1082,36323,107,Washroom Facility,None,Washroom Building,None,KEW BEACH LAWN BOWLING CLUB
1083,36324,107,Washroom Facility,None,Washroom Building,None,KEW GARDENS PLAYGROUND WASHROOM
1084,44137,107,Pickleball Court,None,None,None,KEW GARDENS - Outdoor Artificial Ice Rink
1085,44137,107,Outdoor Dry Pad,ice,Outdoor Dry Pad - A,A,KEW GARDENS - Outdoor Artificial Ice Rink
1086,44137,107,Pickleball Court,None,None,None,KEW GARDENS - Outdoor Artificial Ice Rink
1087,44137,107,Pickleball Court,None,None,None,KEW GARDENS - Outdoor Artificial Ice Rink
1088,44137,107,Pickleball Court,None,None,None,KEW GARDENS - Outdoor Artificial Ice Rink
1089,44137,107,Pickleball Court,None,None,None,KEW GARDENS - Outdoor Artificial Ice Rink
1090,44162,107,Outdoor Rink,ice,Outdoor Ice Pad,None,KEW GARDENS - Outdoor Ice Pad
1091,96443,107,Kitchen,room,Kitchen,None,KEW GARDENS - KEW WILLIAMS HOUSE - Kitchen
1092,102204,107,Drinking Fountain,None,Drinking Fountain Count,None,KEW GARDENS - Drinking Water Source (  6)
1093,102205,107,Drinking Fountain,None,Drinking Fountain Count,None,KEW GARDENS - Drinking Water Source (  7)
1094,102206,107,Drinking Fountain,None,Drinking Fountain Count,None,KEW GARDENS - Drinking Water Source (  8)
1095,102207,107,Drinking Fountain,None,Drinking Fountain Count,None,KEW GARDENS - Drinking Water Source (  9)
1096,967935,107,Gazebo,None,Gazebo,None,KEW GARDENS - Shade Structure (  5)
1097,1002067,107,Outdoor Basketball Court,None,Basketball Court,None,KEW GARDENS - Outdoor Basketball Court
1098,2344,108,Drinking Fountain,None,Drinking Fountain Count,None,EAST LYNN PARK - Drinking Water Source (  1)
1099,2345,108,Drinking Fountain,None,Drinking Fountain Count,None,EAST LYNN PARK - Drinking Water Source (  2)
1100,2345,108,Bottle Filling Station,None,Water Bottle Filling Count,None,EAST LYNN PARK - Drinking Water Source (  2)
1101,4539,108,Wading Pool,None,Wading Pool,None,EAST LYNN PARK - Wading Pool
1102,28296,108,Picnic Site,picnic,Picnic Site,None,EAST LYNN PARK - Picnic Site
1103,34023,108,Playground,None,Playground Site,None,EAST LYNN PARK - Playground
1104,49830,108,Outdoor Table Tennis,None,Outdoor Table Tennis,None,EAST LYNN PARK - Outdoor Table Tennis
1105,78385,108,Fieldhouse,None,Fieldhouse,None,EAST LYNN PARK - Fieldhouse
1106,34529,110,Playground,None,Playground Site,None,JEFF SLOAN PLAYGROUND - Playground
1107,850041,110,Parking Lot,None,Outdoor Parking Lot,None,JEFF SLOAN PLAYGROUND - Outdoor Parking Lot
1108,2341,111,Drinking Fountain,None,Drinking Fountain Count,None,EAST TORONTO ATHLETIC FIELD - Drinking Water Source
1109,4536,111,Wading Pool,None,Wading Pool,None,EAST TORONTO ATHLETIC FIELD - Wading Pool
1110,18146,111,Ball Diamond,sport,Baseball Diamond Field - A,A,EAST TORONTO ATHLETIC FIELD - Ball Diamond Field (  1)
1111,18147,111,Ball Diamond,sport,Baseball Diamond Field - A,A,EAST TORONTO ATHLETIC FIELD - Ball Diamond Field (  2)
1112,18148,111,Ball Diamond,sport,Baseball Diamond Field - C,C,EAST TORONTO ATHLETIC FIELD - Ball Diamond Field (  3)
1113,32288,111,Parking Lot,None,Outdoor Parking Lot,None,EAST TORONTO ATHLETIC FIELD - Outdoor Parking Lot
1114,34025,111,Playground,None,Playground Site,None,EAST TORONTO ATHLETIC FIELD - Playground
1115,3003,112,Pickleball Court,None,None,None,MARILYN BELL PARK - Tennis Court Area
1116,3003,112,Pickleball Court,None,None,None,MARILYN BELL PARK - Tennis Court Area
1117,3003,112,Pickleball Court,None,None,None,MARILYN BELL PARK - Tennis Court Area
1118,3003,112,Pickleball Court,None,None,None,MARILYN BELL PARK - Tennis Court Area
1119,3004,112,Outdoor Tennis Court,None,Outdoor Tennis Court,None,MARILYN BELL PARK - Outdoor Tennis Court (  1)
1120,3005,112,Outdoor Tennis Court,None,Outdoor Tennis Court,None,MARILYN BELL PARK - Outdoor Tennis Court (  2)
1121,3006,112,Outdoor Tennis Court,None,Outdoor Tennis Court,None,MARILYN BELL PARK - Outdoor Tennis Court (  3)
1122,3007,112,Outdoor Tennis Court,None,Outdoor Tennis Court,None,MARILYN BELL PARK - Outdoor Tennis Court (  4)
1123,23324,112,Bike Trail,None,Bike Trail,None,MARTIN GOODMAN TRAIL ( 36)
1124,23326,112,Bike Trail,None,Bike Trail,None,MARTIN GOODMAN TRAIL ( 38)
1125,23327,112,Bike Trail,None,Bike Trail,None,MARTIN GOODMAN TRAIL ( 39)
1126,23329,112,Bike Trail,None,Bike Trail,None,MARTIN GOODMAN TRAIL ( 40)
1127,32374,112,Parking Lot,None,Outdoor Parking Lot,None,LAKESHORE BOULEVARD PARKLANDS - Outdoor Parking Lot (  1)
1128,74183,112,Outdoor Fitness Equipment,None,Outdoor Fitness Equipment,None,LAKESHORE BOULEVARD PARKLANDS - Outdoor Fitness Equipment Area - Outdoor Fitness Equipment (  1)
1129,74184,112,Outdoor Fitness Equipment,None,Outdoor Fitness Equipment,None,LAKESHORE BOULEVARD PARKLANDS - Outdoor Fitness Equipment Area - Outdoor Fitness Equipment (  2)
1130,74185,112,Outdoor Fitness Equipment,None,Outdoor Fitness Equipment,None,LAKESHORE BOULEVARD PARKLANDS - Outdoor Fitness Equipment Area - Outdoor Fitness Equipment (  3)
1131,74186,112,Outdoor Fitness Equipment,None,Outdoor Fitness Equipment,None,LAKESHORE BOULEVARD PARKLANDS - Outdoor Fitness Equipment Area - Outdoor Fitness Equipment (  4)
1132,74187,112,Outdoor Fitness Equipment,None,Outdoor Fitness Equipment,None,LAKESHORE BOULEVARD PARKLANDS - Outdoor Fitness Equipment Area - Outdoor Fitness Equipment (  5)
1133,74188,112,Outdoor Fitness Equipment,None,Outdoor Fitness Equipment,None,LAKESHORE BOULEVARD PARKLANDS - Outdoor Fitness Equipment Area - Outdoor Fitness Equipment (  6)
1134,850051,112,Parking Lot,None,Outdoor Parking Lot,None,LAKESHORE BOULEVARD PARKLANDS - Outdoor Parking Lot (  2)
1135,33985,113,Playground,None,Playground Site,None,EASTDALE PLAYGROUND - Playground
1136,34111,114,Playground,None,Playground Site,None,LANGFORD PARKETTE - Playground
1137,79425,114,Outdoor Fitness Equipment,None,Outdoor Fitness Equipment,None,LANGFORD PARKETTE - Outdoor Fitness Equipment Area - Outdoor Fitness Equipment (  1)
1138,79426,114,Outdoor Fitness Equipment,None,Outdoor Fitness Equipment,None,LANGFORD PARKETTE - Outdoor Fitness Equipment Area - Outdoor Fitness Equipment (  2)
1139,79427,114,Outdoor Fitness Equipment,None,Outdoor Fitness Equipment,None,LANGFORD PARKETTE - Outdoor Fitness Equipment Area - Outdoor Fitness Equipment (  3)
1140,102090,114,Drinking Fountain,None,Drinking Fountain Count,None,LANGFORD PARKETTE - Drinking Water Source
1141,102090,114,Bottle Filling Station,None,Water Bottle Filling Count,None,LANGFORD PARKETTE - Drinking Water Source
1142,2713,115,Drinking Fountain,None,Drinking Fountain Count,None,ORCHARD PARK - Drinking Water Source
1143,5305,115,Splash Pad,None,Splash/Spray Pad,None,ORCHARD PARK - Splash/Spray Pad
1144,29212,115,Firepit,None,Firepit,None,ORCHARD PARK - Firepit
1145,34236,115,Playground,None,Playground Site,None,ORCHARD PARK - Playground
1146,49593,115,Picnic Site,picnic,Picnic Site,None,ORCHARD PARK - Picnic Site
1147,49828,115,Outdoor Table Tennis,None,Outdoor Table Tennis,None,ORCHARD PARK - Outdoor Table Tennis
1148,2335,117,Drinking Fountain,None,Drinking Fountain Count,None,EGLINTON PARK - Drinking Water Source (  1)
1149,3299,117,Pickleball Court,None,None,None,EGLINTON PARK - Tennis Court Area
1150,3300,117,Outdoor Tennis Court,None,Outdoor Tennis Court,None,EGLINTON PARK - Outdoor Tennis Court (  1)
1151,3301,117,Outdoor Tennis Court,None,Outdoor Tennis Court,None,EGLINTON PARK - Outdoor Tennis Court (  2)
1152,4518,117,Wading Pool,None,Wading Pool,None,EGLINTON PARK - Wading Pool
1153,18032,117,Ball Diamond,sport,Baseball Diamond Field - A,A,EGLINTON PARK - Sports Field Area (  1) - Ball Diamond Field
1154,18033,117,Ball Diamond,sport,Baseball Diamond Field - A,A,EGLINTON PARK - Sports Field Area (  2) - Ball Diamond Field
1155,18236,117,Multipurpose Field,None,Multipurpose Field - A,A,EGLINTON PARK - Multipurpose Field (  1)
1156,18237,117,Multipurpose Field,None,Multipurpose Field - B,B,EGLINTON PARK - Multipurpose Field (  2)
1157,18238,117,Multipurpose Field,None,Multipurpose Field - B,B,EGLINTON PARK - Multipurpose Field (  3)
1158,18239,117,Multipurpose Field,None,Multipurpose Field - B,B,EGLINTON PARK - Multipurpose Field (  4)
1159,18240,117,Multipurpose Field,None,Multipurpose Field - B,B,EGLINTON PARK - Multipurpose Field (  5)
1160,22464,117,Bike Trail,None,Bike Trail,None,EGLINTON PARK TRAIL
1161,28300,117,Picnic Site,picnic,Picnic Site,None,EGLINTON PARK - Picnic Site
1162,28551,117,Community Garden,None,Community Garden,None,EGLINTON PARK HERITAGE GARDEN
1163,32294,117,Parking Lot,None,Outdoor Parking Lot,None,EGLINTON PARK - Outdoor Parking Lot (  1)
1164,34042,117,Playground,None,Playground Site,None,EGLINTON PARK - Playground
1165,36489,117,Washroom Facility,None,Washroom Building,None,EGLINTON PARK - Fieldhouse
1166,36489,117,Fieldhouse,None,Fieldhouse,None,EGLINTON PARK - Fieldhouse
1167,37004,117,Kitchen,room,Kitchen,None,EGLINTON PARK - Fieldhouse - Kitchen
1168,49513,117,Parking Lot,None,Outdoor Parking Lot,None,EGLINTON PARK - Outdoor Parking Lot (  2)
1169,102165,117,Dog Fountain,None,Dog Fountain Count,None,EGLINTON PARK - Drinking Water Source (  2)
1170,849938,117,Picnic Site,picnic,Picnic Site,None,EGLINTON PARK - Picnic Site (1)
1171,988532,117,Dogs Off-Leash Area,None,Off Leash Area,None,EGLINTON PARK - Off Leash Area
1172,2989,119,Outdoor Tennis Court,None,Outdoor Tennis Court,None,LAWRENCE PARK RAVINE - Outdoor Tennis Court (  1)
1173,2990,119,Outdoor Tennis Court,None,Outdoor Tennis Court,None,LAWRENCE PARK RAVINE - Outdoor Tennis Court (  2)
1174,2991,119,Outdoor Tennis Court,None,Outdoor Tennis Court,None,LAWRENCE PARK RAVINE - Outdoor Tennis Court (  3)
1175,28054,119,Bowling Green,None,Bowling Green,None,LAWRENCE PARK RAVINE - Bowling Green (  1)
1176,28054,119,Croquet Field,sport,Croquet Field,None,LAWRENCE PARK RAVINE - Bowling Green (  1)
1177,28055,119,Croquet Field,sport,Croquet Field,None,LAWRENCE PARK RAVINE - Bowling Green (  2)
1178,28055,119,Bowling Green,None,Bowling Green,None,LAWRENCE PARK RAVINE - Bowling Green (  2)
1179,29553,119,Washroom Facility,None,Washroom Building,None,LAWRENCE PARK TENNIS CLUBHOUSE
1180,32386,119,Parking Lot,None,Outdoor Parking Lot,None,LAWRENCE PARK RAVINE - Outdoor Parking Lot
1181,36204,119,Picnic Shelter,picnic,Shelter,None,LAWRENCE PARK RAVINE - Shade Structure (  1)
1182,36205,119,Picnic Shelter,picnic,Shelter,None,LAWRENCE PARK RAVINE - Shade Structure (  2)
1183,102157,121,Drinking Fountain,None,Drinking Fountain Count,None,LAWTON PARKETTE - Drinking Water Source
1184,102157,121,Bottle Filling Station,None,Water Bottle Filling Count,None,LAWTON PARKETTE - Drinking Water Source
1185,2180,123,Drinking Fountain,None,Drinking Fountain Count,None,LESLIE GROVE PARK - Drinking Water Source
1186,4153,123,Wading Pool,None,Wading Pool,None,LESLIE GROVE PARK - Wading Pool
1187,29556,123,Washroom Facility,None,Washroom Building,None,LESLIE GROVE PARK - Fieldhouse
1188,29556,123,Fieldhouse,None,Fieldhouse,None,LESLIE GROVE PARK - Fieldhouse
1189,34120,123,Playground,None,Playground Site,None,LESLIE GROVE PARK - Playground
1190,49754,123,Outdoor Table Tennis,None,Outdoor Table Tennis,None,LESLIE GROVE PARK - Outdoor Table Tennis (  1)
1191,132749,123,Outdoor Table Tennis,None,Outdoor Table Tennis,None,LESLIE GROVE PARK - Outdoor Table Tennis (  2)
1192,17840,125,Ball Diamond,sport,Baseball Diamond Field - C,C,LITHUANIA PARK - Ball Diamond Field
1193,17841,125,Sport Field,sport,Soccer Field - C,C,LITHUANIA PARK - Soccer Field
1194,29561,125,Fieldhouse,None,Fieldhouse,None,LITHUANIA PARK - Fieldhouse
1195,29561,125,Washroom Facility,None,Washroom Building,None,LITHUANIA PARK - Fieldhouse
1196,33775,125,Playground,None,Playground Site,None,LITHUANIA PARK - Playground
1197,73482,125,Splash Pad,None,Splash/Spray Pad,None,LITHUANIA PARK - Splash/Spray Pad
1198,102031,125,Bottle Filling Station,None,Water Bottle Filling Count,None,LITHUANIA PARK - Drinking Water Source
1199,102031,125,Drinking Fountain,None,Drinking Fountain Count,None,LITHUANIA PARK - Drinking Water Source
1200,4081,126,Wading Pool,None,Wading Pool,None,MARGARET FAIRLEY PARK - Wading Pool
1201,33805,126,Playground,None,Playground Site,None,MARGARET FAIRLEY PARK - Playground
1202,2324,127,Drinking Fountain,None,Drinking Fountain Count,None,FAIRMOUNT PARK - Drinking Water Source (  1)
1203,3270,127,Pickleball Court,None,None,None,FAIRMOUNT PARK - Tennis Court Area
1204,3270,127,Pickleball Court,None,None,None,FAIRMOUNT PARK - Tennis Court Area
1205,4478,127,Wading Pool,None,Wading Pool,None,FAIRMOUNT PARK - Wading Pool
1206,17759,127,Multipurpose Field,None,Multipurpose Field - C,C,FAIRMOUNT PARK - Multipurpose Field
1207,18035,127,Ball Diamond,sport,Baseball Diamond Field - C,C,FAIRMOUNT PARK - Ball Diamond Field
1208,43263,127,Playground,None,Playground Site,None,FAIRMOUNT PARK - Playground
1209,58202,127,Outdoor Table Tennis,None,Outdoor Table Tennis,None,FAIRMOUNT PARK - Outdoor Table Tennis
1210,69622,127,Outdoor Tennis Court,None,Outdoor Tennis Court,None,FAIRMOUNT PARK - Outdoor Tennis Court (  1)
1211,69623,127,Outdoor Tennis Court,None,Outdoor Tennis Court,None,FAIRMOUNT PARK - Outdoor Tennis Court (  2)
1212,69624,127,Outdoor Tennis Court,None,Outdoor Tennis Court,None,FAIRMOUNT PARK - Outdoor Tennis Court (  3)
1213,69625,127,Outdoor Tennis Court,None,Outdoor Tennis Court,None,FAIRMOUNT PARK - Outdoor Tennis Court (  4)
1214,76002,127,Outdoor Oven,None,Outdoor Oven,None,FAIRMOUNT PARK - Bake Oven
1215,78054,127,Firepit,None,Firepit,None,FAIRMOUNT PARK - Firepit
1216,102035,127,Bottle Filling Station,None,Water Bottle Filling Count,None,FAIRMOUNT PARK - Drinking Water Source (  2)
1217,102035,127,Drinking Fountain,None,Drinking Fountain Count,None,FAIRMOUNT PARK - Drinking Water Source (  2)
1218,2166,128,Drinking Fountain,None,Drinking Fountain Count,None,LITTLE NORWAY PARK - Drinking Water Source (  1)
1219,2167,128,Drinking Fountain,None,Drinking Fountain Count,None,LITTLE NORWAY PARK - Drinking Water Source (  2)
1220,2168,128,Drinking Fountain,None,Drinking Fountain Count,None,LITTLE NORWAY PARK - Drinking Water Source (  3)
1221,4130,128,Wading Pool,None,Wading Pool,None,LITTLE NORWAY PARK - Wading Pool
1222,17842,128,Ball Diamond,sport,Baseball Diamond Field - B,B,LITTLE NORWAY PARK - Ball Diamond Field
1223,31005,128,Outdoor Fitness Equipment,None,Outdoor Fitness Equipment,None,LITTLE NORWAY PARK - Outdoor Fitness Equipment (  1)
1224,31006,128,Outdoor Fitness Equipment,None,Outdoor Fitness Equipment,None,LITTLE NORWAY PARK - Outdoor Fitness Equipment (  2)
1225,32902,128,Fieldhouse,None,Fieldhouse,None,LITTLE NORWAY PARK FIELDHOUSE AND PUBLIC WASHROOM
1226,32902,128,Washroom Facility,None,Washroom Building,None,LITTLE NORWAY PARK FIELDHOUSE AND PUBLIC WASHROOM
1227,33776,128,Playground,None,Playground Site,None,LITTLE NORWAY PARK - Playground S
1228,42643,128,Playground,None,Playground Site,None,LITTLE NORWAY PARK - Playground N
1229,2322,129,Drinking Fountain,None,Drinking Fountain Count,None,FELSTEAD AVENUE PLAYGROUND - Drinking Water Source
1230,17762,129,Sport Field,sport,Soccer Field - B,B,FELSTEAD AVENUE PLAYGROUND - Soccer Field
1231,29410,129,Washroom Facility,None,Washroom Building,None,FELSTEAD AVENUE PLAYGROUND - Washroom Building
1232,34064,129,Playground,None,Playground Site,None,FELSTEAD AVENUE PLAYGROUND - Playground
1233,2161,130,Drinking Fountain,None,Drinking Fountain Count,None,LOGAN AVENUE PARKETTE - Drinking Water Source
1234,2161,130,Dog Fountain,None,Dog Fountain Count,None,LOGAN AVENUE PARKETTE - Drinking Water Source
1235,13286,131,Drinking Fountain,None,Drinking Fountain Count,None,MEMORIAL PARK - NORTH YORK - Drinking Water Source (  1)
1236,13287,131,Drinking Fountain,None,Drinking Fountain Count,None,MEMORIAL PARK - NORTH YORK - Drinking Water Source (  2)
1237,17858,131,Multipurpose Field,None,Multipurpose Field - C,C,MEMORIAL PARK - NORTH YORK- Multipurpose Field
1238,17859,131,Outdoor track,None,Outdoor Track - C,C,MEMORIAL PARK - NORTH YORK- Outdoor Track
1239,18070,131,Ball Diamond,sport,Baseball Diamond Field - C,C,MEMORIAL PARK - NORTH YORK - Ball Diamond Field (  1)
1240,18071,131,Ball Diamond,sport,Baseball Diamond Field - C,C,MEMORIAL PARK - NORTH YORK - Ball Diamond Field (  2)
1241,32400,131,Parking Lot,None,Outdoor Parking Lot,None,MEMORIAL PARK - NORTH YORK - Outdoor Parking Lot
1242,2804,134,Dogs Off-Leash Area,None,Off Leash Area,None,MERRILL BRIDGE ROAD PARK - Off Leash Area
1243,40478,134,Bike Trail,None,Bike Trail,None,MERRILL BRIDGE ROAD PARK TRAIL
1244,2837,137,Dogs Off-Leash Area,None,Off Leash Area,None,BAIRD PARK - Off Leash Area
1245,4852,137,Wading Pool,None,Wading Pool,None,BAIRD PARK - Wading Pool
1246,28063,137,Bowling Green,None,Bowling Green,None,BAIRD PARK - Bowling Green (  1)
1247,28064,137,Bowling Green,None,Bowling Green,None,BAIRD PARK - Bowling Green (  2)
1248,29277,137,Clubhouse,None,Clubhouse,None,WEST TORONTO LAWN BOWLING CLUB
1249,29277,137,Fieldhouse,None,Fieldhouse,None,WEST TORONTO LAWN BOWLING CLUB
1250,29277,137,Washroom Facility,None,Washroom Building,None,WEST TORONTO LAWN BOWLING CLUB
1251,33969,137,Playground,None,Playground Site,None,BAIRD PARK - Playground
1252,77474,137,Outdoor Table Tennis,None,Outdoor Table Tennis,None,BAIRD PARK - Outdoor Table Tennis
1253,79165,137,Drinking Fountain,None,Drinking Fountain Count,None,BAIRD PARK - Drinking Water Source
1254,2941,138,Outdoor Tennis Court,None,Outdoor Tennis Court,None,LYTTON PARK - Outdoor Tennis Court (  1)
1255,2942,138,Outdoor Tennis Court,None,Outdoor Tennis Court,None,LYTTON PARK - Outdoor Tennis Court (  2)
1256,2943,138,Outdoor Tennis Court,None,Outdoor Tennis Court,None,LYTTON PARK - Outdoor Tennis Court (  3)
1257,28060,138,Bowling Green,None,Bowling Green,None,LYTTON PARK - Bowling Green (  1)
1258,28060,138,Croquet Field,sport,Croquet Field,None,LYTTON PARK - Bowling Green (  1)
1259,28061,138,Bowling Green,None,Bowling Green,None,LYTTON PARK - Bowling Green (  2)
1260,28061,138,Croquet Field,sport,Croquet Field,None,LYTTON PARK - Bowling Green (  2)
1261,33793,138,Playground,None,Playground Site,None,LYTTON PARK - Playground
1262,42601,139,Outdoor Chess Table,None,Outdoor Chess Table,None,METROPOLITAN UNITED CHURCH GROUNDS - Outdoor Chess Table (  4)
1263,42602,139,Outdoor Chess Table,None,Outdoor Chess Table,None,METROPOLITAN UNITED CHURCH GROUNDS - Outdoor Chess Table (  3)
1264,42603,139,Outdoor Chess Table,None,Outdoor Chess Table,None,METROPOLITAN UNITED CHURCH GROUNDS - Outdoor Chess Table (  2)
1265,42604,139,Outdoor Chess Table,None,Outdoor Chess Table,None,METROPOLITAN UNITED CHURCH GROUNDS - Outdoor Chess Table (  1)
1266,2121,141,Drinking Fountain,None,Drinking Fountain Count,None,MILNER PARKETTE - Drinking Water Source
1267,34074,142,Playground,None,Playground Site,None,FOREST HILL ROAD PARK - Playground S
1268,80560,142,Playground,None,Playground Site,None,FOREST HILL ROAD PARK - Playground N
1269,2375,143,Drinking Fountain,None,Drinking Fountain Count,None,DAVID A. BALFOUR PARK - Drinking Water Source (  1)
1270,2375,143,Dog Fountain,None,Dog Fountain Count,None,DAVID A. BALFOUR PARK - Drinking Water Source (  1)
1271,21831,143,Bike Trail,None,Bike Trail,None,BELTLINE TRAIL ( 26)
1272,21833,143,Bike Trail,None,Bike Trail,None,BELTLINE TRAIL ( 28)
1273,21834,143,Bike Trail,None,Bike Trail,None,BELTLINE TRAIL ( 29)
1274,21836,143,Bike Trail,None,Bike Trail,None,BELTLINE TRAIL ( 30)
1275,21837,143,Bike Trail,None,Bike Trail,None,BELTLINE TRAIL ( 31)
1276,22177,143,Bike Trail,None,Bike Trail,None,DAVID A. BALFOUR PARK TRAIL (  1)
1277,22179,143,Bike Trail,None,Bike Trail,None,DAVID A. BALFOUR PARK TRAIL ( 11)
1278,22180,143,Bike Trail,None,Bike Trail,None,DAVID A. BALFOUR PARK TRAIL ( 12)
1279,22184,143,Bike Trail,None,Bike Trail,None,DAVID A. BALFOUR PARK TRAIL ( 16)
1280,22192,143,Bike Trail,None,Bike Trail,None,DAVID A. BALFOUR PARK TRAIL ( 23)
1281,22198,143,Bike Trail,None,Bike Trail,None,DAVID A. BALFOUR PARK TRAIL ( 29)
1282,22220,143,Bike Trail,None,Bike Trail,None,DAVID A. BALFOUR PARK TRAIL (  5)
1283,32570,143,Parking Lot,None,Outdoor Parking Lot,None,DAVID A. BALFOUR PARK - Outdoor Parking Lot
1284,33987,143,Playground,None,Playground Site,None,DAVID A. BALFOUR PARK - Playground
1285,97105,143,Drinking Fountain,None,Drinking Fountain Count,None,DAVID A. BALFOUR PARK - Drinking Water Source (  2)
1286,97106,143,Washroom Facility,None,Washroom Building,None,DAVID A. BALFOUR PARK - Washroom Building
1287,102245,143,Drinking Fountain,None,Drinking Fountain Count,None,DAVID A. BALFOUR PARK - Drinking Water Source (  3)
1288,3235,144,Outdoor Basketball Court,None,Basketball Court,None,FRANKEL - LAMBERT PARK - Basketball Court
1289,28547,144,Community Garden,None,Community Garden,None,FRANKEL - LAMBERT PARK - Community Garden (  1)
1290,34077,144,Playground,None,Playground Site,None,FRANKEL - LAMBERT PARK - Playground
1291,57863,144,Community Garden,None,Community Garden,None,FRANKEL - LAMBERT PARK - Community Garden (  2)
1292,78434,144,Outdoor Table Tennis,None,Outdoor Table Tennis,None,FRANKEL - LAMBERT PARK - Outdoor Table Tennis
1293,78636,144,Drinking Fountain,None,Drinking Fountain Count,None,FRANKEL - LAMBERT PARK - Drinking Water Source (  1)
1294,102185,144,Drinking Fountain,None,Drinking Fountain Count,None,FRANKEL - LAMBERT PARK - Drinking Water Source (  2)
1295,2803,145,Dogs Off-Leash Area,None,Off Leash Area,None,MONARCH PARK - Off Leash Area
1296,4017,145,Outdoor Pool,pool,Outdoor Pool Tank,None,MONARCH PARK - Outdoor Pool Tank
1297,4019,145,Wading Pool,None,Wading Pool,None,MONARCH PARK - Wading Pool
1298,5404,145,Washroom Facility,None,Washroom Building,None,MONARCH PARK OUTDOOR POOL BUILDING
1299,14289,145,Pickleball Court,None,None,None,MONARCH PARK - Outdoor Artificial Ice Rink
1300,14289,145,Pickleball Court,None,None,None,MONARCH PARK - Outdoor Artificial Ice Rink
1301,14289,145,Pickleball Court,None,None,None,MONARCH PARK - Outdoor Artificial Ice Rink
1302,14289,145,Pickleball Court,None,None,None,MONARCH PARK - Outdoor Artificial Ice Rink
1303,23628,145,Bike Trail,None,Bike Trail,None,MONARCH PARK TRAIL (  1)
1304,23629,145,Bike Trail,None,Bike Trail,None,MONARCH PARK TRAIL (  2)
1305,23630,145,Bike Trail,None,Bike Trail,None,MONARCH PARK TRAIL (  3)
1306,23631,145,Bike Trail,None,Bike Trail,None,MONARCH PARK TRAIL (  4)
1307,28329,145,Picnic Site,picnic,Picnic Site,None,MONARCH PARK - Picnic Site
1308,30457,145,Dressing Room,None,Change Room,None,MONARCH PARK OUTDOOR POOL BUILDING - Dressing Room - Male (  1)
1309,30458,145,Dressing Room,None,Change Room,None,MONARCH PARK OUTDOOR POOL BUILDING - Dressing Room - Male (  2)
1310,30459,145,Dressing Room,None,Change Room,None,MONARCH PARK OUTDOOR POOL BUILDING - Dressing Room - Female (  1)
1311,30460,145,Dressing Room,None,Change Room,None,MONARCH PARK OUTDOOR POOL BUILDING - Dressing Room - Female (  2)
1312,34196,145,Playground,None,Playground Site,None,MONARCH PARK - Playground
1313,43593,145,Outdoor Rink,ice,Outdoor Ice Pad,None,MONARCH PARK - Outdoor Ice Pad
1314,49822,145,Outdoor Table Tennis,None,Outdoor Table Tennis,None,MONARCH PARK - Outdoor Table Tennis
1315,77834,145,Bottle Filling Station,None,Water Bottle Filling Count,None,MONARCH PARK - Drinking Water Source (  1)
1316,78265,145,Drinking Fountain,None,Drinking Fountain Count,None,MONARCH PARK - Drinking Water Source (  2)
1317,102085,145,Bottle Filling Station,None,Water Bottle Filling Count,None,MONARCH PARK - Drinking Water Source (  3)
1318,102085,145,Bottle Filling Station,None,Water Bottle Filling Count,None,MONARCH PARK - Drinking Water Source (  3)
1319,102222,145,Drinking Fountain,None,Drinking Fountain Count,None,MONARCH PARK - Drinking Water Source (  4)
1320,102223,145,Drinking Fountain,None,Drinking Fountain Count,None,MONARCH PARK - Drinking Water Source (  5)
1321,102224,145,Drinking Fountain,None,Drinking Fountain Count,None,MONARCH PARK - Drinking Water Source (  6)
1322,102224,145,Dog Fountain,None,Dog Fountain Count,None,MONARCH PARK - Drinking Water Source (  6)
1323,2118,146,Drinking Fountain,None,Drinking Fountain Count,None,MONCUR PLAYGROUND - Drinking Water Source
1324,17862,146,Ball Diamond,sport,Baseball Diamond Field - C,C,MONCUR PLAYGROUND - Ball Diamond Field
1325,29574,146,Fieldhouse,None,Fieldhouse,None,MONCUR PLAYGROUND - Fieldhouse (  1)
1326,29575,146,Fieldhouse,None,Fieldhouse,None,MONCUR PLAYGROUND - Fieldhouse (  2)
1327,34197,146,Playground,None,Playground Site,None,MONCUR PLAYGROUND - Playground
1328,40904,146,Ball Hockey Pad,None,Ball Hockey Pad,None,MONCUR PLAYGROUND - Ball Hockey
1329,75794,146,Gazebo,None,Gazebo,None,MONCUR PLAYGROUND - Shade Structure
1330,2441,147,Drinking Fountain,None,Drinking Fountain Count,None,CARLTON PARK - Drinking Water Source (  1)
1331,3461,147,Outdoor Basketball Court,None,Basketball Court,None,CARLTON PARK - Basketball Court
1332,4757,147,Wading Pool,None,Wading Pool,None,CARLTON PARK - Wading Pool
1333,29195,147,Firepit,None,Firepit,None,CARLTON PARK - Firepit
1334,43042,147,Playground,None,Playground Site,None,CARLTON PARK - Playground
1335,79176,147,Drinking Fountain,None,Drinking Fountain Count,None,CARLTON PARK - Drinking Water Source (  2)
1336,79176,147,Dog Fountain,None,Dog Fountain Count,None,CARLTON PARK - Drinking Water Source (  2)
1337,33907,148,Playground,None,Playground Site,None,SACKVILLE PLAYGROUND - Playground
1338,70842,148,Splash Pad,None,Splash/Spray Pad,None,SACKVILLE PLAYGROUND - Splash/Spray Pad
1339,78114,148,Bottle Filling Station,None,Water Bottle Filling Count,None,SACKVILLE PLAYGROUND - Drinking Water Source
1340,78114,148,Drinking Fountain,None,Drinking Fountain Count,None,SACKVILLE PLAYGROUND - Drinking Water Source
1341,4064,149,Wading Pool,None,Wading Pool,None,SHERWOOD PARK - Wading Pool
1342,17926,149,Ball Diamond,sport,Baseball Diamond Field - C,C,SHERWOOD PARK - Ball Diamond Field
1343,18544,149,Dogs Off-Leash Area,None,Off Leash Area,None,SHERWOOD PARK - Off Leash Area
1344,28345,149,Picnic Site,picnic,Picnic Site,None,SHERWOOD PARK - Picnic Site (  2)
1345,32452,149,Parking Lot,None,Outdoor Parking Lot,None,SHERWOOD PARK - Outdoor Parking Lot (  1)
1346,34181,149,Playground,None,Playground Site,None,SHERWOOD PARK - Playground
1347,46463,149,Picnic Shelter,picnic,Shelter,None,SHERWOOD PARK - Shade Structure
1348,49570,149,Picnic Site,picnic,Picnic Site,None,SHERWOOD PARK -  Picnic Site (  1)
1349,93642,149,Washroom Facility,None,Washroom Building,None,SHERWOOD PARK - Washroom Building
1350,102181,149,Drinking Fountain,None,Drinking Fountain Count,None,SHERWOOD PARK - Drinking Water Source (  1)
1351,102280,149,Dog Fountain,None,Dog Fountain Count,None,SHERWOOD PARK - Drinking Water Source (  2)
1352,850087,149,Parking Lot,None,Outdoor Parking Lot,None,SHERWOOD PARK - Outdoor Parking Lot (  2)
1353,2676,150,Drinking Fountain,None,Drinking Fountain Count,None,RANDY PADMORE PARK - Drinking Water Source
1354,5213,150,Wading Pool,None,Wading Pool,None,RANDY PADMORE PARK - Wading Pool
1355,34332,150,Playground,None,Playground Site,None,RANDY PADMORE PARK - Playground
1356,34527,151,Playground,None,Playground Site,None,JEAN SIBELIUS SQUARE - Playground
1357,49595,151,Picnic Site,picnic,Picnic Site,None,JEAN SIBELIUS SQUARE - Picnic Site
1358,79226,151,Washroom Facility,None,Washroom Building,None,JEAN SIBELIUS SQUARE - Fieldhouse
1359,79226,151,Fieldhouse,None,Fieldhouse,None,JEAN SIBELIUS SQUARE - Fieldhouse
1360,80209,151,Drinking Fountain,None,Drinking Fountain Count,None,JEAN SIBELIUS SQUARE - Drinking Water Source
1361,2216,155,Drinking Fountain,None,Drinking Fountain Count,None,JIMMIE SIMPSON PARK - Drinking Water Source (  1)
1362,3069,155,Ball Hockey Pad,None,Ball Hockey Pad,None,JIMMIE SIMPSON PARK - Ball Hockey
1363,3070,155,Outdoor Basketball Court,None,Basketball Court,None,JIMMIE SIMPSON PARK - Basketball Court
1364,3072,155,Outdoor Tennis Court,None,Outdoor Tennis Court,None,JIMMIE SIMPSON PARK - Outdoor Tennis Court (  1)
1365,3073,155,Outdoor Tennis Court,None,Outdoor Tennis Court,None,JIMMIE SIMPSON PARK - Outdoor Tennis Court (  2)
1366,4237,155,Wading Pool,None,Wading Pool,None,JIMMIE SIMPSON PARK - Wading Pool
1367,14287,155,Pickleball Court,None,None,None,JIMMIE SIMPSON PARK - Outdoor Artificial Ice Rink
1368,14287,155,Pickleball Court,None,None,None,JIMMIE SIMPSON PARK - Outdoor Artificial Ice Rink
1369,14287,155,Pickleball Court,None,None,None,JIMMIE SIMPSON PARK - Outdoor Artificial Ice Rink
1370,14287,155,Pickleball Court,None,None,None,JIMMIE SIMPSON PARK - Outdoor Artificial Ice Rink
1371,14287,155,Outdoor Dry Pad,ice,Outdoor Dry Pad - A,A,JIMMIE SIMPSON PARK - Outdoor Artificial Ice Rink
1372,17814,155,Ball Diamond,sport,Baseball Diamond Field - C,C,JIMMIE SIMPSON PARK - Ball Diamond Field
1373,17815,155,Sport Field,sport,Soccer Field - C,C,JIMMIE SIMPSON PARK - Soccer Field
1374,28312,155,Picnic Site,picnic,Picnic Site,None,JIMMIE SIMPSON PARK - Picnic Site
1375,32368,155,Parking Lot,None,Outdoor Parking Lot,None,JIMMIE SIMPSON PARK - Outdoor Parking Lot
1376,34535,155,Playground,None,Playground Site,None,JIMMIE SIMPSON PARK - Playground
1377,43591,155,Outdoor Rink,ice,Outdoor Ice Pad,None,JIMMIE SIMPSON PARK - Outdoor Ice Pad
1378,77814,155,Bottle Filling Station,None,Water Bottle Filling Count,None,JIMMIE SIMPSON PARK - Drinking Water Source (  2)
1379,132561,155,Bottle Filling Station,None,Water Bottle Filling Count,None,JIMMIE SIMPSON PARK - Drinking Water Source (  3)
1380,33847,156,Playground,None,Playground Site,None,SNIDER PARKETTE - Playground
1381,49827,156,Outdoor Table Tennis,None,Outdoor Table Tennis,None,SNIDER PARKETTE - Outdoor Table Tennis
1382,71183,156,Outdoor Fitness Equipment,None,Outdoor Fitness Equipment,None,SNIDER PARKETTE - Outdoor Fitness Equipment Area - Outdoor Fitness Equipment (  1)
1383,71202,156,Outdoor Fitness Equipment,None,Outdoor Fitness Equipment,None,SNIDER PARKETTE - Outdoor Fitness Equipment Area - Outdoor Fitness Equipment (  2)
1384,71203,156,Outdoor Fitness Equipment,None,Outdoor Fitness Equipment,None,SNIDER PARKETTE - Outdoor Fitness Equipment Area - Outdoor Fitness Equipment (  3)
1385,71204,156,Outdoor Fitness Equipment,None,Outdoor Fitness Equipment,None,SNIDER PARKETTE - Outdoor Fitness Equipment Area - Outdoor Fitness Equipment (  4)
1386,71205,156,Outdoor Fitness Equipment,None,Outdoor Fitness Equipment,None,SNIDER PARKETTE - Outdoor Fitness Equipment Area - Outdoor Fitness Equipment (  5)
1387,2438,157,Drinking Fountain,None,Drinking Fountain Count,None,CASSELS AVENUE PLAYGROUND - Drinking Water Source
1388,2832,157,Dogs Off-Leash Area,None,Off Leash Area,None,CASSELS AVENUE PLAYGROUND - Off Leash Area
1389,4749,157,Splash Pad,None,Splash/Spray Pad,None,CASSELS AVENUE PLAYGROUND - Splash/Spray Pad
1390,29321,157,Fieldhouse,None,Fieldhouse,None,CASSELS AVENUE PLAYGROUND - Fieldhouse
1391,34184,157,Playground,None,Playground Site,None,CASSELS AVENUE PLAYGROUND - Playground
1392,33849,158,Playground,None,Playground Site,None,SONYA'S PARK - Playground
1393,102108,158,Bottle Filling Station,None,Water Bottle Filling Count,None,SONYA'S PARK - Drinking Water Source
1394,29322,161,Fieldhouse,None,Fieldhouse,None,CAWTHRA PLAYGROUND - Fieldhouse
1395,34385,161,Playground,None,Playground Site,None,CAWTHRA PLAYGROUND - Playground
1396,102054,161,Bottle Filling Station,None,Water Bottle Filling Count,None,CAWTHRA PLAYGROUND - Drinking Water Source
1397,132743,161,Outdoor Table Tennis,None,Outdoor Table Tennis,None,CAWTHRA PLAYGROUND - Outdoor Table Tennis
1398,2433,163,Dog Fountain,None,Dog Fountain Count,None,BARBARA HALL PARK - Drinking Water Source (  1)
1399,2433,163,Drinking Fountain,None,Drinking Fountain Count,None,BARBARA HALL PARK - Drinking Water Source (  1)
1400,2829,163,Dogs Off-Leash Area,None,Off Leash Area,None,BARBARA HALL PARK - Off Leash Area
1401,4738,163,Playground,None,Playground Site,None,BARBARA HALL PARK - Playground
1402,43265,163,Splash Pad,None,Splash/Spray Pad,None,BARBARA HALL PARK - Splash/Spray Pad
1403,102271,163,Dog Fountain,None,Dog Fountain Count,None,BARBARA HALL PARK - Drinking Water Source (  2)
1404,3865,167,Pickleball Court,None,None,None,RAMSDEN PARK - Tennis Court Area (  2)
1405,3867,167,Outdoor Tennis Court,None,Outdoor Tennis Court,None,RAMSDEN PARK - Outdoor Tennis Court (  1)
1406,3868,167,Outdoor Tennis Court,None,Outdoor Tennis Court,None,RAMSDEN PARK - Outdoor Tennis Court (  2)
1407,3869,167,Outdoor Tennis Court,None,Outdoor Tennis Court,None,RAMSDEN PARK - Outdoor Tennis Court (  3)
1408,3870,167,Outdoor Tennis Court,None,Outdoor Tennis Court,None,RAMSDEN PARK - Outdoor Tennis Court (  4)
1409,3871,167,Outdoor Tennis Court,None,Outdoor Tennis Court,None,RAMSDEN PARK - Outdoor Tennis Court (  1)
1410,3872,167,Outdoor Tennis Court,None,Outdoor Tennis Court,None,RAMSDEN PARK - Outdoor Tennis Court (  1)
1411,3873,167,Outdoor Tennis Court,None,Outdoor Tennis Court,None,RAMSDEN PARK - Outdoor Tennis Court (  3)
1412,3874,167,Outdoor Tennis Court,None,Outdoor Tennis Court,None,RAMSDEN PARK - Outdoor Tennis Court (  2)
1413,3875,167,Outdoor Tennis Court,None,Outdoor Tennis Court,None,RAMSDEN PARK - Outdoor Tennis Court (  2)
1414,3876,167,Outdoor Tennis Court,None,Outdoor Tennis Court,None,RAMSDEN PARK - Outdoor Tennis Court (  3)
1415,3877,167,Outdoor Tennis Court,None,Outdoor Tennis Court,None,RAMSDEN PARK - Outdoor Tennis Court (  4)
1416,3878,167,Outdoor Tennis Court,None,Outdoor Tennis Court,None,RAMSDEN PARK - Outdoor Tennis Court (  4)
1417,5219,167,Splash Pad,None,Splash/Spray Pad,None,RAMSDEN PARK - Splash Pad
1418,14292,167,Pickleball Court,None,None,None,RAMSDEN PARK - Outdoor Artificial Ice Rink
1419,14292,167,Pickleball Court,None,None,None,RAMSDEN PARK - Outdoor Artificial Ice Rink
1420,14292,167,Pickleball Court,None,None,None,RAMSDEN PARK - Outdoor Artificial Ice Rink
1421,14292,167,Pickleball Court,None,None,None,RAMSDEN PARK - Outdoor Artificial Ice Rink
1422,14292,167,Pickleball Court,None,None,None,RAMSDEN PARK - Outdoor Artificial Ice Rink
1423,14292,167,Pickleball Court,None,None,None,RAMSDEN PARK - Outdoor Artificial Ice Rink
1424,14292,167,Pickleball Court,None,None,None,RAMSDEN PARK - Outdoor Artificial Ice Rink
1425,14293,167,Outdoor Rink,ice,Outdoor Ice Pad,None,RAMSDEN PARK - Outdoor Ice Pad (  1)
1426,17902,167,Ball Diamond,sport,Baseball Diamond Field - C,C,RAMSDEN PARK - Ball Diamond Field
1427,23767,167,Bike Trail,None,Bike Trail,None,RAMSDEN PARK TRAIL (  1)
1428,23768,167,Bike Trail,None,Bike Trail,None,RAMSDEN PARK TRAIL (  2)
1429,28336,167,Picnic Site,picnic,Picnic Site,None,RAMSDEN PARK - Picnic Site
1430,28895,167,Washroom Facility,None,Washroom Building,None,RAMSDEN PARK A.I.R. BUILDING
1431,29606,167,Washroom Facility,None,Washroom Building,None,RAMSDEN PARK - Washroom Building
1432,29954,167,Dressing Room,None,Change Room,None,RAMSDEN PARK A.I.R. BUILDING - Dressing Room
1433,30607,167,Dressing Room,None,Change Room,None,RAMSDEN PARK A.I.R. BUILDING - Dressing Room - Unisex (  1)
1434,30608,167,Dressing Room,None,Change Room,None,RAMSDEN PARK A.I.R. BUILDING - Dressing Room - Unisex (  2)
1435,30609,167,Dressing Room,None,Change Room,None,RAMSDEN PARK A.I.R. BUILDING - Dressing Room - Unisex (  3)
1436,32427,167,Parking Lot,None,Outdoor Parking Lot,None,RAMSDEN PARK - Outdoor Parking Lot
1437,34330,167,Playground,None,Playground Site,None,RAMSDEN PARK - Playground S
1438,43022,167,Playground,None,Playground Site,None,RAMSDEN PARK - Playground N
1439,43596,167,Outdoor Rink,ice,Outdoor Ice Pad,None,RAMSDEN PARK - Outdoor Ice Pad (  2)
1440,72622,167,Dogs Off-Leash Area,None,Off Leash Area,None,RAMSDEN PARK - Off Leash Area
1441,72623,167,Wading Pool,None,Wading Pool,None,RAMSDEN PARK - Wading Pool
1442,73203,167,Outdoor Basketball Court,None,Basketball Court,None,RAMSDEN PARK - Basketball Court (  1)
1443,73204,167,Outdoor Basketball Court,None,Basketball Court,None,RAMSDEN PARK - Basketball Court (  2)
1444,102068,167,Drinking Fountain,None,Drinking Fountain Count,None,RAMSDEN PARK - Drinking Water Source (  1)
1445,102068,167,Bottle Filling Station,None,Water Bottle Filling Count,None,RAMSDEN PARK - Drinking Water Source (  1)
1446,102070,167,Bottle Filling Station,None,Water Bottle Filling Count,None,RAMSDEN PARK - Drinking Water Source (  2)
1447,102070,167,Drinking Fountain,None,Drinking Fountain Count,None,RAMSDEN PARK - Drinking Water Source (  2)
1448,102071,167,Bottle Filling Station,None,Water Bottle Filling Count,None,RAMSDEN PARK - Drinking Water Source (  3)
1449,102071,167,Drinking Fountain,None,Drinking Fountain Count,None,RAMSDEN PARK - Drinking Water Source (  3)
1450,102072,167,Bottle Filling Station,None,Water Bottle Filling Count,None,RAMSDEN PARK - Drinking Water Source (  4)
1451,102074,167,Bottle Filling Station,None,Water Bottle Filling Count,None,RAMSDEN PARK - Drinking Water Source (  5)
1452,102074,167,Drinking Fountain,None,Drinking Fountain Count,None,RAMSDEN PARK - Drinking Water Source (  5)
1453,102209,167,Drinking Fountain,None,Drinking Fountain Count,None,RAMSDEN PARK - Drinking Water Source (  6)
1454,102209,167,Dog Fountain,None,Dog Fountain Count,None,RAMSDEN PARK - Drinking Water Source (  6)
1455,132745,167,Outdoor Table Tennis,None,Outdoor Table Tennis,None,RAMSDEN PARK - Outdoor Table Tennis (  1)
1456,132746,167,Outdoor Table Tennis,None,Outdoor Table Tennis,None,RAMSDEN PARK - Outdoor Table Tennis (  2)
1457,3995,168,Outdoor Tennis Court,None,Outdoor Tennis Court,None,MOOREVALE PARK - Outdoor Tennis Court (  1)
1458,3996,168,Outdoor Tennis Court,None,Outdoor Tennis Court,None,MOOREVALE PARK - Outdoor Tennis Court (  2)
1459,3997,168,Outdoor Tennis Court,None,Outdoor Tennis Court,None,MOOREVALE PARK - Outdoor Tennis Court (  3)
1460,3998,168,Outdoor Tennis Court,None,Outdoor Tennis Court,None,MOOREVALE PARK - Outdoor Tennis Court (  4)
1461,3999,168,Outdoor Tennis Court,None,Outdoor Tennis Court,None,MOOREVALE PARK - Outdoor Tennis Court (  5)
1462,17863,168,Ball Diamond,sport,Baseball Diamond Field - C,C,MOOREVALE PARK - Ball Diamond Field
1463,28058,168,Bowling Green,None,Bowling Green,None,MOOREVALE PARK - Bowling Green
1464,29576,168,Change Room Facility,None,Changeroom Building,None,MOOREVALE PARK - Change Room Building
1465,30923,168,Washroom Facility,None,Washroom Building,None,MOOREVALE PARK LAWN BOWLING AND TENNIS CLUB
1466,80545,168,Playground,None,Playground Site,None,MOOREVALE PARK - Playground
1467,102050,168,Bottle Filling Station,None,Water Bottle Filling Count,None,MOOREVALE PARK - Drinking Water Source (  1)
1468,102187,168,Drinking Fountain,None,Drinking Fountain Count,None,MOOREVALE PARK - Drinking Water Source (  2)
1469,116984,168,Splash Pad,None,Splash/Spray Pad,None,MOOREVALE PARK - Splash/Spray Pad
1470,132741,168,Outdoor Table Tennis,None,Outdoor Table Tennis,None,MOOREVALE PARK - Outdoor Table Tennis
1471,4863,170,Wading Pool,None,Wading Pool,None,RAVINA GARDENS - Wading Pool
1472,18086,170,Ball Diamond,sport,Baseball Diamond Field - C,C,RAVINA GARDENS - Ball Diamond Field (  1)
1473,18087,170,Ball Diamond,sport,Baseball Diamond Field - C,C,RAVINA GARDENS - Ball Diamond Field (  2)
1474,29609,170,Fieldhouse,None,Fieldhouse,None,RAVINA GARDENS - Fieldhouse
1475,34334,170,Playground,None,Playground Site,None,RAVINA GARDENS - Playground
1476,73762,170,Splash Pad,None,Splash/Spray Pad,None,RAVINA GARDENS - Splash/Spray Pad
1477,73802,170,Bottle Filling Station,None,Water Bottle Filling Count,None,RAVINA GARDENS - Drinking Water Source
1478,73822,170,Picnic Shelter,picnic,Shelter,None,RAVINA GARDENS - Shade Structure (  1)
1479,13023,171,Washroom Facility,None,Washroom Building,None,EARL BALES COMMUNITY CENTRE
1480,47977,171,Meeting Room,None,None,None,EARL BALES COMMUNITY CENTRE - Meeting Room (  1)
1481,47978,171,Multipurpose Room,room,Room - C,C,EARL BALES COMMUNITY CENTRE - Multipurpose Room
1482,48200,171,Gallery,room,Gallery/Hall  - B,B,EARL BALES COMMUNITY CENTRE - Gallery/Hall
1483,48201,171,Meeting Room,None,None,None,EARL BALES COMMUNITY CENTRE - Meeting Room (  2)
1484,48202,171,Meeting Room,None,None,None,EARL BALES COMMUNITY CENTRE - Meeting Room (  3)
1485,71282,171,Gymnasium,gym,Gymnasium - B,B,EARL BALES COMMUNITY CENTRE - Gymnasium
1486,2609,172,Drinking Fountain,None,Drinking Fountain Count,None,SPENCER - COWAN PARKETTE - Drinking Water Source
1487,5079,172,Wading Pool,None,Wading Pool,None,SPENCER - COWAN PARKETTE - Wading Pool
1488,33851,172,Playground,None,Playground Site,None,SPENCER - COWAN PARKETTE - Playground
1489,5360,174,Wading Pool,None,Wading Pool,None,MORSE STREET PLAYGROUND - Wading Pool
1490,29581,174,Fieldhouse,None,Fieldhouse,None,MORSE STREET PLAYGROUND - Fieldhouse
1491,29581,174,Washroom Facility,None,Washroom Building,None,MORSE STREET PLAYGROUND - Fieldhouse
1492,34204,174,Playground,None,Playground Site,None,MORSE STREET PLAYGROUND - Playground
1493,76722,174,Outdoor Table Tennis,None,Outdoor Table Tennis,None,MORSE STREET PLAYGROUND - Outdoor Table Tennis
1494,93963,174,Splash Pad,None,Splash/Spray Pad,None,MORSE STREET PLAYGROUND - Splash/Spray Pad
1495,102067,174,Bottle Filling Station,None,Water Bottle Filling Count,None,MORSE STREET PLAYGROUND - Drinking Water Source
1496,34338,176,Playground,None,Playground Site,None,REDPATH AVENUE PARKETTE - Playground
1497,2735,177,Drinking Fountain,None,Drinking Fountain Count,None,MOSS PARK - Drinking Water Source (  1)
1498,2735,177,Dog Fountain,None,Dog Fountain Count,None,MOSS PARK - Drinking Water Source (  1)
1499,2737,177,Drinking Fountain,None,Drinking Fountain Count,None,MOSS PARK - Drinking Water Source (  3)
1500,2801,177,Community Garden,None,Community Garden,None,MOSS PARK COMMUNITY KITCHEN GARDEN
1501,3978,177,Outdoor Basketball Court,None,Basketball Court,None,MOSS PARK - Basketball Court (  1)
1502,3982,177,Outdoor Tennis Court,None,Outdoor Tennis Court,None,MOSS PARK - Outdoor Tennis Court (  2)
1503,5356,177,Splash Pad,None,Splash/Spray Pad,None,MOSS PARK - Splash/Spray Pad
1504,28366,177,Outdoor Basketball Court,None,Basketball Court,None,MOSS PARK - Basketball Court (  2)
1505,32410,177,Parking Lot,None,Outdoor Parking Lot,None,MOSS PARK - Outdoor Parking Lot
1506,34205,177,Playground,None,Playground Site,None,MOSS PARK - Playground
1507,43677,177,Sports Pad Area,None,Sportspad Area,None,MOSS PARK - Sportspad Area
1508,74043,178,Outdoor Chess Table,None,Outdoor Chess Table,None,GEORGE CHATER PARKETTE - Outdoor Chess Table (  1)
1509,74044,178,Outdoor Chess Table,None,Outdoor Chess Table,None,GEORGE CHATER PARKETTE - Outdoor Chess Table (  2)
1510,3850,181,Outdoor Tennis Court,None,Outdoor Tennis Court,None,RENNIE PARK - Outdoor Tennis Court (  1)
1511,3851,181,Outdoor Tennis Court,None,Outdoor Tennis Court,None,RENNIE PARK - Outdoor Tennis Court (  2)
1512,3852,181,Outdoor Tennis Court,None,Outdoor Tennis Court,None,RENNIE PARK - Outdoor Tennis Court (  3)
1513,3853,181,Outdoor Tennis Court,None,Outdoor Tennis Court,None,RENNIE PARK - Outdoor Tennis Court (  4)
1514,5200,181,Shuffle Board,None,Shuffle Board,None,RENNIE PARK - Shuffle Board (  1)
1515,5201,181,Shuffle Board,None,Shuffle Board,None,RENNIE PARK - Shuffle Board (  2)
1516,5202,181,Wading Pool,None,Wading Pool,None,RENNIE PARK - Wading Pool
1517,6173,181,Picnic Shelter,picnic,Shelter,None,RENNIE PARK - Shade Structure (  1)
1518,28337,181,Picnic Site,picnic,Picnic Site,None,RENNIE PARK - Picnic Site (  1)
1519,29351,181,Washroom Facility,None,Washroom Building,None,DAVID H. WILLIAMS CLUBHOUSE
1520,32542,181,Parking Lot,None,Outdoor Parking Lot,None,RENNIE PARK - Outdoor Parking Lot
1521,34175,181,Playground,None,Playground Site,None,RENNIE PARK - Playground
1522,43614,181,Outdoor Rink,ice,Outdoor Ice Pad,None,RENNIE PARK - Outdoor Ice Pad
1523,57381,181,Pond,None,Open Water,None,RENNIE PARK - Open Water (  1)
1524,57382,181,Pond,None,Open Water,None,RENNIE PARK - Open Water (  2)
1525,59902,181,Skate Trail,None,Skate Trail,None,RENNIE PARK - Skate Trail
1526,102025,181,Bottle Filling Station,None,Water Bottle Filling Count,None,RENNIE PARK - Drinking Water Source (  1)
1527,102026,181,Bottle Filling Station,None,Water Bottle Filling Count,None,RENNIE PARK - Drinking Water Source (  2)
1528,101625,183,Playground,None,Playground Site,None,ST. ANDREW'S PLAYGROUND - Playground
1529,101627,183,Dogs Off-Leash Area,None,Off Leash Area,None,ST. ANDREW'S PLAYGROUND - Off Leash Area
1530,101685,183,Bottle Filling Station,None,Water Bottle Filling Count,None,ST. ANDREW'S PLAYGROUND - Drinking Water Source (  1)
1531,132641,183,Dog Fountain,None,Dog Fountain Count,None,ST. ANDREW'S PLAYGROUND - Drinking Water Source (  2)
1532,2670,186,Drinking Fountain,None,Drinking Fountain Count,None,RITCHIE AVENUE PARKETTE - Drinking Water Source
1533,33885,186,Playground,None,Playground Site,None,RITCHIE AVENUE PARKETTE - Playground
1534,41905,186,Outdoor Table Tennis,None,Outdoor Table Tennis,None,RITCHIE AVENUE PARKETTE - Outdoor Table Tennis
1535,34207,187,Playground,None,Playground Site,None,MOUNT ROYAL PARKETTE - Playground
1536,1886,189,Washroom Facility,None,Washroom Building,None,NORTH TORONTO MEMORIAL COMMUNITY CENTRE
1537,4516,189,Outdoor Pool,pool,Outdoor Pool Tank,None,NORTH TORONTO MEMORIAL - Outdoor Pool Tank
1538,10498,189,Indoor Pool,pool,Indoor Pool Tank - A,A,NORTH TORONTO MEMORIAL COMMUNITY CENTRE - Indoor Pool Tank
1539,29890,189,Kitchen,room,Kitchen - A,A,NORTH TORONTO MEMORIAL COMMUNITY RECREATION CENTRE - Kitchen
1540,30473,189,Dressing Room,None,Change Room,None,NORTH TORONTO MEMORIAL COMMUNITY CENTRE - Dressing Room - Family
1541,30474,189,Dressing Room,None,Change Room,None,NORTH TORONTO MEMORIAL COMMUNITY CENTRE - Dressing Room - Female (  1)
1542,30475,189,Dressing Room,None,Change Room,None,NORTH TORONTO MEMORIAL COMMUNITY CENTRE - Dressing Room - Female (  2)
1543,30476,189,Dressing Room,None,Change Room,None,NORTH TORONTO MEMORIAL COMMUNITY CENTRE - Dressing Room - Male (  1)
1544,30477,189,Dressing Room,None,Change Room,None,NORTH TORONTO MEMORIAL COMMUNITY CENTRE - Dressing Room - Male (  2)
1545,40861,189,Weight/Cardio Room,None,Room-Fitness/Weight,None,NORTH TORONTO MEMORIAL COMMUNITY CENTRE - Fitness Centre
1546,41444,189,Gymnasium,gym,Gymnasium - A,A,NORTH TORONTO MEMORIAL COMMUNITY CENTRE - Gymnasium
1547,43584,189,Outdoor Rink,ice,Outdoor Ice Pad,None,NORTH TORONTO MEMORIAL - Outdoor Ice Pad (  2)
1548,43728,189,Outdoor Rink,ice,Outdoor Ice Pad,None,NORTH TORONTO MEMORIAL - Outdoor Ice Pad (  1)
1549,48037,189,Lounge,room,Room - B,B,NORTH TORONTO MEMORIAL COMMUNITY CENTRE - Lounge
1550,48038,189,Multipurpose Room,room,Room - A,A,NORTH TORONTO MEMORIAL COMMUNITY CENTRE - Multipurpose Room (  1)
1551,48039,189,Multipurpose Room,room,Room - C,C,NORTH TORONTO MEMORIAL COMMUNITY CENTRE - Multipurpose Room (  2)
1552,48392,189,Craft Room,room,Room-Craft - C,C,NORTH TORONTO MEMORIAL COMMUNITY CENTRE - Craft Room
1553,48393,189,Fitness/Dance Studio,None,Room - C,C,NORTH TORONTO MEMORIAL COMMUNITY CENTRE - Fitness/Dance Studio
1554,48394,189,Meeting Room,None,None,None,NORTH TORONTO MEMORIAL COMMUNITY CENTRE - Meeting Room
1555,78859,189,Indoor Track,None,Indoor Track,None,NORTH TORONTO MEMORIAL COMMUNITY CENTRE - Indoor Track
1556,4700,190,Wading Pool,None,Wading Pool,None,CHELSEA AVENUE PLAYGROUND - Wading Pool
1557,29328,190,Fieldhouse,None,Fieldhouse,None,CHELSEA AVENUE PLAYGROUND - Fieldhouse
1558,34403,190,Playground,None,Playground Site,None,CHELSEA AVENUE PLAYGROUND - Playground
1559,102043,190,Bottle Filling Station,None,Water Bottle Filling Count,None,CHELSEA AVENUE PLAYGROUND - Drinking Water Source (  2)
1560,967853,190,Gazebo,None,Gazebo,None,CHELSEA AVENUE PLAYGROUND - Shade Structure
1561,2601,191,Drinking Fountain,None,Drinking Fountain Count,None,ST. JAMES TOWN WEST PARK - Drinking Water Source
1562,33855,191,Playground,None,Playground Site,None,ST. JAMES TOWN WEST PARK - Playground
1563,2415,192,Drinking Fountain,None,Drinking Fountain Count,None,CHORLEY PARK - Drinking Water Source
1564,2415,192,Dog Fountain,None,Dog Fountain Count,None,CHORLEY PARK - Drinking Water Source
1565,40269,192,Bike Trail,None,Bike Trail,None,CHORLEY PARK TRAIL (  1)
1566,40270,192,Bike Trail,None,Bike Trail,None,CHORLEY PARK TRAIL (  2)
1567,40272,192,Bike Trail,None,Bike Trail,None,CHORLEY PARK TRAIL (  4)
1568,40273,192,Bike Trail,None,Bike Trail,None,CHORLEY PARK TRAIL (  5)
1569,2131,193,Drinking Fountain,None,Drinking Fountain Count,None,ALEXANDER MUIR MEMORIAL GARDENS - Drinking Water Source
1570,102125,194,Drinking Fountain,None,Drinking Fountain Count,None,JOSEPH SHEARD PARKETTE - Drinking Water Source
1571,102125,194,Bottle Filling Station,None,Water Bottle Filling Count,None,JOSEPH SHEARD PARKETTE - Drinking Water Source
1572,2598,195,Drinking Fountain,None,Drinking Fountain Count,None,ST. MARY STREET PARKETTE - Drinking Water Source
1573,2413,196,Drinking Fountain,None,Drinking Fountain Count,None,CHRISTIE PITS PARK - Drinking Water Source (  1)
1574,2414,196,Drinking Fountain,None,Drinking Fountain Count,None,CHRISTIE PITS PARK - Drinking Water Source (  2)
1575,2779,196,Community Garden,None,Community Garden,None,CHRISTIE PITS COMMUNITY GARDEN
1576,3429,196,Outdoor Basketball Court,None,Basketball Court,None,CHRISTIE PITS PARK - Basketball Court
1577,3430,196,Outdoor Volleyball Court,None,Outdoor Volleyball Court,None,CHRISTIE PITS PARK - Volleyball Court
1578,4688,196,Outdoor Pool,pool,Outdoor Pool Tank,None,ALEX DUFF MEMORIAL POOL BUILDING - Outdoor Pool Tank (  1)
1579,4689,196,Outdoor Pool,pool,Outdoor Pool Tank,None,ALEX DUFF MEMORIAL POOL BUILDING - Outdoor Pool Tank (  2)
1580,4690,196,Outdoor Pool,pool,Outdoor Pool Tank,None,ALEX DUFF MEMORIAL POOL BUILDING - Outdoor Pool Tank (  3)
1581,4692,196,Outdoor Pool,pool,Outdoor Pool Tank,None,ALEX DUFF MEMORIAL POOL BUILDING - Outdoor Pool Tank (  4)
1582,4693,196,Wading Pool,None,Wading Pool,None,CHRISTIE PITS PARK - Wading Pool
1583,5861,196,Amphitheatre,special,Amphitheatre,None,CHRISTIE PITS PARK - Amphitheatre
1584,13388,196,Washroom Facility,None,Washroom Building,None,ALEX DUFF MEMORIAL POOL BUILDING
1585,14268,196,Pickleball Court,None,None,None,SID SMITH - Outdoor Artificial Ice Rink
1586,14268,196,Pickleball Court,None,None,None,SID SMITH - Outdoor Artificial Ice Rink
1587,14268,196,Pickleball Court,None,None,None,SID SMITH - Outdoor Artificial Ice Rink
1588,14268,196,Pickleball Court,None,None,None,SID SMITH - Outdoor Artificial Ice Rink
1589,14268,196,Pickleball Court,None,None,None,SID SMITH - Outdoor Artificial Ice Rink
1590,17713,196,Sport Field,sport,Soccer Field - C,C,CHRISTIE PITS PARK - Soccer Field
1591,18137,196,Ball Diamond,sport,Baseball Diamond Field - A,A,DOMINICO FIELD
1592,18138,196,Ball Diamond,sport,Baseball Diamond Field - C,C,CHRISTIE PITS PARK - Ball Diamond Field (  3) - S
1593,18139,196,Ball Diamond,sport,Baseball Diamond Field - B,B,CHRISTIE PITS PARK - Ball Diamond Field (  2) - NW
1594,28286,196,Picnic Site,picnic,Picnic Site,None,CHRISTIE PITS PARK - Picnic Site (  1)
1595,28886,196,Change Room Facility,None,Changeroom Building,None,SID SMITH A.I.R. BUILDING
1596,28886,196,Washroom Facility,None,Washroom Building,None,SID SMITH A.I.R. BUILDING
1597,29196,196,Firepit,None,Firepit,None,CHRISTIE PITS PARK - Firepit
1598,29761,196,Kitchen,room,Kitchen,None,ALEX DUFF MEMORIAL POOL BUILDING - Kitchen
1599,29788,196,Kitchen,room,Kitchen,None,SID SMITH A.I.R. BUILDING - Kitchen
1600,30108,196,Dressing Room,None,Change Room,None,SID SMITH A.I.R. BUILDING - Dressing Room - Family
1601,32244,196,Parking Lot,None,Outdoor Parking Lot,None,CHRISTIE PITS PARK - Outdoor Parking Lot
1602,34407,196,Playground,None,Playground Site,None,CHRISTIE PITS PARK - Playground
1603,36305,196,Outdoor Oven,None,Outdoor Oven,None,CHRISTIE PITS PARK - Bake Oven
1604,36482,196,Washroom Facility,None,Washroom Building,None,CHRISTIE PITS PARK - Clubhouse
1605,40288,196,Bike Trail,None,Bike Trail,None,CHRISTIE PITS PARK TRAIL ( 15)
1606,40291,196,Bike Trail,None,Bike Trail,None,CHRISTIE PITS PARK TRAIL ( 18)
1607,40292,196,Bike Trail,None,Bike Trail,None,CHRISTIE PITS PARK TRAIL ( 19)
1608,43578,196,Outdoor Rink,ice,Outdoor Ice Pad,None,SID SMITH - Outdoor Ice Pad
1609,43676,196,Sports Pad Area,None,Sportspad Area,None,CHRISTIE PITS PARK - Sportspad Area
1610,46462,196,Picnic Shelter,picnic,Shelter,None,CHRISTIE PITS PARK - Shade Structure
1611,48096,196,Meeting Room,None,None,None,ALEX DUFF MEMORIAL POOL BUILDING - Meeting Room (  1)
1612,48097,196,Meeting Room,None,None,None,ALEX DUFF MEMORIAL POOL BUILDING - Meeting Room (  2)
1613,49582,196,Picnic Site,picnic,Picnic Site,None,CHRISTIE PITS PARK - Picnic Site (  2)
1614,49583,196,Picnic Site,picnic,Picnic Site,None,CHRISTIE PITS PARK - Picnic Site (  3)
1615,49584,196,Picnic Site,picnic,Picnic Site,None,CHRISTIE PITS PARK - Picnic Site (  4)
1616,49585,196,Picnic Site,picnic,Picnic Site,None,CHRISTIE PITS PARK - Picnic Site (  5)
1617,78175,196,Outdoor Table Tennis,None,Outdoor Table Tennis,None,CHRISTIE PITS PARK - Outdoor Table Tennis (  1)
1618,78176,196,Outdoor Table Tennis,None,Outdoor Table Tennis,None,CHRISTIE PITS PARK - Outdoor Table Tennis (  2)
1619,78177,196,Outdoor Table Tennis,None,Outdoor Table Tennis,None,CHRISTIE PITS PARK - Outdoor Table Tennis (  3)
1620,94407,196,Skateboard Area,None,Skateboard Area,None,CHRISTIE PITS PARK - Skateboard Area
1621,102116,196,Bottle Filling Station,None,Water Bottle Filling Count,None,CHRISTIE PITS PARK - Drinking Water Source (  3)
1622,3718,200,Outdoor Tennis Court,None,Outdoor Tennis Court,None,SIR WINSTON CHURCHILL PARK - Outdoor Tennis Court (  4)
1623,3719,200,Outdoor Tennis Court,None,Outdoor Tennis Court,None,SIR WINSTON CHURCHILL PARK - Outdoor Tennis Court (  5)
1624,3720,200,Outdoor Tennis Court,None,Outdoor Tennis Court,None,SIR WINSTON CHURCHILL PARK - Outdoor Tennis Court (  6)
1625,3721,200,Outdoor Tennis Court,None,Outdoor Tennis Court,None,SIR WINSTON CHURCHILL PARK - Outdoor Tennis Court (  7)
1626,3722,200,Outdoor Tennis Court,None,Outdoor Tennis Court,None,SIR WINSTON CHURCHILL PARK - Outdoor Tennis Court (  8)
1627,3723,200,Outdoor Tennis Court,None,Outdoor Tennis Court,None,SIR WINSTON CHURCHILL PARK - Outdoor Tennis Court (  9)
1628,3724,200,Outdoor Tennis Court,None,Outdoor Tennis Court,None,SIR WINSTON CHURCHILL PARK - Outdoor Tennis Court ( 10)
1629,29641,200,Washroom Facility,None,Washroom Building,None,SIR WINSTON CHURCHILL PARK TENNIS CLUBHOUSE
1630,33839,200,Playground,None,Playground Site,None,SIR WINSTON CHURCHILL PARK - Playground
1631,40529,200,Bike Trail,None,Bike Trail,None,SIR WINSTON CHURCHILL PARK TRAIL (  1)
1632,40530,200,Bike Trail,None,Bike Trail,None,SIR WINSTON CHURCHILL PARK TRAIL (  2)
1633,40531,200,Bike Trail,None,Bike Trail,None,SIR WINSTON CHURCHILL PARK TRAIL (  3)
1634,40532,200,Bike Trail,None,Bike Trail,None,SIR WINSTON CHURCHILL PARK TRAIL (  4)
1635,40929,200,Multipurpose Field,None,Multipurpose Field - B,B,SIR WINSTON CHURCHILL PARK - Multipurpose Field
1636,57391,200,Pond,None,Open Water,None,SIR WINSTON CHURCHILL PARK - Open Water
1637,80583,200,Dogs Off-Leash Area,None,Off Leash Area,None,SIR WINSTON CHURCHILL PARK - Off Leash Area
1638,80648,200,Drinking Fountain,None,Drinking Fountain Count,None,SIR WINSTON CHURCHILL PARK - Drinking Water Source (  1)
1639,80648,200,Dog Fountain,None,Dog Fountain Count,None,SIR WINSTON CHURCHILL PARK - Drinking Water Source (  1)
1640,102038,200,Bottle Filling Station,None,Water Bottle Filling Count,None,SIR WINSTON CHURCHILL PARK - Drinking Water Source (  2)
1641,102038,200,Dog Fountain,None,Dog Fountain Count,None,SIR WINSTON CHURCHILL PARK - Drinking Water Source (  2)
1642,102038,200,Drinking Fountain,None,Drinking Fountain Count,None,SIR WINSTON CHURCHILL PARK - Drinking Water Source (  2)
1643,102201,200,Dog Fountain,None,Dog Fountain Count,None,SIR WINSTON CHURCHILL PARK - Drinking Water Source (  3)
1644,18126,202,Cricket Pitch Field,sport,Cricket Pitch Field - C,C,ASHTONBEE RESERVOIR PARK - Cricket Pitch Field (  1)
1645,18127,202,Cricket Pitch Field,sport,Cricket Pitch Field - C,C,ASHTONBEE RESERVOIR PARK - Cricket Pitch Field (  2)
1646,18128,202,Sport Field,sport,Soccer Field - C,C,ASHTONBEE RESERVOIR PARK - Soccer Field (  1)
1647,18129,202,Sport Field,sport,Soccer Field - C,C,ASHTONBEE RESERVOIR PARK - Soccer Field (  2)
1648,18130,202,Sport Field,sport,Soccer Field - C,C,ASHTONBEE RESERVOIR PARK - Soccer Field (  3)
1649,29276,202,Washroom Facility,None,Washroom Building,None,ASHTONBEE RESERVOIR PARK - Washroom Building
1650,97247,202,Gazebo,None,Gazebo,None,ASHTONBEE RESERVOIR PARK - Shade Structure (  1)
1651,102126,202,Bottle Filling Station,None,Water Bottle Filling Count,None,ASHTONBEE RESERVOIR PARK - Drinking Water Source (  2)
1652,850052,202,Parking Lot,None,Outdoor Parking Lot,None,ASHTONBEE RESERVOIR PARK - Outdoor Parking Lot
1653,2410,204,Dog Fountain,None,Dog Fountain Count,None,CLARENCE SQUARE PARK - Drinking Water Source (  1)
1654,24984,204,Dogs Off-Leash Area,None,Off Leash Area,None,CLARENCE SQUARE PARK - Off Leash Area
1655,57602,204,Dog Fountain,None,Dog Fountain Count,None,CLARENCE SQUARE PARK - Drinking Water Source (  2)
1656,71083,204,Bottle Filling Station,None,Water Bottle Filling Count,None,CLARENCE SQUARE PARK - Drinking Water Source (  3)
1657,2600,205,Drinking Fountain,None,Drinking Fountain Count,None,ST. PATRICKS SQUARE - Drinking Water Source
1658,2423,207,Drinking Fountain,None,Drinking Fountain Count,None,CHARLOTTE MAHER PARK - Drinking Water Source
1659,34397,207,Playground,None,Playground Site,None,CHARLOTTE MAHER PARK - Playground
1660,33872,208,Playground,None,Playground Site,None,SUYDAM PARK - Playground
1661,102063,208,Bottle Filling Station,None,Water Bottle Filling Count,None,SUYDAM PARK - Drinking Water Source
1662,102063,208,Drinking Fountain,None,Drinking Fountain Count,None,SUYDAM PARK - Drinking Water Source
1663,2827,209,Dogs Off-Leash Area,None,Off Leash Area,None,CHERRY BEACH CLARKE BEACH PARK - Off Leash Area
1664,17062,209,Beach,None,Beach,None,CHERRY BEACH
1665,23247,209,Bike Trail,None,Bike Trail,None,MARTIN GOODMAN TRAIL ( 10)
1666,23258,209,Bike Trail,None,Bike Trail,None,MARTIN GOODMAN TRAIL ( 11)
1667,23269,209,Bike Trail,None,Bike Trail,None,MARTIN GOODMAN TRAIL ( 12)
1668,23280,209,Bike Trail,None,Bike Trail,None,MARTIN GOODMAN TRAIL ( 13)
1669,23291,209,Bike Trail,None,Bike Trail,None,MARTIN GOODMAN TRAIL ( 14)
1670,23301,209,Bike Trail,None,Bike Trail,None,MARTIN GOODMAN TRAIL ( 15)
1671,23302,209,Bike Trail,None,Bike Trail,None,MARTIN GOODMAN TRAIL ( 16)
1672,28284,209,Picnic Site,picnic,Picnic Site,None,CHERRY BEACH CLARKE BEACH PARK - Picnic Site (  1)
1673,37108,209,Washroom Facility,None,Washroom Building,None,CHERRY BEACH CLARKE BEACH PARK - Washroom Building
1674,44884,209,Parking Lot,None,Outdoor Parking Lot,None,CHERRY BEACH CLARKE BEACH PARK - Outdoor Parking Lot (  1)
1675,44886,209,Parking Lot,None,Outdoor Parking Lot,None,CHERRY BEACH CLARKE BEACH PARK - Outdoor Parking Lot (  2)
1676,49615,209,Picnic Site,picnic,Picnic Site,None,CHERRY BEACH CLARKE BEACH PARK - Picnic Site (  2)
1677,2660,210,Drinking Fountain,None,Drinking Fountain Count,None,ROSEDALE PARK - Drinking Water Source (  1)
1678,3810,210,Outdoor Tennis Court,None,Outdoor Tennis Court,None,ROSEDALE PARK - Outdoor Tennis Court (  1)
1679,3811,210,Outdoor Tennis Court,None,Outdoor Tennis Court,None,ROSEDALE PARK - Outdoor Tennis Court (  2)
1680,3812,210,Outdoor Tennis Court,None,Outdoor Tennis Court,None,ROSEDALE PARK - Outdoor Tennis Court (  1)
1681,3813,210,Outdoor Tennis Court,None,Outdoor Tennis Court,None,ROSEDALE PARK - Outdoor Tennis Court (  4)
1682,3814,210,Outdoor Tennis Court,None,Outdoor Tennis Court,None,ROSEDALE PARK - Outdoor Tennis Court (  5)
1683,3815,210,Outdoor Tennis Court,None,Outdoor Tennis Court,None,ROSEDALE PARK - Outdoor Tennis Court (  6)
1684,3816,210,Outdoor Tennis Court,None,Outdoor Tennis Court,None,ROSEDALE PARK - Outdoor Tennis Court (  3)
1685,3817,210,Outdoor Tennis Court,None,Outdoor Tennis Court,None,ROSEDALE PARK - Outdoor Tennis Court (  2)
1686,5172,210,Wading Pool,None,Wading Pool,None,ROSEDALE PARK - Wading Pool
1687,14298,210,Outdoor Dry Pad,ice,Outdoor Dry Pad - A,A,ROSEDALE PARK - Outdoor Artificial Ice Rink
1688,17913,210,Ball Diamond,sport,Baseball Diamond Field - B,B,ROSEDALE PARK - Ball Diamond Field
1689,17914,210,Multipurpose Field,None,Multipurpose Field - B,B,ROSEDALE PARK - Multipurpose Field
1690,29616,210,Washroom Facility,None,Washroom Building,None,ROSEDALE PARK TENNIS CLUBHOUSE
1691,33893,210,Playground,None,Playground Site,None,ROSEDALE PARK - Playground
1692,43601,210,Outdoor Rink,ice,Outdoor Ice Pad,None,ROSEDALE PARK - Outdoor Ice Pad
1693,49749,210,Outdoor Table Tennis,None,Outdoor Table Tennis,None,ROSEDALE PARK - Outdoor Table Tennis
1694,76363,210,Gazebo,None,Gazebo,None,ROSEDALE PARK - Shade Structure
1695,102208,210,Dog Fountain,None,Dog Fountain Count,None,ROSEDALE PARK - Drinking Water Source (  2)
1696,2404,211,Drinking Fountain,None,Drinking Fountain Count,None,CLOSE AVENUE PARKETTE - Drinking Water Source
1697,34415,211,Playground,None,Playground Site,None,CLOSE AVENUE PARKETTE - Playground
1698,968052,211,Splash Pad,None,Splash/Spray Pad,None,CLOSE AVENUE PARKETTE - Splash/Spray Pad
1699,2590,212,Drinking Fountain,None,Drinking Fountain Count,None,STANLEY PARK NORTH - TORONTO - Drinking Water Source
1700,3691,212,Outdoor Basketball Court,None,Basketball Court,None,STANLEY PARK NORTH - TORONTO - Basketball Court
1701,5063,212,Wading Pool,None,Wading Pool,None,STANLEY PARK NORTH - TORONTO - Wading Pool
1702,29644,212,Washroom Facility,None,Washroom Building,None,STANLEY PARK NORTH - TORONTO - Storage Building
1703,33861,212,Playground,None,Playground Site,None,STANLEY PARK NORTH - TORONTO - Playground
1704,40936,212,Outdoor Table Tennis,None,Outdoor Table Tennis,None,STANLEY PARK NORTH - TORONTO - Outdoor Table Tennis
1705,2588,214,Drinking Fountain,None,Drinking Fountain Count,None,STEPHENSON PARK - Drinking Water Source
1706,3685,214,Pickleball Court,None,None,None,STEPHENSON PARK - Sportspad Area
1707,3685,214,Sports Pad Area,None,Sportspad Area,None,STEPHENSON PARK - Sportspad Area
1708,5056,214,Wading Pool,None,Wading Pool,None,STEPHENSON PARK - Wading Pool
1709,17943,214,Ball Diamond,sport,Baseball Diamond Field - C,C,STEPHENSON PARK - Ball Diamond Field
1710,29646,214,Fieldhouse,None,Fieldhouse,None,STEPHENSON PARK - Fieldhouse
1711,33864,214,Playground,None,Playground Site,None,STEPHENSON PARK - Playground
1712,49753,214,Outdoor Table Tennis,None,Outdoor Table Tennis,None,STEPHENSON PARK - Outdoor Table Tennis
1713,59922,214,Firepit,None,Firepit,None,STEPHENSON PARK - Firepit
1714,2455,215,Drinking Fountain,None,Drinking Fountain Count,None,BROADLANDS PARK - Drinking Water Source
1715,3475,215,Outdoor Tennis Court,None,Outdoor Tennis Court,None,BROADLANDS PARK - Outdoor Tennis Court (  1)
1716,3476,215,Outdoor Tennis Court,None,Outdoor Tennis Court,None,BROADLANDS PARK - Outdoor Tennis Court (  2)
1717,3477,215,Outdoor Tennis Court,None,Outdoor Tennis Court,None,BROADLANDS PARK - Outdoor Tennis Court (  3)
1718,3478,215,Outdoor Tennis Court,None,Outdoor Tennis Court,None,BROADLANDS PARK - Outdoor Tennis Court (  4)
1719,4780,215,Shuffle Board,None,Shuffle Board,None,BROADLANDS PARK - Shuffle Board
1720,17694,215,Ball Diamond,sport,Baseball Diamond Field - C,C,BROADLANDS PARK - Ball Diamond Field
1721,32226,215,Parking Lot,None,Outdoor Parking Lot,None,BROADLANDS PARK - Outdoor Parking Lot (  1)
1722,32227,215,Parking Lot,None,Outdoor Parking Lot,None,BROADLANDS PARK - Outdoor Parking Lot (  2)
1723,34365,215,Playground,None,Playground Site,None,BROADLANDS PARK - Playground
1724,2568,216,Drinking Fountain,None,Drinking Fountain Count,None,SYMINGTON AVENUE PLAYGROUND - Drinking Water Source
1725,2568,216,Dog Fountain,None,Dog Fountain Count,None,SYMINGTON AVENUE PLAYGROUND - Drinking Water Source
1726,2789,216,Community Garden,None,Community Garden,None,PERTH-DUPONT COMMUNITY GARDEN
1727,3657,216,Outdoor Tennis Court,None,Outdoor Tennis Court,None,SYMINGTON AVENUE PLAYGROUND - Outdoor Tennis Court (  1)
1728,3658,216,Outdoor Tennis Court,None,Outdoor Tennis Court,None,SYMINGTON AVENUE PLAYGROUND - Outdoor Tennis Court (  2)
1729,17950,216,Ball Diamond,sport,Baseball Diamond Field - C,C,SYMINGTON AVENUE PLAYGROUND - Ball Diamond Field
1730,79159,216,Outdoor Table Tennis,None,Outdoor Table Tennis,None,SYMINGTON AVENUE PLAYGROUND - Outdoor Table Tennis
1731,79161,216,Outdoor Fitness Equipment,None,Outdoor Fitness Equipment,None,SYMINGTON AVENUE PLAYGROUND - Outdoor Fitness Equipment Area - Outdoor Fitness Equipment (  1)
1732,79162,216,Outdoor Fitness Equipment,None,Outdoor Fitness Equipment,None,SYMINGTON AVENUE PLAYGROUND - Outdoor Fitness Equipment Area - Outdoor Fitness Equipment (  2)
1733,79163,216,Outdoor Fitness Equipment,None,Outdoor Fitness Equipment,None,SYMINGTON AVENUE PLAYGROUND - Outdoor Fitness Equipment Area - Outdoor Fitness Equipment (  3)
1734,79164,216,Outdoor Fitness Equipment,None,Outdoor Fitness Equipment,None,SYMINGTON AVENUE PLAYGROUND - Outdoor Fitness Equipment Area - Outdoor Fitness Equipment (  4)
1735,79565,216,Outdoor Chess Table,None,Outdoor Chess Table,None,SYMINGTON AVENUE PLAYGROUND - Outdoor Chess Table
1736,3042,219,Outdoor Tennis Court,None,Outdoor Tennis Court,None,BEACHES PARK - Outdoor Tennis Court (  1)
1737,3043,219,Outdoor Tennis Court,None,Outdoor Tennis Court,None,BEACHES PARK - Outdoor Tennis Court (  2)
1738,3044,219,Outdoor Tennis Court,None,Outdoor Tennis Court,None,BEACHES PARK - Outdoor Tennis Court (  3)
1739,3045,219,Outdoor Tennis Court,None,Outdoor Tennis Court,None,BEACHES PARK - Outdoor Tennis Court (  4)
1740,3046,219,Outdoor Tennis Court,None,Outdoor Tennis Court,None,BEACHES PARK - Outdoor Tennis Court (  5)
1741,3047,219,Outdoor Tennis Court,None,Outdoor Tennis Court,None,BEACHES PARK - Outdoor Tennis Court (  6)
1742,3048,219,Outdoor Tennis Court,None,Outdoor Tennis Court,None,BEACHES PARK - Outdoor Tennis Court (  7)
1743,3050,219,Outdoor Tennis Court,None,Outdoor Tennis Court,None,BEACHES PARK - Outdoor Tennis Court (  8)
1744,3051,219,Outdoor Tennis Court,None,Outdoor Tennis Court,None,BEACHES PARK - Outdoor Tennis Court (  9)
1745,3052,219,Outdoor Tennis Court,None,Outdoor Tennis Court,None,BEACHES PARK - Outdoor Tennis Court ( 10)
1746,5525,219,Picnic Shelter,picnic,Shelter,None,BEACHES PARK - Shade Structure (  1)
1747,23310,219,Bike Trail,None,Bike Trail,None,MARTIN GOODMAN TRAIL ( 23)
1748,23311,219,Bike Trail,None,Bike Trail,None,MARTIN GOODMAN TRAIL ( 24)
1749,23312,219,Bike Trail,None,Bike Trail,None,MARTIN GOODMAN TRAIL ( 25)
1750,23313,219,Bike Trail,None,Bike Trail,None,MARTIN GOODMAN TRAIL ( 26)
1751,23314,219,Bike Trail,None,Bike Trail,None,MARTIN GOODMAN TRAIL ( 27)
1752,23315,219,Bike Trail,None,Bike Trail,None,MARTIN GOODMAN TRAIL ( 28)
1753,23316,219,Bike Trail,None,Bike Trail,None,MARTIN GOODMAN TRAIL ( 29)
1754,24962,219,Beach,None,Beach,None,BEACHES PARK KEW BEACH
1755,27946,219,Picnic Site,picnic,Picnic Site,None,BEACHES PARK - Picnic Site
1756,34093,219,Playground,None,Playground Site,None,BEACHES PARK - Playground
1757,73103,219,Outdoor Fitness Equipment,None,Outdoor Fitness Equipment,None,BEACHES PARK - Outdoor Fitness Equipment (  1)
1758,73122,219,Outdoor Fitness Equipment,None,Outdoor Fitness Equipment,None,BEACHES PARK - Outdoor Fitness Equipment (  2)
1759,73123,219,Outdoor Fitness Equipment,None,Outdoor Fitness Equipment,None,BEACHES PARK - Outdoor Fitness Equipment (  3)
1760,102013,219,Bottle Filling Station,None,Water Bottle Filling Count,None,BEACHES PARK - Drinking Water Source
1761,967936,219,Picnic Shelter,picnic,Shelter,None,BEACHES PARK - Shade Structure (  2)
1762,3407,220,Outdoor Tennis Court,None,Outdoor Tennis Court,None,COLEMAN PARK - Outdoor Tennis Court (  1)
1763,3408,220,Outdoor Tennis Court,None,Outdoor Tennis Court,None,COLEMAN PARK - Outdoor Tennis Court (  2)
1764,4669,220,Wading Pool,None,Wading Pool,None,COLEMAN PARK - Wading Pool
1765,34419,220,Playground,None,Playground Site,None,COLEMAN PARK - Playground
1766,58232,220,Outdoor Table Tennis,None,Outdoor Table Tennis,None,COLEMAN PARK - Outdoor Table Tennis
1767,70782,220,Splash Pad,None,Splash/Spray Pad,None,COLEMAN PARK - Splash/Spray Pad
1768,102021,220,Drinking Fountain,None,Drinking Fountain Count,None,COLEMAN PARK - Drinking Water Source (  2)
1769,2581,221,Drinking Fountain,None,Drinking Fountain Count,None,LOUIS MARCH PARK - Drinking Water Source
1770,33867,221,Playground,None,Playground Site,None,LOUIS MARCH PARK - Playground
1771,988528,221,Dogs Off-Leash Area,None,Off Leash Area,None,LOUIS MARCH PARK - Off Leash Area
1772,74082,223,Skate Trail,None,Skate Trail,None,BARBARA ANN SCOTT SKATE TRAIL
1773,74083,223,Playground,None,Playground Site,None,COLLEGE PARK - Playground
1774,93762,223,Fieldhouse,None,Fieldhouse,None,COLLEGE PARK SKATE PAVILION
1775,102016,223,Bottle Filling Station,None,Water Bottle Filling Count,None,COLLEGE PARK - Drinking Water Source
1776,2722,224,Drinking Fountain,None,Drinking Fountain Count,None,NORTHUMBERLAND PLAYGROUND - Drinking Water Source
1777,5323,224,Wading Pool,None,Wading Pool,None,NORTHUMBERLAND PLAYGROUND - Wading Pool
1778,34227,224,Playground,None,Playground Site,None,NORTHUMBERLAND PLAYGROUND - Playground
1779,2396,226,Drinking Fountain,None,Drinking Fountain Count,None,COLUMBUS PARKETTE - Drinking Water Source
1780,4659,226,Wading Pool,None,Wading Pool,None,COLUMBUS PARKETTE - Wading Pool
1781,29341,226,Fieldhouse,None,Fieldhouse,None,COLUMBUS PARKETTE - Fieldhouse
1782,34424,226,Playground,None,Playground Site,None,COLUMBUS PARKETTE - Playground
1783,2566,227,Drinking Fountain,None,Drinking Fountain Count,None,TADDLE CREEK PARK - Drinking Water Source
1784,33874,227,Playground,None,Playground Site,None,TADDLE CREEK PARK - Playground
1785,2720,228,Drinking Fountain,None,Drinking Fountain Count,None,NORWOOD PARK - Drinking Water Source (  1)
1786,2851,228,Dogs Off-Leash Area,None,Off Leash Area,None,NORWOOD PARK - Off Leash Area
1787,3959,228,Outdoor Tennis Court,None,Outdoor Tennis Court,None,NORWOOD PARK - Outdoor Tennis Court (  1)
1788,3960,228,Outdoor Tennis Court,None,Outdoor Tennis Court,None,NORWOOD PARK - Outdoor Tennis Court (  2)
1789,3961,228,Outdoor Tennis Court,None,Outdoor Tennis Court,None,NORWOOD PARK - Outdoor Tennis Court (  3)
1790,3962,228,Outdoor Tennis Court,None,Outdoor Tennis Court,None,NORWOOD PARK - Outdoor Tennis Court (  4)
1791,3963,228,Outdoor Tennis Court,None,Outdoor Tennis Court,None,NORWOOD PARK - Outdoor Tennis Court (  5)
1792,5318,228,Wading Pool,None,Wading Pool,None,NORWOOD PARK - Wading Pool
1793,29590,228,Fieldhouse,None,Fieldhouse,None,NORWOOD PARK - Fieldhouse
1794,29590,228,Washroom Facility,None,Washroom Building,None,NORWOOD PARK - Fieldhouse
1795,34228,228,Playground,None,Playground Site,None,NORWOOD PARK - Playground
1796,102024,228,Bottle Filling Station,None,Water Bottle Filling Count,None,NORWOOD PARK - Drinking Water Source (  2)
1797,102024,228,Drinking Fountain,None,Drinking Fountain Count,None,NORWOOD PARK - Drinking Water Source (  2)
1798,132736,228,Outdoor Table Tennis,None,Outdoor Table Tennis,None,NORWOOD PARK - Outdoor Table Tennis
1799,4140,229,Wading Pool,None,Wading Pool,None,LIONEL CONACHER PARK - Wading Pool
1800,17839,229,Ball Diamond,sport,Baseball Diamond Field - C,C,LIONEL CONACHER PARK - Ball Diamond Field
1801,34174,229,Playground,None,Playground Site,None,BILL R. DAVIS PLAYGROUND
1802,70783,229,Splash Pad,None,Splash/Spray Pad,None,LIONEL CONACHER PARK - Splash/Spray Pad
1803,70963,229,Bottle Filling Station,None,Water Bottle Filling Count,None,LIONEL CONACHER PARK - Drinking Water Source
1804,988881,229,Outdoor Table Tennis,None,Outdoor Table Tennis,None,LIONEL CONACHER PARK - Outdoor Table Tennis
1805,2479,231,Drinking Fountain,None,Drinking Fountain Count,None,BEATY AVENUE PARKETTE - Drinking Water Source
1806,33979,231,Playground,None,Playground Site,None,BEATY AVENUE PARKETTE - Playground
1807,2385,232,Drinking Fountain,None,Drinking Fountain Count,None,COURTHOUSE SQUARE PARK - Drinking Water Source
1808,10495,234,Indoor Pool,pool,Indoor Pool Tank - B,B,MATTY ECKLER RECREATION CENTRE - Indoor Pool Tank
1809,29872,234,Kitchen,room,Kitchen,None,MATTY ECKLER RECREATION CENTRE - Kitchen
1810,30423,234,Dressing Room,None,Change Room,None,MATTY ECKLER RECREATION CENTRE - Dressing Room - Female (  1)
1811,30424,234,Dressing Room,None,Change Room,None,MATTY ECKLER RECREATION CENTRE - Dressing Room - Female (  2)
1812,30425,234,Dressing Room,None,Change Room,None,MATTY ECKLER RECREATION CENTRE - Dressing Room - Female (  3)
1813,30426,234,Dressing Room,None,Change Room,None,MATTY ECKLER RECREATION CENTRE - Dressing Room - Male (  1)
1814,30427,234,Dressing Room,None,Change Room,None,MATTY ECKLER RECREATION CENTRE - Dressing Room - Male (  2)
1815,30428,234,Dressing Room,None,Change Room,None,MATTY ECKLER RECREATION CENTRE - Dressing Room - Male (  3)
1816,40859,234,Weight/Cardio Room,None,Room-Fitness/Weight,None,MATTY ECKLER RECREATION CENTRE - Fitness Centre
1817,41427,234,Gymnasium,gym,Gymnasium - B,B,MATTY ECKLER RECREATION CENTRE - Gymnasium
1818,46446,234,Games Room,room,Games Room,None,MATTY ECKLER RECREATION CENTRE - Games Room (  1)
1819,48025,234,Multipurpose Room,room,Room - C,C,MATTY ECKLER RECREATION CENTRE - Multipurpose Room (  1)
1820,48026,234,Preschool,room,Preschool - C,C,MATTY ECKLER RECREATION CENTRE - Preschool
1821,48372,234,Computer/Training Room,room,Room-Computer/Training - C,C,MATTY ECKLER RECREATION CENTRE - Computer-Training
1822,48373,234,Fitness/Dance Studio,None,Room - C,C,MATTY ECKLER RECREATION CENTRE - Fitness/Dance Studio
1823,48374,234,Games Room,room,Games Room - C,C,MATTY ECKLER RECREATION CENTRE - Games Room (  2)
1824,48375,234,Lounge,room,Room - C,C,MATTY ECKLER RECREATION CENTRE - Lounge
1825,48376,234,Multipurpose Room,room,Room - C,C,MATTY ECKLER RECREATION CENTRE - Multipurpose Room (  2)
1826,48377,234,Multipurpose Room,room,Room - B,B,MATTY ECKLER RECREATION CENTRE - Multipurpose Room (  3)
1827,849440,234,Recording Studio,None,Room,None,MATTY ECKLER RECREATION CENTRE - Recording Studio
1828,3778,235,Outdoor Tennis Court,None,Outdoor Tennis Court,None,RUNNYMEDE PARK - Outdoor Tennis Court (  1)
1829,3779,235,Outdoor Tennis Court,None,Outdoor Tennis Court,None,RUNNYMEDE PARK - Outdoor Tennis Court (  2)
1830,5150,235,Wading Pool,None,Wading Pool,None,RUNNYMEDE PARK - Wading Pool
1831,17918,235,Ball Diamond,sport,Baseball Diamond Field - B,B,RUNNYMEDE PARK - Ball Diamond Field
1832,17919,235,Sport Field,sport,Soccer Field - B,B,RUNNYMEDE PARK - Soccer Field
1833,32441,235,Parking Lot,None,Outdoor Parking Lot,None,RUNNYMEDE PARK - Outdoor Parking Lot
1834,33905,235,Playground,None,Playground Site,None,RUNNYMEDE PARK - Playground W
1835,42646,235,Playground,None,Playground Site,None,RUNNYMEDE PARK - Playground E
1836,102239,235,Drinking Fountain,None,Drinking Fountain Count,None,RUNNYMEDE PARK - Drinking Water Source
1837,2717,236,Drinking Fountain,None,Drinking Fountain Count,None,OAKCREST PARKETTE - Drinking Water Source
1838,2850,236,Dogs Off-Leash Area,None,Off Leash Area,None,OAKCREST PARKETTE - Off Leash Area
1839,5315,236,Wading Pool,None,Wading Pool,None,OAKCREST PARKETTE - Wading Pool
1840,34230,236,Playground,None,Playground Site,None,OAKCREST PARKETTE - Playground
1841,49751,236,Outdoor Table Tennis,None,Outdoor Table Tennis,None,OAKCREST PARKETTE - Outdoor Table Tennis
1842,2664,237,Dog Fountain,None,Dog Fountain Count,None,ROBERT BATEMAN PARKETTE - Drinking Water Source
1843,2664,237,Drinking Fountain,None,Drinking Fountain Count,None,ROBERT BATEMAN PARKETTE - Drinking Water Source
1844,2513,238,Drinking Fountain,None,Drinking Fountain Count,None,TRINITY SQUARE - Drinking Water Source
1845,18707,240,Drinking Fountain,None,Drinking Fountain Count,None,TORONTO METROPOLITAN UNIVERSITY SQUARE - Drinking Water Source
1846,32963,240,Change Room Facility,None,Changeroom Building,None,TORONTO METROPOLITAN UNIVERSITY SQUARE A.I.R. BUILDING
1847,43574,240,Outdoor Rink,ice,Outdoor Ice Pad,None,TORONTO METROPOLITAN UNIVERSITY SQUARE - Outdoor Ice Pad
1848,2515,241,Drinking Fountain,None,Drinking Fountain Count,None,TRINITY BELLWOODS PARK - Drinking Water Source (  1)
1849,2515,241,Dog Fountain,None,Dog Fountain Count,None,TRINITY BELLWOODS PARK - Drinking Water Source (  1)
1850,2516,241,Drinking Fountain,None,Drinking Fountain Count,None,TRINITY BELLWOODS PARK - Drinking Water Source (  2)
1851,2517,241,Drinking Fountain,None,Drinking Fountain Count,None,TRINITY BELLWOODS PARK - Drinking Water Source (  3)
1852,2518,241,Drinking Fountain,None,Drinking Fountain Count,None,TRINITY BELLWOODS PARK - Drinking Water Source (  4)
1853,2839,241,Dogs Off-Leash Area,None,Off Leash Area,None,TRINITY BELLWOODS PARK - Off Leash Area
1854,3585,241,Outdoor Tennis Court,None,Outdoor Tennis Court,None,TRINITY BELLWOODS PARK - Outdoor Tennis Court (  1)
1855,3586,241,Outdoor Tennis Court,None,Outdoor Tennis Court,None,TRINITY BELLWOODS PARK - Outdoor Tennis Court (  2)
1856,3587,241,Outdoor Tennis Court,None,Outdoor Tennis Court,None,TRINITY BELLWOODS PARK - Outdoor Tennis Court (  3)
1857,3588,241,Outdoor Tennis Court,None,Outdoor Tennis Court,None,TRINITY BELLWOODS PARK - Outdoor Tennis Court (  4)
1858,3589,241,Outdoor Tennis Court,None,Outdoor Tennis Court,None,TRINITY BELLWOODS PARK - Outdoor Tennis Court (  5)
1859,3590,241,Outdoor Tennis Court,None,Outdoor Tennis Court,None,TRINITY BELLWOODS PARK - Outdoor Tennis Court (  6)
1860,3591,241,Outdoor Tennis Court,None,Outdoor Tennis Court,None,TRINITY BELLWOODS PARK - Outdoor Tennis Court (  7)
1861,3592,241,Outdoor Tennis Court,None,Outdoor Tennis Court,None,TRINITY BELLWOODS PARK - Outdoor Tennis Court (  8)
1862,3593,241,Outdoor Volleyball Court,None,Outdoor Volleyball Court,None,TRINITY BELLWOODS PARK - Volleyball Court (  1)
1863,3594,241,Outdoor Volleyball Court,None,Outdoor Volleyball Court,None,TRINITY BELLWOODS PARK - Volleyball Court (  2)
1864,4918,241,Wading Pool,None,Wading Pool,None,TRINITY BELLWOODS PARK - Wading Pool
1865,14304,241,Outdoor Dry Pad,ice,Outdoor Dry Pad - A,A,TRINITY BELLWOODS PARK - Outdoor Artificial Ice Rink
1866,14304,241,Pickleball Court,None,None,None,TRINITY BELLWOODS PARK - Outdoor Artificial Ice Rink
1867,14304,241,Pickleball Court,None,None,None,TRINITY BELLWOODS PARK - Outdoor Artificial Ice Rink
1868,14304,241,Pickleball Court,None,None,None,TRINITY BELLWOODS PARK - Outdoor Artificial Ice Rink
1869,14304,241,Pickleball Court,None,None,None,TRINITY BELLWOODS PARK - Outdoor Artificial Ice Rink
1870,18194,241,Ball Diamond,sport,Baseball Diamond Field - B,B,TRINITY BELLWOODS PARK - Ball Diamond Field (  1)
1871,18195,241,Ball Diamond,sport,Baseball Diamond Field - B,B,TRINITY BELLWOODS PARK - Ball Diamond Field (  2)
1872,18196,241,Ball Diamond,sport,Baseball Diamond Field - A,A,TRINITY BELLWOODS PARK - Ball Diamond Field (  3)
1873,24042,241,Bike Trail,None,Bike Trail,None,TRINITY BELLWOODS PARK TRAIL ( 36)
1874,24043,241,Bike Trail,None,Bike Trail,None,TRINITY BELLWOODS PARK TRAIL ( 33)
1875,24045,241,Bike Trail,None,Bike Trail,None,TRINITY BELLWOODS PARK TRAIL ( 35)
1876,24047,241,Bike Trail,None,Bike Trail,None,TRINITY BELLWOODS PARK TRAIL ( 32)
1877,24048,241,Bike Trail,None,Bike Trail,None,TRINITY BELLWOODS PARK TRAIL ( 37)
1878,28354,241,Picnic Site,picnic,Picnic Site,None,TRINITY BELLWOODS PARK - Picnic Site (  1)
1879,28534,241,Community Garden,None,Community Garden,None,TRINITY BELLWOODS COMMUNITY GARDEN
1880,29716,241,Change Room Facility,None,Changeroom Building,None,TRINITY BELLWOODS PARK - Washroom Building (  2)
1881,29716,241,Washroom Facility,None,Washroom Building,None,TRINITY BELLWOODS PARK - Washroom Building (  2)
1882,29716,241,Fieldhouse,None,Fieldhouse,None,TRINITY BELLWOODS PARK - Washroom Building (  2)
1883,32490,241,Parking Lot,None,Outdoor Parking Lot,None,TRINITY BELLWOODS PARK - Outdoor Parking Lot (  1)
1884,34298,241,Playground,None,Playground Site,None,TRINITY BELLWOODS PARK - Playground N
1885,42728,241,Playground,None,Playground Site,None,TRINITY BELLWOODS PARK - Playground S
1886,43607,241,Outdoor Rink,ice,Outdoor Ice Pad,None,TRINITY BELLWOODS PARK - Outdoor Ice Pad
1887,43675,241,Sports Pad Area,None,Sportspad Area,None,TRINITY BELLWOODS PARK - Sportspad Area
1888,49599,241,Picnic Site,picnic,Picnic Site,None,TRINITY BELLWOODS PARK - Picnic Site (  2)
1889,49600,241,Picnic Site,picnic,Picnic Site,None,TRINITY BELLWOODS PARK - Picnic Site (  3)
1890,49601,241,Picnic Site,picnic,Picnic Site,None,TRINITY BELLWOODS PARK - Picnic Site (  4)
1891,49602,241,Picnic Site,picnic,Picnic Site,None,TRINITY BELLWOODS PARK - Picnic Site (  5)
1892,49603,241,Picnic Site,picnic,Picnic Site,None,TRINITY BELLWOODS PARK - Picnic Site (  6)
1893,49604,241,Picnic Site,picnic,Picnic Site,None,TRINITY BELLWOODS PARK - Picnic Site (  7)
1894,49605,241,Picnic Site,picnic,Picnic Site,None,TRINITY BELLWOODS PARK - Picnic Site (  8)
1895,102257,241,Dog Fountain,None,Dog Fountain Count,None,TRINITY BELLWOODS PARK - Drinking Water Source (  5)
1896,850042,241,Parking Lot,None,Outdoor Parking Lot,None,TRINITY BELLWOODS PARK - Outdoor Parking Lot (  2)
1897,10500,243,Indoor Pool,pool,Indoor Pool Tank - B,B,PARKDALE COMMUNITY RECREATION CENTRE - Indoor Pool Tank
1898,41455,243,Gymnasium,gym,Gymnasium - C,C,PARKDALE COMMUNITY RECREATION CENTRE - Gymnasium (  1)
1899,48416,243,Multipurpose Room,room,Room - C,C,PARKDALE COMMUNITY RECREATION CENTRE - Multipurpose Room (  1)
1900,48417,243,Multipurpose Room,room,Room - C,C,PARKDALE COMMUNITY RECREATION CENTRE - Multipurpose Room (  2)
1901,48418,243,Multipurpose Room,room,Room - C,C,PARKDALE COMMUNITY RECREATION CENTRE - Multipurpose Room (  3)
1902,48419,243,Multipurpose Room,room,Room - C,C,PARKDALE COMMUNITY RECREATION CENTRE - Multipurpose Room (  4)
1903,48420,243,Multipurpose Room,room,Room - C,C,PARKDALE COMMUNITY RECREATION CENTRE - Multipurpose Room (  5)
1904,49102,243,Gymnasium,gym,Gymnasium - C,C,PARKDALE COMMUNITY RECREATION CENTRE - Gymnasium (  2)
1905,2714,244,Drinking Fountain,None,Drinking Fountain Count,None,ONTARIO STREET PARKETTE - Drinking Water Source
1906,34235,244,Playground,None,Playground Site,None,ONTARIO STREET PARKETTE - Playground
1907,2711,245,Drinking Fountain,None,Drinking Fountain Count,None,ORIOLE PARK - TORONTO - Drinking Water Source (  1)
1908,2711,245,Dog Fountain,None,Dog Fountain Count,None,ORIOLE PARK - TORONTO - Drinking Water Source (  1)
1909,2712,245,Drinking Fountain,None,Drinking Fountain Count,None,ORIOLE PARK - TORONTO - Drinking Water Source (  2)
1910,3944,245,Outdoor Tennis Court,None,Outdoor Tennis Court,None,ORIOLE PARK - TORONTO - Outdoor Tennis Court (  1)
1911,3945,245,Outdoor Tennis Court,None,Outdoor Tennis Court,None,ORIOLE PARK - TORONTO - Outdoor Tennis Court (  2)
1912,5299,245,Splash Pad,None,Splash/Spray Pad,None,ORIOLE PARK - TORONTO - Splash/Spray Pad
1913,5300,245,Wading Pool,None,Wading Pool,None,ORIOLE PARK - TORONTO - Wading Pool
1914,17881,245,Ball Diamond,sport,Baseball Diamond Field - B,B,ORIOLE PARK - TORONTO - Ball Diamond Field
1915,21885,245,Bike Trail,None,Bike Trail,None,BELTLINE TRAIL ( 75)
1916,21886,245,Bike Trail,None,Bike Trail,None,BELTLINE TRAIL ( 76)
1917,28333,245,Picnic Site,picnic,Picnic Site,None,ORIOLE PARK - TORONTO - Picnic Site
1918,34544,245,Playground,None,Playground Site,None,NESHAMA PLAYGROUND
1919,37106,245,Washroom Facility,None,Washroom Building,None,ORIOLE PARK - TORONTO - Washroom Building
1920,49342,245,Community Garden,None,Community Garden,None,ORIOLE PARK - TORONTO - Community Garden
1921,78685,245,Bottle Filling Station,None,Water Bottle Filling Count,None,ORIOLE PARK - TORONTO - Drinking Water Source (  3)
1922,79345,245,Outdoor Table Tennis,None,Outdoor Table Tennis,None,ORIOLE PARK - TORONTO - Outdoor Table Tennis
1923,102167,245,Drinking Fountain,None,Drinking Fountain Count,None,ORIOLE PARK - TORONTO - Drinking Water Source (  4)
1924,34286,246,Playground,None,Playground Site,None,CAROLINE HUEBNER PARKETTE - Playground
1925,2710,247,Drinking Fountain,None,Drinking Fountain Count,None,ORMSKIRK PARK - Drinking Water Source
1926,34545,247,Playground,None,Playground Site,None,ORMSKIRK PARK - Playground
1927,2709,248,Dog Fountain,None,Dog Fountain Count,None,OSLER PLAYGROUND - Drinking Water Source
1928,2709,248,Drinking Fountain,None,Drinking Fountain Count,None,OSLER PLAYGROUND - Drinking Water Source
1929,2709,248,Bottle Filling Station,None,Water Bottle Filling Count,None,OSLER PLAYGROUND - Drinking Water Source
1930,34546,248,Playground,None,Playground Site,None,OSLER PLAYGROUND - Playground
1931,970759,248,Splash Pad,None,Splash/Spray Pad,None,OSLER PLAYGROUND - Splash/Spray Pad
1932,970770,248,Dogs Off-Leash Area,None,Off Leash Area,None,OSLER PLAYGROUND - Off Leash Area
1933,2830,250,Dogs Off-Leash Area,None,Off Leash Area,None,VERMONT SQUARE PARK - Off Leash Area
1934,3457,250,Outdoor Bocce Court,None,Outdoor Bocce Court,None,VERMONT SQUARE PARK - Outdoor Bocce Court (  1)
1935,3458,250,Outdoor Bocce Court,None,Outdoor Bocce Court,None,VERMONT SQUARE PARK - Outdoor Bocce Court (  2)
1936,4743,250,Wading Pool,None,Wading Pool,None,VERMONT SQUARE PARK - Wading Pool
1937,32493,250,Parking Lot,None,Outdoor Parking Lot,None,VERMONT SQUARE PARK - Outdoor Parking Lot
1938,34304,250,Playground,None,Playground Site,None,DENNIS LEE PLAYGROUND
1939,49606,250,Picnic Site,picnic,Picnic Site,None,VERMONT SQUARE PARK - Picnic Site
1940,49833,250,Outdoor Table Tennis,None,Outdoor Table Tennis,None,VERMONT SQUARE PARK - Outdoor Table Tennis (  1)
1941,102113,250,Drinking Fountain,None,Drinking Fountain Count,None,VERMONT SQUARE PARK - Drinking Water Source (  1)
1942,102113,250,Bottle Filling Station,None,Water Bottle Filling Count,None,VERMONT SQUARE PARK - Drinking Water Source (  1)
1943,102253,250,Drinking Fountain,None,Drinking Fountain Count,None,VERMONT SQUARE PARK - Drinking Water Source (  2)
1944,102253,250,Dog Fountain,None,Dog Fountain Count,None,VERMONT SQUARE PARK - Drinking Water Source (  2)
1945,132751,250,Outdoor Table Tennis,None,Outdoor Table Tennis,None,VERMONT SQUARE PARK - Outdoor Table Tennis (  2)
1946,849679,250,Playground,None,Playground Site,None,VERMONT SQUARE PARK - Playground
1947,14068,251,Washroom Facility,None,Washroom Building,None,OTTER CREEK CENTRE
1948,14069,251,Pickleball Court,None,None,None,OTTER CREEK CENTRE - Outdoor Artificial Ice Rink
1949,14070,251,Outdoor Rink,ice,Outdoor Ice Pad,None,OTTER CREEK CENTRE - Outdoor Ice Pad (  2)
1950,30567,251,Dressing Room,None,Change Room,None,OTTER CREEK CENTRE - Dressing Room - Female
1951,30568,251,Dressing Room,None,Change Room,None,OTTER CREEK CENTRE - Dressing Room - Male
1952,30569,251,Dressing Room,None,Change Room,None,OTTER CREEK CENTRE - Dressing Room - Unisex
1953,43566,251,Outdoor Rink,ice,Outdoor Ice Pad,None,OTTER CREEK CENTRE - Outdoor Ice Pad (  1)
1954,17884,254,Sport Field,sport,Soccer Field,None,PANTRY PARK - Soccer Field
1955,32744,254,Washroom Facility,None,Washroom Building,None,PANTRY PARK FIELDHOUSE AND WASHROOM
1956,32744,254,Fieldhouse,None,Fieldhouse,None,PANTRY PARK FIELDHOUSE AND WASHROOM
1957,47062,254,Outdoor track,None,Outdoor Track,None,PANTRY PARK - Outdoor Track
1958,2428,255,Drinking Fountain,None,Drinking Fountain Count,None,VICTORIA MEMORIAL SQUARE PARK - Drinking Water Source
1959,34306,255,Playground,None,Playground Site,None,VICTORIA MEMORIAL SQUARE PARK - Playground
1960,3405,257,Outdoor Basketball Court,None,Basketball Court,None,VINE AVENUE PLAYGROUND - Basketball Court
1961,4656,257,Wading Pool,None,Wading Pool,None,VINE AVENUE PLAYGROUND - Wading Pool
1962,5841,257,Gazebo,None,Gazebo,None,VINE AVENUE PLAYGROUND - Shade Structure (  1)
1963,5842,257,Gazebo,None,Gazebo,None,VINE AVENUE PLAYGROUND - Shade Structure (  2)
1964,29723,257,Fieldhouse,None,Fieldhouse,None,VINE AVENUE PLAYGROUND - Fieldhouse
1965,34308,257,Playground,None,Playground Site,None,VINE AVENUE PLAYGROUND - Playground E
1966,42729,257,Playground,None,Playground Site,None,VINE AVENUE PLAYGROUND - Playground W
1967,102047,257,Bottle Filling Station,None,Water Bottle Filling Count,None,VINE AVENUE PLAYGROUND - Drinking Water Source
1968,2355,259,Drinking Fountain,None,Drinking Fountain Count,None,WADSWORTH PARK - Drinking Water Source (  1)
1969,3342,259,Outdoor Basketball Court,None,Basketball Court,None,WADSWORTH PARK - Basketball Court
1970,4570,259,Wading Pool,None,Wading Pool,None,WADSWORTH PARK - Wading Pool
1971,17969,259,Sport Field,sport,Soccer Field - B,B,WADSWORTH PARK - Soccer Field
1972,34310,259,Playground,None,Playground Site,None,WADSWORTH PARK - Playground
1973,75027,259,Bottle Filling Station,None,Water Bottle Filling Count,None,WADSWORTH PARK - Drinking Water Source (  2)
1974,75027,259,Drinking Fountain,None,Drinking Fountain Count,None,WADSWORTH PARK - Drinking Water Source (  2)
1975,75042,259,Outdoor Chess Table,None,Outdoor Chess Table,None,WADSWORTH PARK - Outdoor Chess Table
1976,96584,259,Firepit,None,Firepit,None,WADSWORTH PARK - Firepit
1977,2346,260,Dog Fountain,None,Dog Fountain Count,None,WALLACE EMERSON PARK - Drinking Water Source
1978,2346,260,Drinking Fountain,None,Drinking Fountain Count,None,WALLACE EMERSON PARK - Drinking Water Source
1979,2346,260,Bottle Filling Station,None,Water Bottle Filling Count,None,WALLACE EMERSON PARK - Drinking Water Source
1980,3331,260,Outdoor Basketball Court,None,Basketball Court,None,WALLACE EMERSON PARK - Basketball Court
1981,4540,260,BMX Bike Area,None,BMX Bike Area,None,WALLACE EMERSON BMX PARK
1982,14306,260,Outdoor Rink,ice,Outdoor Ice Pad,None,WALLACE EMERSON PARK - Outdoor Ice Pad (  2)
1983,17971,260,Multipurpose Field,None,Multipurpose Field - C,C,WALLACE EMERSON PARK - Multipurpose Field
1984,34312,260,Playground,None,Playground Site,None,WALLACE EMERSON PARK - Playground
1985,43609,260,Outdoor Dry Pad,ice,Outdoor Dry Pad - A,A,WALLACE EMERSON PARK - Outdoor Ice Pad (  1)
1986,43609,260,Outdoor Rink,ice,Outdoor Ice Pad - A,A,WALLACE EMERSON PARK - Outdoor Ice Pad (  1)
1987,30971,263,Outdoor Fitness Equipment,None,Outdoor Fitness Equipment,None,BELLEVUE SQUARE PARK - Outdoor Fitness Equipment Area - Outdoor Fitness Equipment (  1)
1988,33769,263,Playground,None,Playground Site,None,BELLEVUE SQUARE PARK - Playground
1989,79231,263,Washroom Facility,None,Washroom Building,None,BELLEVUE SQUARE PARK - Washroom Building
1990,79245,263,Bottle Filling Station,None,Water Bottle Filling Count,None,BELLEVUE SQUARE PARK - Drinking Water Source
1991,79245,263,Drinking Fountain,None,Drinking Fountain Count,None,BELLEVUE SQUARE PARK - Drinking Water Source
1992,79246,263,Splash Pad,None,Splash/Spray Pad,None,BELLEVUE SQUARE PARK - Splash/Spray Pad
1993,79248,263,Outdoor Fitness Equipment,None,Outdoor Fitness Equipment,None,BELLEVUE SQUARE PARK - Outdoor Fitness Equipment Area - Outdoor Fitness Equipment (  2)
1994,3283,265,Outdoor Basketball Court,None,Basketball Court,None,WANLESS PARK - Basketball Court
1995,3284,265,Pickleball Court,None,None,None,WANLESS PARK - Tennis Court Area
1996,3285,265,Outdoor Tennis Court,None,Outdoor Tennis Court,None,WANLESS PARK - Outdoor Tennis Court (  1)
1997,3286,265,Outdoor Tennis Court,None,Outdoor Tennis Court,None,WANLESS PARK - Outdoor Tennis Court (  2)
1998,3287,265,Outdoor Tennis Court,None,Outdoor Tennis Court,None,WANLESS PARK - Outdoor Tennis Court (  3)
1999,3288,265,Outdoor Tennis Court,None,Outdoor Tennis Court,None,WANLESS PARK - Outdoor Tennis Court (  4)
2000,3289,265,Outdoor Tennis Court,None,Outdoor Tennis Court,None,WANLESS PARK - Outdoor Tennis Court (  5)
2001,4501,265,Wading Pool,None,Wading Pool,None,WANLESS PARK - Wading Pool
2002,13302,265,Dog Fountain,None,Dog Fountain Count,None,WANLESS PARK - Drinking Water Source
2003,13302,265,Drinking Fountain,None,Drinking Fountain Count,None,WANLESS PARK - Drinking Water Source
2004,17972,265,Ball Diamond,sport,Baseball Diamond Field - C,C,WANLESS PARK - Ball Diamond Field
2005,28355,265,Picnic Site,picnic,Picnic Site,None,WANLESS PARK - Picnic Site
2006,29724,265,Washroom Facility,None,Washroom Building,None,WANLESS PARK - Fieldhouse
2007,29724,265,Fieldhouse,None,Fieldhouse,None,WANLESS PARK - Fieldhouse
2008,34315,265,Playground,None,Playground Site,None,WANLESS PARK - Playground
2009,36664,265,Multipurpose Field,None,Multipurpose Field - C,C,WANLESS PARK - Multipurpose Field
2010,2451,266,Drinking Fountain,None,Drinking Fountain Count,None,BRUCE MACKEY PARK - Drinking Water Source
2011,10502,267,Indoor Pool,pool,Indoor Pool Tank - C,C,S.H. ARMSTRONG COMMUNITY RECREATION CENTRE - Indoor Pool Tank
2012,29911,267,Kitchen,room,Kitchen - B,B,S.H. ARMSTRONG COMMUNITY RECREATION CENTRE - Kitchen
2013,30641,267,Dressing Room,None,Change Room,None,S.H. ARMSTRONG COMMUNITY RECREATION CENTRE - Dressing Room - Female
2014,30642,267,Dressing Room,None,Change Room,None,S.H. ARMSTRONG COMMUNITY RECREATION CENTRE - Dressing Room - Male
2015,30643,267,Dressing Room,None,Change Room,None,S.H. ARMSTRONG COMMUNITY RECREATION CENTRE - Dressing Room - Unisex
2016,40868,267,Fitness/Dance Studio,None,Room - C,C,S.H. ARMSTRONG COMMUNITY RECREATION CENTRE - Fitness/Dance Studio
2017,40869,267,Weight/Cardio Room,None,Room-Fitness/Weight,None,S.H. ARMSTRONG COMMUNITY RECREATION CENTRE - Weight/Cardio Room
2018,41468,267,Gymnasium,gym,Gymnasium - B,B,S.H. ARMSTRONG COMMUNITY RECREATION CENTRE - Gymnasium
2019,46523,267,Games Room,room,Games Room - C,C,S.H. ARMSTRONG COMMUNITY RECREATION CENTRE - Games Room
2020,46524,267,Lounge,room,Room,None,S.H. ARMSTRONG COMMUNITY RECREATION CENTRE - Youth Lounge
2021,48057,267,Craft Room,room,Room-Craft,None,S.H. ARMSTRONG COMMUNITY RECREATION CENTRE - Craft Room (  1)
2022,48058,267,Craft Room,room,Room-Craft - C,C,S.H. ARMSTRONG COMMUNITY RECREATION CENTRE - Craft Room (  2)
2023,48454,267,Multipurpose Room,room,Room - B,B,S.H. ARMSTRONG COMMUNITY RECREATION CENTRE - Multipurpose Room
2024,48455,267,Preschool,room,Preschool - B,B,S.H. ARMSTRONG COMMUNITY RECREATION CENTRE - Preschool
2025,57523,267,Skateboard Area,None,Skateboard Area,None,S.H. ARMSTRONG COMMUNITY RECREATION CENTRE - Indoor Skateboard Area
2026,78861,267,Indoor Track,None,Indoor Track,None,S.H. ARMSTRONG COMMUNITY RECREATION CENTRE - Indoor Track
2027,2215,268,Drinking Fountain,None,Drinking Fountain Count,None,JOEL WEEKS PARK - Drinking Water Source
2028,3068,268,Outdoor Basketball Court,None,Basketball Court,None,JOEL WEEKS PARK - Basketball Court
2029,34536,268,Playground,None,Playground Site,None,JOEL WEEKS PARK - Playground
2030,42102,268,Splash Pad,None,Splash/Spray Pad,None,JOEL WEEKS PARK - Splash/Spray Pad
2031,40931,269,Multipurpose Field,None,Multipurpose Field - C,C,GEORGE BEN PARK - Multipurpose Field
2032,2280,270,Drinking Fountain,None,Drinking Fountain Count,None,WELLESLEY PARK - Drinking Water Source
2033,3166,270,Pickleball Court,None,None,None,WELLESLEY PARK - Pickleball Court
2034,4356,270,Splash Pad,None,Splash/Spray Pad,None,WELLESLEY PARK - Splash/Spray Pad
2035,34321,270,Playground,None,Playground Site,None,WELLESLEY PARK - Playground
2036,10506,272,Indoor Pool,pool,Indoor Pool Tank - B,B,ST. LAWRENCE COMMUNITY RECREATION CENTRE - Indoor Pool Tank
2037,29915,272,Kitchen,room,Kitchen - B,B,ST. LAWRENCE COMMUNITY RECREATION CENTRE - Kitchen (  3)
2038,29916,272,Kitchen,room,Kitchen - C,C,ST. LAWRENCE COMMUNITY RECREATION CENTRE - Kitchen (  2)
2039,29917,272,Kitchen,room,Kitchen,None,ST. LAWRENCE COMMUNITY RECREATION CENTRE - Kitchen (  1)
2040,36885,272,Indoor Squash Court,None,Indoor Squash Court,None,ST. LAWRENCE COMMUNITY RECREATION CENTRE - Indoor Squash Court (  2)
2041,36886,272,Indoor Squash Court,None,Indoor Squash Court,None,ST. LAWRENCE COMMUNITY RECREATION CENTRE - Indoor Squash Court (  1)
2042,40871,272,Weight/Cardio Room,None,Room-Fitness/Weight,None,ST. LAWRENCE COMMUNITY RECREATION CENTRE - Fitness Centre
2043,41485,272,Gymnasium,gym,Gymnasium - B,B,ST. LAWRENCE COMMUNITY RECREATION CENTRE - Gymnasium
2044,48061,272,Craft Room,room,Room-Craft - C,C,ST. LAWRENCE COMMUNITY RECREATION CENTRE - Craft Room
2045,48062,272,Lounge,room,Room - C,C,ST. LAWRENCE COMMUNITY RECREATION CENTRE - Lounge (  1)
2046,48464,272,Computer/Training Room,room,Room-Computer/Training,None,ST. LAWRENCE COMMUNITY RECREATION CENTRE - Computer-Training
2047,48465,272,Weight/Cardio Room,None,Room-Fitness/Weight,None,ST. LAWRENCE COMMUNITY RECREATION CENTRE - Weight Room
2048,48466,272,Lounge,room,Room - B,B,ST. LAWRENCE COMMUNITY RECREATION CENTRE - Lounge (  2)
2049,48467,272,Meeting Room,None,None,None,ST. LAWRENCE COMMUNITY RECREATION CENTRE - Meeting Room
2050,48468,272,Multipurpose Room,room,Room - B,B,ST. LAWRENCE COMMUNITY RECREATION CENTRE - Multipurpose Room
2051,5275,274,Wading Pool,None,Wading Pool,None,PELHAM AVENUE PLAYGROUND - Wading Pool
2052,34247,274,Playground,None,Playground Site,None,PELHAM AVENUE PLAYGROUND - Playground
2053,17976,275,Ball Diamond,sport,Baseball Diamond Field - C,C,WEST HILL PARK - Ball Diamond Field
2054,34189,275,Playground,None,Playground Site,None,WEST HILL PARK - Playground
2055,3621,276,Outdoor Tennis Court,None,Outdoor Tennis Court,None,TOPHAM PARK - Outdoor Tennis Court (  1)
2056,3622,276,Outdoor Tennis Court,None,Outdoor Tennis Court,None,TOPHAM PARK - Outdoor Tennis Court (  2)
2057,4982,276,Wading Pool,None,Wading Pool,None,TOPHAM PARK - Wading Pool
2058,13677,276,Washroom Facility,None,Washroom Building,None,TOPHAM PARK COMMUNITY CENTRE AND CLUBHOUSE
2059,13677,276,Clubhouse,None,Clubhouse,None,TOPHAM PARK COMMUNITY CENTRE AND CLUBHOUSE
2060,18191,276,Ball Diamond,sport,Baseball Diamond Field - A,A,TOPHAM PARK - Ball Diamond Field (  1)
2061,18192,276,Ball Diamond,sport,Baseball Diamond Field - C,C,TOPHAM PARK - Ball Diamond Field (  2)
2062,18193,276,Ball Diamond,sport,Baseball Diamond Field - B,B,TOPHAM PARK - Ball Diamond Field (  3)
2063,34289,276,Playground,None,Playground Site,None,TOPHAM PARK - Playground
2064,102033,276,Bottle Filling Station,None,Water Bottle Filling Count,None,TOPHAM PARK - Drinking Water Source (  1)
2065,102033,276,Drinking Fountain,None,Drinking Fountain Count,None,TOPHAM PARK - Drinking Water Source (  1)
2066,102283,276,Drinking Fountain,None,Drinking Fountain Count,None,TOPHAM PARK - Drinking Water Source (  2)
2067,116983,276,Splash Pad,None,Splash/Spray Pad,None,TOPHAM PARK - Splash/Spray Pad
2068,102128,277,Bottle Filling Station,None,Water Bottle Filling Count,None,BERCZY PARK - Drinking Water Source
2069,2183,279,Drinking Fountain,None,Drinking Fountain Count,None,WEST LODGE PARK - Drinking Water Source
2070,4167,279,Wading Pool,None,Wading Pool,None,WEST LODGE PARK - Wading Pool
2071,29733,279,Fieldhouse,None,Fieldhouse,None,WEST LODGE PARK - Fieldhouse
2072,34127,279,Playground,None,Playground Site,None,WEST LODGE PARK - Playground
2073,49343,279,Community Garden,None,Community Garden,None,WEST LODGE PARK - Community Garden
2074,57482,279,Skateboard Area,None,Skateboard Area,None,WEST LODGE PARK - Skateboard Area
2075,58503,279,Outdoor Basketball Court,None,Basketball Court,None,WEST LODGE PARK - Basketball Court
2076,2130,280,Drinking Fountain,None,Drinking Fountain Count,None,DIANA PARK - Drinking Water Source
2077,34000,280,Playground,None,Playground Site,None,DIANA PARK - Playground
2078,967577,280,Outdoor Fitness Equipment,None,Outdoor Fitness Equipment,None,DIANA PARK - Outdoor Fitness Equipment - Long Bench
2079,967578,280,Outdoor Fitness Equipment,None,Outdoor Fitness Equipment,None,DIANA PARK - Outdoor Fitness Equipment - Parallel Bars
2080,967579,280,Outdoor Fitness Equipment,None,Outdoor Fitness Equipment,None,DIANA PARK - Outdoor Fitness Equipment - Step Benches
2081,967580,280,Outdoor Fitness Equipment,None,Outdoor Fitness Equipment,None,DIANA PARK - Outdoor Fitness Equipment - Pull-Up Bars
2082,967581,280,Outdoor Fitness Equipment,None,Outdoor Fitness Equipment,None,DIANA PARK - Outdoor Fitness Equipment - Push-Up Bars
2083,968072,280,Outdoor Fitness Equipment,None,Outdoor Fitness Equipment,None,DIANA PARK - Outdoor Fitness Equipment - Balance Beam
2084,10507,282,Indoor Pool,pool,Indoor Pool Tank - B,B,SWANSEA COMMUNITY RECREATION CENTRE - Indoor Pool Tank
2085,29922,282,Kitchen,room,Kitchen,None,SWANSEA COMMUNITY RECREATION CENTRE - Kitchen
2086,30702,282,Dressing Room,None,Change Room,None,SWANSEA COMMUNITY RECREATION CENTRE - Dressing Room - Female (  1)
2087,30703,282,Dressing Room,None,Change Room,None,SWANSEA COMMUNITY RECREATION CENTRE - Dressing Room - Female (  2)
2088,30704,282,Dressing Room,None,Change Room,None,SWANSEA COMMUNITY RECREATION CENTRE - Dressing Room - Male (  1)
2089,30705,282,Dressing Room,None,Change Room,None,SWANSEA COMMUNITY RECREATION CENTRE - Dressing Room - Male (  2)
2090,41486,282,Gymnasium,gym,Gymnasium - B,B,SWANSEA COMMUNITY RECREATION CENTRE - Gymnasium
2091,48480,282,Multipurpose Room,room,Room - B,B,SWANSEA COMMUNITY RECREATION CENTRE - Multipurpose Room (  1)
2092,48481,282,Multipurpose Room,room,Room - C,C,SWANSEA COMMUNITY RECREATION CENTRE - Multipurpose Room (  2)
2093,34131,283,Playground,None,Playground Site,None,WESTMORELAND AVENUE PARKETTE - Playground
2094,2701,284,Drinking Fountain,None,Drinking Fountain Count,None,PERTH SQUARE PARK - Drinking Water Source (  1)
2095,2702,284,Drinking Fountain,None,Drinking Fountain Count,None,PERTH SQUARE PARK - Drinking Water Source (  2)
2096,5269,284,Splash Pad,None,Splash/Spray Pad,None,PERTH SQUARE PARK - Splash/Spray Pad
2097,29596,284,Washroom Facility,None,Washroom Building,None,PERTH SQUARE PARK - Washroom Building
2098,29596,284,Fieldhouse,None,Fieldhouse,None,PERTH SQUARE PARK - Washroom Building
2099,34251,284,Playground,None,Playground Site,None,PERTH SQUARE PARK - Playground
2100,61162,284,Firepit,None,Firepit,None,PERTH SQUARE PARK - Firepit
2101,10509,287,Indoor Pool,pool,Indoor Pool Tank - B,B,TRINITY COMMUNITY RECREATION CENTRE - Indoor Pool Tank
2102,29931,287,Kitchen,room,Kitchen,None,TRINITY COMMUNITY RECREATION CENTRE - Kitchen
2103,40873,287,Fitness/Dance Studio,None,Room - B,B,TRINITY COMMUNITY RECREATION CENTRE - Fitness/Dance Studio
2104,40874,287,Weight/Cardio Room,None,Room-Fitness/Weight,None,TRINITY COMMUNITY RECREATION CENTRE - Fitness Centre
2105,40875,287,Indoor Track,None,Indoor Track,None,TRINITY COMMUNITY RECREATION CENTRE - Indoor Track
2106,41495,287,Gymnasium,gym,Gymnasium - B,B,TRINITY COMMUNITY RECREATION CENTRE - Gymnasium
2107,48071,287,Multipurpose Room,room,Room - C,C,TRINITY COMMUNITY RECREATION CENTRE - Multipurpose Room (  1)
2108,48072,287,Preschool,room,Preschool - C,C,TRINITY COMMUNITY RECREATION CENTRE - Preschool
2109,48493,287,Craft Room,room,Room-Craft - C,C,TRINITY COMMUNITY RECREATION CENTRE - Craft Room
2110,48494,287,Weight/Cardio Room,None,Room-Fitness/Weight,None,TRINITY COMMUNITY RECREATION CENTRE - Weight Room
2111,48495,287,Gallery,room,Gallery/Hall  - B,B,TRINITY COMMUNITY RECREATION CENTRE - Gallery/Hall
2112,48496,287,Games Room,room,Games Room - C,C,TRINITY COMMUNITY RECREATION CENTRE - Games Room
2113,48497,287,Multipurpose Room,room,Room - C,C,TRINITY COMMUNITY RECREATION CENTRE - Multipurpose Room (  2)
2114,48498,287,Multipurpose Room,room,Room - C,C,TRINITY COMMUNITY RECREATION CENTRE - Multipurpose Room (  3)
2115,48499,287,Multipurpose Room,room,Room - C,C,TRINITY COMMUNITY RECREATION CENTRE - Multipurpose Room (  4)
2116,2849,288,Dogs Off-Leash Area,None,Off Leash Area,None,WILDWOOD CRESCENT PLAYGROUND - Off Leash Area
2117,34143,288,Playground,None,Playground Site,None,WILDWOOD CRESCENT PLAYGROUND - Playground
2118,102169,288,Dog Fountain,None,Dog Fountain Count,None,WILDWOOD CRESCENT PLAYGROUND - Drinking Water Source (  1)
2119,102170,288,Drinking Fountain,None,Drinking Fountain Count,None,WILDWOOD CRESCENT PLAYGROUND - Drinking Water Source (  2)
2120,29778,289,Kitchen,room,Kitchen - B,B,BIRKDALE COMMUNITY CENTRE - Kitchen (  1)
2121,29779,289,Kitchen,room,Kitchen,None,BIRKDALE COMMUNITY CENTRE - Kitchen (  2)
2122,47932,289,Craft Room,room,Room-Craft - B,B,BIRKDALE COMMUNITY CENTRE - Craft Room
2123,47933,289,Lounge,room,Room - C,C,BIRKDALE COMMUNITY CENTRE - Lounge
2124,48141,289,Gallery,room,Gallery/Hall  - B,B,BIRKDALE COMMUNITY CENTRE - Gallery/Hall
2125,48142,289,Multipurpose Room,room,Room - B,B,BIRKDALE COMMUNITY CENTRE - Multipurpose Room (  1)
2126,48143,289,Multipurpose Room,room,Room - C,C,BIRKDALE COMMUNITY CENTRE - Multipurpose Room (  2)
2127,2472,290,Drinking Fountain,None,Drinking Fountain Count,None,BERESFORD PARK - Drinking Water Source (  1)
2128,2835,290,Dogs Off-Leash Area,None,Off Leash Area,None,BERESFORD PARK - Off Leash Area
2129,4822,290,Wading Pool,None,Wading Pool,None,BERESFORD PARK - Wading Pool
2130,29284,290,Fieldhouse,None,Fieldhouse,None,BERESFORD PARK - Fieldhouse
2131,33881,290,Playground,None,Playground Site,None,BERESFORD PARK - Playground
2132,967779,290,Gazebo,None,Gazebo,None,BERESFORD PARK - Shade Structure
2133,2275,291,Drinking Fountain,None,Drinking Fountain Count,None,HEALEY WILLAN PARK - Drinking Water Source
2134,4346,291,Wading Pool,None,Wading Pool,None,HEALEY WILLAN PARK - Wading Pool
2135,34481,291,Playground,None,Playground Site,None,HEALEY WILLAN PARK - Playground
2136,3914,292,Outdoor Basketball Court,None,Basketball Court,None,PHIN PARK - Basketball Court
2137,5265,292,Wading Pool,None,Wading Pool,None,PHIN PARK - Wading Pool
2138,34253,292,Playground,None,Playground Site,None,PHIN PARK - Playground
2139,49745,292,Outdoor Table Tennis,None,Outdoor Table Tennis,None,PHIN PARK - Outdoor Table Tennis
2140,132557,292,Drinking Fountain,None,Drinking Fountain Count,None,PHIN PARK - Drinking Water Source
2141,34144,293,Playground,None,Playground Site,None,WILLARD GARDENS PARKETTE - Playground
2142,102175,293,Drinking Fountain,None,Drinking Fountain Count,None,WILLARD GARDENS PARKETTE - Drinking Water Source
2143,2013,294,Washroom Facility,None,Washroom Building,None,WALLACE EMERSON COMMUNITY RECREATION CENTRE
2144,10513,294,Indoor Pool,pool,Indoor Pool Tank - B,B,WALLACE EMERSON COMMUNITY RECREATION CENTRE - Indoor Pool Tank
2145,29932,294,Kitchen,room,Kitchen,None,WALLACE EMERSON COMMUNITY RECREATION CENTRE - Kitchen
2146,30727,294,Dressing Room,None,Change Room,None,WALLACE EMERSON COMMUNITY RECREATION CENTRE - Dressing Room - Female (  1)
2147,30728,294,Dressing Room,None,Change Room,None,WALLACE EMERSON COMMUNITY RECREATION CENTRE - Dressing Room - Female (  2)
2148,30729,294,Dressing Room,None,Change Room,None,WALLACE EMERSON COMMUNITY RECREATION CENTRE - Dressing Room - Male (  1)
2149,30730,294,Dressing Room,None,Change Room,None,WALLACE EMERSON COMMUNITY RECREATION CENTRE - Dressing Room - Male (  2)
2150,40876,294,Fitness/Dance Studio,None,Room - C,C,WALLACE EMERSON COMMUNITY RECREATION CENTRE - Fitness Studio
2151,41501,294,Gymnasium,gym,Gymnasium - B,B,WALLACE EMERSON COMMUNITY RECREATION CENTRE - Gymnasium
2152,48074,294,Multipurpose Room,room,Room - C,C,WALLACE EMERSON COMMUNITY RECREATION CENTRE - Multipurpose Room (  1) - Ambrico
2153,48503,294,Fitness/Dance Studio,None,Room - C,C,WALLACE EMERSON COMMUNITY RECREATION CENTRE - Fitness/Dance Studio
2154,48504,294,Multipurpose Room,room,Room - C,C,WALLACE EMERSON COMMUNITY RECREATION CENTRE - Multipurpose Room (  2)
2155,48505,294,Multipurpose Room,room,Room - C,C,WALLACE EMERSON COMMUNITY RECREATION CENTRE - Multipurpose Room (  3)
2156,1002172,294,Weight/Cardio Room,None,Room-Fitness/Weight,None,WALLACE EMERSON COMMUNITY RECREATION CENTRE - Weight/Cardio Room
2157,18009,295,Ball Diamond,sport,Baseball Diamond Field - B,B,BICKFORD PARK - Ball Diamond Field
2158,29286,295,Washroom Facility,None,Washroom Building,None,BICKFORD PARK - Washroom Building
2159,70524,295,Dogs Off-Leash Area,None,Off Leash Area,None,BICKFORD PARK - Off Leash Area
2160,102114,295,Bottle Filling Station,None,Water Bottle Filling Count,None,BICKFORD PARK - Drinking Water Source (  1)
2161,102115,295,Bottle Filling Station,None,Water Bottle Filling Count,None,BICKFORD PARK - Drinking Water Source (  2)
2162,2424,296,Bottle Filling Station,None,Water Bottle Filling Count,None,CHARLES G. WILLIAMS PARK - Drinking Water Source
2163,3440,296,Outdoor Basketball Court,None,Basketball Court,None,CHARLES G. WILLIAMS PARK - Basketball Court
2164,95044,296,Splash Pad,None,Splash/Spray Pad,None,CHARLES G. WILLIAMS PARK - Splash/Spray Pad
2165,101956,296,Playground,None,Playground Site,None,CHARLES G. WILLIAMS PARK - Playground
2166,29918,297,Kitchen,room,Kitchen - B,B,STAN WADLOW CLUBHOUSE - Kitchen
2167,48469,297,Auditorium,gym,Auditorium - B,B,STAN WADLOW CLUBHOUSE - Auditorium
2168,48470,297,Coat Check Room,room,Room-Check/Coat,None,STAN WADLOW CLUBHOUSE - Check-Coat Room
2169,48471,297,Lounge,room,Room - C,C,STAN WADLOW CLUBHOUSE - Lounge
2170,5135,300,Wading Pool,None,Wading Pool,None,WINCHESTER PARK - Wading Pool
2171,17987,300,Ball Diamond,sport,Baseball Diamond Field,None,WINCHESTER PARK - Ball Diamond Field
2172,102130,300,Bottle Filling Station,None,Water Bottle Filling Count,None,WINCHESTER PARK - Drinking Water Source
2173,17334,303,Indoor Rink,ice,Indoor Ice Pad - A,A,FENSIDE ARENA - Indoor Ice Pad
2174,2585,306,Drinking Fountain,None,Drinking Fountain Count,None,WITHROW PARK - Drinking Water Source (  1)
2175,2586,306,Drinking Fountain,None,Drinking Fountain Count,None,WITHROW PARK - Drinking Water Source (  2)
2176,2843,306,Dogs Off-Leash Area,None,Off Leash Area,None,WITHROW PARK - Off Leash Area
2177,3681,306,Pickleball Court,None,None,None,WITHROW PARK - Tennis Court Area
2178,3682,306,Outdoor Tennis Court,None,Outdoor Tennis Court,None,WITHROW PARK - Outdoor Tennis Court (  1)
2179,3683,306,Outdoor Tennis Court,None,Outdoor Tennis Court,None,WITHROW PARK - Outdoor Tennis Court (  2)
2180,3684,306,Sports Pad Area,None,Sportspad Area,None,WITHROW PARK - Sportspad Area
2181,3684,306,Outdoor Basketball Court,None,Basketball Court,None,WITHROW PARK - Sportspad Area
2182,5054,306,Wading Pool,None,Wading Pool,None,WITHROW PARK - Wading Pool
2183,14311,306,Outdoor Dry Pad,ice,Outdoor Dry Pad - A,A,WITHROW PARK - Outdoor Artificial Ice Rink
2184,14311,306,Pickleball Court,None,None,None,WITHROW PARK - Outdoor Artificial Ice Rink
2185,14311,306,Pickleball Court,None,None,None,WITHROW PARK - Outdoor Artificial Ice Rink
2186,17988,306,Sport Field,sport,Soccer Field - B,B,WITHROW PARK - Soccer Field
2187,18116,306,Ball Diamond,sport,Baseball Diamond Field - C,C,WITHROW PARK - Ball Diamond Field (  1)
2188,18117,306,Ball Diamond,sport,Baseball Diamond Field - C,C,WITHROW PARK - Ball Diamond Field (  2)
2189,28356,306,Picnic Site,picnic,Picnic Site,None,WITHROW PARK - Picnic Site (  1)
2190,29204,306,Firepit,None,Firepit,None,WITHROW PARK - Firepit
2191,29749,306,Fieldhouse,None,Fieldhouse,None,WITHROW PARK - Washroom Building
2192,29749,306,Washroom Facility,None,Washroom Building,None,WITHROW PARK - Washroom Building
2193,29749,306,Change Room Facility,None,Changeroom Building,None,WITHROW PARK - Washroom Building
2194,29750,306,Clubhouse,None,Clubhouse,None,WITHROW PARK CLUBHOUSE
2195,29751,306,Washroom Facility,None,Washroom Building,None,WITHROW PARK NORTH WASHROOM BUILDING
2196,29751,306,Fieldhouse,None,Fieldhouse,None,WITHROW PARK NORTH WASHROOM BUILDING
2197,29753,306,Washroom Facility,None,Washroom Building,None,WITHROW PARK SOUTH WASHROOM BUILDING
2198,29753,306,Fieldhouse,None,Fieldhouse,None,WITHROW PARK SOUTH WASHROOM BUILDING
2199,29939,306,Kitchen,room,Kitchen,None,WITHROW PARK CLUBHOUSE - Kitchen
2200,34153,306,Playground,None,Playground Site,None,WITHROW PARK - Playground N
2201,40716,306,Bike Trail,None,Bike Trail,None,WITHROW PARK TRAIL (  7)
2202,40717,306,Bike Trail,None,Bike Trail,None,WITHROW PARK TRAIL (  8)
2203,40718,306,Bike Trail,None,Bike Trail,None,WITHROW PARK TRAIL (  9)
2204,40719,306,Bike Trail,None,Bike Trail,None,WITHROW PARK TRAIL ( 10)
2205,40720,306,Bike Trail,None,Bike Trail,None,WITHROW PARK TRAIL ( 11)
2206,40721,306,Bike Trail,None,Bike Trail,None,WITHROW PARK TRAIL ( 12)
2207,40722,306,Bike Trail,None,Bike Trail,None,WITHROW PARK TRAIL ( 13)
2208,42622,306,Playground,None,Playground Site,None,WITHROW PARK - Playground S
2209,43613,306,Outdoor Rink,ice,Outdoor Ice Pad,None,WITHROW PARK - Outdoor Ice Pad
2210,44302,306,Picnic Site,picnic,Picnic Site,None,WITHROW PARK - Picnic Site (  2)
2211,49829,306,Outdoor Table Tennis,None,Outdoor Table Tennis,None,WITHROW PARK - Outdoor Table Tennis
2212,58424,306,Picnic Shelter,picnic,Shelter,None,WITHROW PARK - Playground N - Shade Structure
2213,60342,306,Multipurpose Room,room,Room,None,WITHROW PARK CLUBHOUSE - Multipurpose Room
2214,75185,306,Outdoor Fitness Equipment,None,Outdoor Fitness Equipment,None,WITHROW PARK - Outdoor Fitness Equipment Area - Outdoor Fitness Equipment (  1)
2215,75186,306,Outdoor Fitness Equipment,None,Outdoor Fitness Equipment,None,WITHROW PARK - Outdoor Fitness Equipment Area - Outdoor Fitness Equipment (  2)
2216,75187,306,Outdoor Fitness Equipment,None,Outdoor Fitness Equipment,None,WITHROW PARK - Outdoor Fitness Equipment Area - Outdoor Fitness Equipment (  3)
2217,75188,306,Outdoor Fitness Equipment,None,Outdoor Fitness Equipment,None,WITHROW PARK - Outdoor Fitness Equipment Area - Outdoor Fitness Equipment (  4)
2218,75189,306,Outdoor Fitness Equipment,None,Outdoor Fitness Equipment,None,WITHROW PARK - Outdoor Fitness Equipment Area - Outdoor Fitness Equipment (  5)
2219,75190,306,Outdoor Fitness Equipment,None,Outdoor Fitness Equipment,None,WITHROW PARK - Outdoor Fitness Equipment Area - Outdoor Fitness Equipment (  6)
2220,75191,306,Outdoor Fitness Equipment,None,Outdoor Fitness Equipment,None,WITHROW PARK - Outdoor Fitness Equipment Area - Outdoor Fitness Equipment (  7)
2221,78414,306,Bottle Filling Station,None,Water Bottle Filling Count,None,WITHROW PARK - Drinking Water Source (  3)
2222,102089,306,Bottle Filling Station,None,Water Bottle Filling Count,None,WITHROW PARK - Drinking Water Source (  4)
2223,102233,306,Drinking Fountain,None,Drinking Fountain Count,None,WITHROW PARK - Drinking Water Source (  5)
2224,102233,306,Dog Fountain,None,Dog Fountain Count,None,WITHROW PARK - Drinking Water Source (  5)
2225,5247,307,Splash Pad,None,Splash/Spray Pad,None,POTTERY PLAYGROUND - Splash/Spray Pad
2226,34264,307,Playground,None,Playground Site,None,POTTERY PLAYGROUND - Playground
2227,102086,307,Drinking Fountain,None,Drinking Fountain Count,None,POTTERY PLAYGROUND - Drinking Water Source
2228,102086,307,Bottle Filling Station,None,Water Bottle Filling Count,None,POTTERY PLAYGROUND - Drinking Water Source
2229,10478,308,Indoor Pool,pool,Indoor Pool Tank - C,C,FAIRMOUNT PARK COMMUNITY CENTRE - Indoor Pool Tank
2230,29827,308,Kitchen,room,Kitchen - C,C,FAIRMOUNT PARK COMMUNITY CENTRE - Kitchen
2231,47984,308,Craft Room,room,Room-Craft - C,C,FAIRMOUNT PARK COMMUNITY CENTRE - Craft Room
2232,47985,308,Multipurpose Room,room,Room - B,B,FAIRMOUNT PARK COMMUNITY CENTRE - Multipurpose Room
2233,2154,311,Bottle Filling Station,None,Water Bottle Filling Count,None,WOODBINE BEACH PARK - Drinking Water Source (  1)
2234,2156,311,Drinking Fountain,None,Drinking Fountain Count,None,WOODBINE BEACH PARK - Drinking Water Source (  2)
2235,5460,311,Picnic Shelter,picnic,Shelter,None,WOODBINE BEACH PARK - Shade Structure (  1)
2236,5461,311,Picnic Shelter,picnic,Shelter,None,WOODBINE BEACH PARK - Shade Structure (  2)
2237,17063,311,Beach,None,Beach,None,WOODBINE BEACH
2238,17063,311,Beach Volleyball,None,Beach,None,WOODBINE BEACH
2239,21801,311,Bike Trail,None,Bike Trail,None,ASHBRIDGES BAY PARK TRAIL ( 22)
2240,21802,311,Bike Trail,None,Bike Trail,None,ASHBRIDGES BAY PARK TRAIL ( 23)
2241,23358,311,Bike Trail,None,Bike Trail,None,MARTIN GOODMAN TRAIL ( 67)
2242,23360,311,Bike Trail,None,Bike Trail,None,MARTIN GOODMAN TRAIL ( 69)
2243,23364,311,Bike Trail,None,Bike Trail,None,MARTIN GOODMAN TRAIL ( 72)
2244,28357,311,Picnic Site,picnic,Picnic Site,None,WOODBINE BEACH PARK - Picnic Site (  1)
2245,31022,311,Outdoor Fitness Equipment,None,Outdoor Fitness Equipment,None,WOODBINE BEACH PARK - Outdoor Fitness Equipment (  1)
2246,31023,311,Outdoor Fitness Equipment,None,Outdoor Fitness Equipment,None,WOODBINE BEACH PARK - Outdoor Fitness Equipment (  2)
2247,31024,311,Outdoor Fitness Equipment,None,Outdoor Fitness Equipment,None,WOODBINE BEACH PARK - Outdoor Fitness Equipment (  3)
2248,31025,311,Outdoor Fitness Equipment,None,Outdoor Fitness Equipment,None,WOODBINE BEACH PARK - Outdoor Fitness Equipment (  4)
2249,32508,311,Parking Lot,None,Outdoor Parking Lot,None,WOODBINE BEACH PARK - Outdoor Parking Lot (  1)
2250,32509,311,Parking Lot,None,Outdoor Parking Lot,None,WOODBINE BEACH PARK - Outdoor Parking Lot (  2)
2251,34157,311,Playground,None,Playground Site,None,WOODBINE BEACH PARK - Playground
2252,37104,311,Washroom Facility,None,Washroom Building,None,WOODBINE BATHING STATION
2253,37104,311,Change Room Facility,None,Changeroom Building,None,WOODBINE BATHING STATION
2254,49621,311,Picnic Site,picnic,Picnic Site,None,WOODBINE BEACH PARK - Picnic Site (  2)
2255,49622,311,Picnic Site,picnic,Picnic Site,None,WOODBINE BEACH PARK - Picnic Site (  3)
2256,49623,311,Picnic Site,picnic,Picnic Site,None,WOODBINE BEACH PARK - Picnic Site (  4)
2257,102009,311,Bottle Filling Station,None,Water Bottle Filling Count,None,WOODBINE BEACH PARK - Drinking Water Source (  3)
2258,988399,311,Picnic Site,picnic,Picnic Site,None,WOODBINE BEACH PARK - Picnic Site ( 5)
2259,989254,311,Outdoor Volleyball Court,None,Outdoor Volleyball Court,None,WOODBINE BEACH PARK - Beach Volleyball Court (104)
2260,989255,311,Outdoor Volleyball Court,None,Outdoor Volleyball Court,None,WOODBINE BEACH PARK - Beach Volleyball Court (105)
2261,989256,311,Outdoor Volleyball Court,None,Outdoor Volleyball Court,None,WOODBINE BEACH PARK - Beach Volleyball Court (107)
2262,989257,311,Outdoor Volleyball Court,None,Outdoor Volleyball Court,None,WOODBINE BEACH PARK - Beach Volleyball Court (108)
2263,989258,311,Outdoor Volleyball Court,None,Outdoor Volleyball Court,None,WOODBINE BEACH PARK - Beach Volleyball Court (109)
2264,989259,311,Outdoor Volleyball Court,None,Outdoor Volleyball Court,None,WOODBINE BEACH PARK - Beach Volleyball Court (110)
2265,989260,311,Outdoor Volleyball Court,None,Outdoor Volleyball Court,None,WOODBINE BEACH PARK - Beach Volleyball Court (111)
2266,989261,311,Outdoor Volleyball Court,None,Outdoor Volleyball Court,None,WOODBINE BEACH PARK - Beach Volleyball Court (112)
2267,989262,311,Outdoor Volleyball Court,None,Outdoor Volleyball Court,None,WOODBINE BEACH PARK - Beach Volleyball Court (113)
2268,989263,311,Outdoor Volleyball Court,None,Outdoor Volleyball Court,None,WOODBINE BEACH PARK - Beach Volleyball Court (114)
2269,989264,311,Outdoor Volleyball Court,None,Outdoor Volleyball Court,None,WOODBINE BEACH PARK - Beach Volleyball Court (115)
2270,989265,311,Outdoor Volleyball Court,None,Outdoor Volleyball Court,None,WOODBINE BEACH PARK - Beach Volleyball Court (116)
2271,989266,311,Outdoor Volleyball Court,None,Outdoor Volleyball Court,None,WOODBINE BEACH PARK - Beach Volleyball Court (  1)
2272,989267,311,Outdoor Volleyball Court,None,Outdoor Volleyball Court,None,WOODBINE BEACH PARK - Beach Volleyball Court ( 10)
2273,989268,311,Outdoor Volleyball Court,None,Outdoor Volleyball Court,None,WOODBINE BEACH PARK - Beach Volleyball Court ( 11)
2274,989269,311,Outdoor Volleyball Court,None,Outdoor Volleyball Court,None,WOODBINE BEACH PARK - Beach Volleyball Court (100)
2275,989270,311,Outdoor Volleyball Court,None,Outdoor Volleyball Court,None,WOODBINE BEACH PARK - Beach Volleyball Court (101)
2276,989271,311,Outdoor Volleyball Court,None,Outdoor Volleyball Court,None,WOODBINE BEACH PARK - Beach Volleyball Court (102)
2277,989272,311,Outdoor Volleyball Court,None,Outdoor Volleyball Court,None,WOODBINE BEACH PARK - Beach Volleyball Court (103)
2278,989273,311,Outdoor Volleyball Court,None,Outdoor Volleyball Court,None,WOODBINE BEACH PARK - Beach Volleyball Court (106)
2279,989274,311,Outdoor Volleyball Court,None,Outdoor Volleyball Court,None,WOODBINE BEACH PARK - Beach Volleyball Court (  2)
2280,989275,311,Outdoor Volleyball Court,None,Outdoor Volleyball Court,None,WOODBINE BEACH PARK - Beach Volleyball Court (  3)
2281,989276,311,Outdoor Volleyball Court,None,Outdoor Volleyball Court,None,WOODBINE BEACH PARK - Beach Volleyball Court (  4)
2282,989277,311,Outdoor Volleyball Court,None,Outdoor Volleyball Court,None,WOODBINE BEACH PARK - Beach Volleyball Court (  5)
2283,989278,311,Outdoor Volleyball Court,None,Outdoor Volleyball Court,None,WOODBINE BEACH PARK - Beach Volleyball Court (  6)
2284,989279,311,Outdoor Volleyball Court,None,Outdoor Volleyball Court,None,WOODBINE BEACH PARK - Beach Volleyball Court (  7)
2285,989280,311,Outdoor Volleyball Court,None,Outdoor Volleyball Court,None,WOODBINE BEACH PARK - Beach Volleyball Court (  8)
2286,989281,311,Outdoor Volleyball Court,None,Outdoor Volleyball Court,None,WOODBINE BEACH PARK - Beach Volleyball Court (  9)
2287,989282,311,Outdoor Volleyball Court,None,Outdoor Volleyball Court,None,WOODBINE BEACH PARK - Beach Volleyball Court ( 12)
2288,989283,311,Outdoor Volleyball Court,None,Outdoor Volleyball Court,None,WOODBINE BEACH PARK - Beach Volleyball Court ( 13)
2289,989284,311,Outdoor Volleyball Court,None,Outdoor Volleyball Court,None,WOODBINE BEACH PARK - Beach Volleyball Court ( 14)
2290,989285,311,Outdoor Volleyball Court,None,Outdoor Volleyball Court,None,WOODBINE BEACH PARK - Beach Volleyball Court ( 15)
2291,989286,311,Outdoor Volleyball Court,None,Outdoor Volleyball Court,None,WOODBINE BEACH PARK - Beach Volleyball Court ( 16)
2292,989287,311,Outdoor Volleyball Court,None,Outdoor Volleyball Court,None,WOODBINE BEACH PARK - Beach Volleyball Court ( 17)
2293,989288,311,Outdoor Volleyball Court,None,Outdoor Volleyball Court,None,WOODBINE BEACH PARK - Beach Volleyball Court ( 18)
2294,989289,311,Outdoor Volleyball Court,None,Outdoor Volleyball Court,None,WOODBINE BEACH PARK - Beach Volleyball Court ( 19)
2295,989290,311,Outdoor Volleyball Court,None,Outdoor Volleyball Court,None,WOODBINE BEACH PARK - Beach Volleyball Court ( 20)
2296,989291,311,Outdoor Volleyball Court,None,Outdoor Volleyball Court,None,WOODBINE BEACH PARK - Beach Volleyball Court ( 21)
2297,989292,311,Outdoor Volleyball Court,None,Outdoor Volleyball Court,None,WOODBINE BEACH PARK - Beach Volleyball Court ( 22)
2298,989293,311,Outdoor Volleyball Court,None,Outdoor Volleyball Court,None,WOODBINE BEACH PARK - Beach Volleyball Court ( 23)
2299,989294,311,Outdoor Volleyball Court,None,Outdoor Volleyball Court,None,WOODBINE BEACH PARK - Beach Volleyball Court ( 24)
2300,989295,311,Outdoor Volleyball Court,None,Outdoor Volleyball Court,None,WOODBINE BEACH PARK - Beach Volleyball Court ( 25)
2301,989296,311,Outdoor Volleyball Court,None,Outdoor Volleyball Court,None,WOODBINE BEACH PARK - Beach Volleyball Court ( 26)
2302,989297,311,Outdoor Volleyball Court,None,Outdoor Volleyball Court,None,WOODBINE BEACH PARK - Beach Volleyball Court ( 27)
2303,989298,311,Outdoor Volleyball Court,None,Outdoor Volleyball Court,None,WOODBINE BEACH PARK - Beach Volleyball Court ( 28)
2304,989299,311,Outdoor Volleyball Court,None,Outdoor Volleyball Court,None,WOODBINE BEACH PARK - Beach Volleyball Court ( 29)
2305,989300,311,Outdoor Volleyball Court,None,Outdoor Volleyball Court,None,WOODBINE BEACH PARK - Beach Volleyball Court ( 30)
2306,989301,311,Outdoor Volleyball Court,None,Outdoor Volleyball Court,None,WOODBINE BEACH PARK - Beach Volleyball Court ( 31)
2307,989302,311,Outdoor Volleyball Court,None,Outdoor Volleyball Court,None,WOODBINE BEACH PARK - Beach Volleyball Court ( 32)
2308,989303,311,Outdoor Volleyball Court,None,Outdoor Volleyball Court,None,WOODBINE BEACH PARK - Beach Volleyball Court ( 33)
2309,989304,311,Outdoor Volleyball Court,None,Outdoor Volleyball Court,None,WOODBINE BEACH PARK - Beach Volleyball Court ( 34)
2310,989305,311,Outdoor Volleyball Court,None,Outdoor Volleyball Court,None,WOODBINE BEACH PARK - Beach Volleyball Court ( 35)
2311,989306,311,Outdoor Volleyball Court,None,Outdoor Volleyball Court,None,WOODBINE BEACH PARK - Beach Volleyball Court ( 36)
2312,989307,311,Outdoor Volleyball Court,None,Outdoor Volleyball Court,None,WOODBINE BEACH PARK - Beach Volleyball Court ( 37)
2313,989308,311,Outdoor Volleyball Court,None,Outdoor Volleyball Court,None,WOODBINE BEACH PARK - Beach Volleyball Court ( 38)
2314,989309,311,Outdoor Volleyball Court,None,Outdoor Volleyball Court,None,WOODBINE BEACH PARK - Beach Volleyball Court ( 39)
2315,989310,311,Outdoor Volleyball Court,None,Outdoor Volleyball Court,None,WOODBINE BEACH PARK - Beach Volleyball Court ( 40)
2316,989311,311,Outdoor Volleyball Court,None,Outdoor Volleyball Court,None,WOODBINE BEACH PARK - Beach Volleyball Court ( 41)
2317,989312,311,Outdoor Volleyball Court,None,Outdoor Volleyball Court,None,WOODBINE BEACH PARK - Beach Volleyball Court ( 42)
2318,989313,311,Outdoor Volleyball Court,None,Outdoor Volleyball Court,None,WOODBINE BEACH PARK - Beach Volleyball Court ( 43)
2319,989314,311,Outdoor Volleyball Court,None,Outdoor Volleyball Court,None,WOODBINE BEACH PARK - Beach Volleyball Court ( 44)
2320,989315,311,Outdoor Volleyball Court,None,Outdoor Volleyball Court,None,WOODBINE BEACH PARK - Beach Volleyball Court ( 45)
2321,989316,311,Outdoor Volleyball Court,None,Outdoor Volleyball Court,None,WOODBINE BEACH PARK - Beach Volleyball Court ( 46)
2322,989317,311,Outdoor Volleyball Court,None,Outdoor Volleyball Court,None,WOODBINE BEACH PARK - Beach Volleyball Court ( 47)
2323,989318,311,Outdoor Volleyball Court,None,Outdoor Volleyball Court,None,WOODBINE BEACH PARK - Beach Volleyball Court ( 48)
2324,989319,311,Outdoor Volleyball Court,None,Outdoor Volleyball Court,None,WOODBINE BEACH PARK - Beach Volleyball Court ( 49)
2325,989320,311,Outdoor Volleyball Court,None,Outdoor Volleyball Court,None,WOODBINE BEACH PARK - Beach Volleyball Court ( 50)
2326,989321,311,Outdoor Volleyball Court,None,Outdoor Volleyball Court,None,WOODBINE BEACH PARK - Beach Volleyball Court ( 51)
2327,989322,311,Outdoor Volleyball Court,None,Outdoor Volleyball Court,None,WOODBINE BEACH PARK - Beach Volleyball Court ( 52)
2328,989323,311,Outdoor Volleyball Court,None,Outdoor Volleyball Court,None,WOODBINE BEACH PARK - Beach Volleyball Court ( 53)
2329,989324,311,Outdoor Volleyball Court,None,Outdoor Volleyball Court,None,WOODBINE BEACH PARK - Beach Volleyball Court ( 54)
2330,989325,311,Outdoor Volleyball Court,None,Outdoor Volleyball Court,None,WOODBINE BEACH PARK - Beach Volleyball Court ( 55)
2331,989326,311,Outdoor Volleyball Court,None,Outdoor Volleyball Court,None,WOODBINE BEACH PARK - Beach Volleyball Court ( 56)
2332,989327,311,Outdoor Volleyball Court,None,Outdoor Volleyball Court,None,WOODBINE BEACH PARK - Beach Volleyball Court ( 57)
2333,989328,311,Outdoor Volleyball Court,None,Outdoor Volleyball Court,None,WOODBINE BEACH PARK - Beach Volleyball Court ( 58)
2334,989329,311,Outdoor Volleyball Court,None,Outdoor Volleyball Court,None,WOODBINE BEACH PARK - Beach Volleyball Court ( 59)
2335,989330,311,Outdoor Volleyball Court,None,Outdoor Volleyball Court,None,WOODBINE BEACH PARK - Beach Volleyball Court ( 60)
2336,989331,311,Outdoor Volleyball Court,None,Outdoor Volleyball Court,None,WOODBINE BEACH PARK - Beach Volleyball Court ( 61)
2337,989332,311,Outdoor Volleyball Court,None,Outdoor Volleyball Court,None,WOODBINE BEACH PARK - Beach Volleyball Court ( 62)
2338,989333,311,Outdoor Volleyball Court,None,Outdoor Volleyball Court,None,WOODBINE BEACH PARK - Beach Volleyball Court ( 63)
2339,989334,311,Outdoor Volleyball Court,None,Outdoor Volleyball Court,None,WOODBINE BEACH PARK - Beach Volleyball Court ( 64)
2340,989335,311,Outdoor Volleyball Court,None,Outdoor Volleyball Court,None,WOODBINE BEACH PARK - Beach Volleyball Court ( 65)
2341,989336,311,Outdoor Volleyball Court,None,Outdoor Volleyball Court,None,WOODBINE BEACH PARK - Beach Volleyball Court ( 66)
2342,989337,311,Outdoor Volleyball Court,None,Outdoor Volleyball Court,None,WOODBINE BEACH PARK - Beach Volleyball Court ( 67)
2343,989338,311,Outdoor Volleyball Court,None,Outdoor Volleyball Court,None,WOODBINE BEACH PARK - Beach Volleyball Court ( 68)
2344,989339,311,Outdoor Volleyball Court,None,Outdoor Volleyball Court,None,WOODBINE BEACH PARK - Beach Volleyball Court ( 69)
2345,989340,311,Outdoor Volleyball Court,None,Outdoor Volleyball Court,None,WOODBINE BEACH PARK - Beach Volleyball Court ( 70)
2346,989341,311,Outdoor Volleyball Court,None,Outdoor Volleyball Court,None,WOODBINE BEACH PARK - Beach Volleyball Court ( 71)
2347,989342,311,Outdoor Volleyball Court,None,Outdoor Volleyball Court,None,WOODBINE BEACH PARK - Beach Volleyball Court ( 72)
2348,989343,311,Outdoor Volleyball Court,None,Outdoor Volleyball Court,None,WOODBINE BEACH PARK - Beach Volleyball Court ( 73)
2349,989344,311,Outdoor Volleyball Court,None,Outdoor Volleyball Court,None,WOODBINE BEACH PARK - Beach Volleyball Court ( 74)
2350,989345,311,Outdoor Volleyball Court,None,Outdoor Volleyball Court,None,WOODBINE BEACH PARK - Beach Volleyball Court ( 75)
2351,989346,311,Outdoor Volleyball Court,None,Outdoor Volleyball Court,None,WOODBINE BEACH PARK - Beach Volleyball Court ( 76)
2352,989347,311,Outdoor Volleyball Court,None,Outdoor Volleyball Court,None,WOODBINE BEACH PARK - Beach Volleyball Court ( 77)
2353,989348,311,Outdoor Volleyball Court,None,Outdoor Volleyball Court,None,WOODBINE BEACH PARK - Beach Volleyball Court ( 78)
2354,989349,311,Outdoor Volleyball Court,None,Outdoor Volleyball Court,None,WOODBINE BEACH PARK - Beach Volleyball Court ( 79)
2355,989350,311,Outdoor Volleyball Court,None,Outdoor Volleyball Court,None,WOODBINE BEACH PARK - Beach Volleyball Court ( 80)
2356,989351,311,Outdoor Volleyball Court,None,Outdoor Volleyball Court,None,WOODBINE BEACH PARK - Beach Volleyball Court ( 81)
2357,989352,311,Outdoor Volleyball Court,None,Outdoor Volleyball Court,None,WOODBINE BEACH PARK - Beach Volleyball Court ( 82)
2358,989353,311,Outdoor Volleyball Court,None,Outdoor Volleyball Court,None,WOODBINE BEACH PARK - Beach Volleyball Court ( 83)
2359,989354,311,Outdoor Volleyball Court,None,Outdoor Volleyball Court,None,WOODBINE BEACH PARK - Beach Volleyball Court ( 84)
2360,989355,311,Outdoor Volleyball Court,None,Outdoor Volleyball Court,None,WOODBINE BEACH PARK - Beach Volleyball Court ( 85)
2361,989356,311,Outdoor Volleyball Court,None,Outdoor Volleyball Court,None,WOODBINE BEACH PARK - Beach Volleyball Court ( 86)
2362,989357,311,Outdoor Volleyball Court,None,Outdoor Volleyball Court,None,WOODBINE BEACH PARK - Beach Volleyball Court ( 87)
2363,989358,311,Outdoor Volleyball Court,None,Outdoor Volleyball Court,None,WOODBINE BEACH PARK - Beach Volleyball Court ( 88)
2364,989359,311,Outdoor Volleyball Court,None,Outdoor Volleyball Court,None,WOODBINE BEACH PARK - Beach Volleyball Court ( 89)
2365,989360,311,Outdoor Volleyball Court,None,Outdoor Volleyball Court,None,WOODBINE BEACH PARK - Beach Volleyball Court ( 90)
2366,989361,311,Outdoor Volleyball Court,None,Outdoor Volleyball Court,None,WOODBINE BEACH PARK - Beach Volleyball Court ( 91)
2367,989362,311,Outdoor Volleyball Court,None,Outdoor Volleyball Court,None,WOODBINE BEACH PARK - Beach Volleyball Court ( 92)
2368,989363,311,Outdoor Volleyball Court,None,Outdoor Volleyball Court,None,WOODBINE BEACH PARK - Beach Volleyball Court ( 93)
2369,989364,311,Outdoor Volleyball Court,None,Outdoor Volleyball Court,None,WOODBINE BEACH PARK - Beach Volleyball Court ( 94)
2370,989365,311,Outdoor Volleyball Court,None,Outdoor Volleyball Court,None,WOODBINE BEACH PARK - Beach Volleyball Court ( 95)
2371,989366,311,Outdoor Volleyball Court,None,Outdoor Volleyball Court,None,WOODBINE BEACH PARK - Beach Volleyball Court ( 96)
2372,989367,311,Outdoor Volleyball Court,None,Outdoor Volleyball Court,None,WOODBINE BEACH PARK - Beach Volleyball Court ( 97)
2373,989368,311,Outdoor Volleyball Court,None,Outdoor Volleyball Court,None,WOODBINE BEACH PARK - Beach Volleyball Court ( 98)
2374,989369,311,Outdoor Volleyball Court,None,Outdoor Volleyball Court,None,WOODBINE BEACH PARK - Beach Volleyball Court ( 99)
2375,3263,312,Pickleball Court,None,None,None,FENSIDE PARK - Tennis Court Area
2376,3263,312,Pickleball Court,None,None,None,FENSIDE PARK - Tennis Court Area
2377,3263,312,Pickleball Court,None,None,None,FENSIDE PARK - Tennis Court Area
2378,3263,312,Pickleball Court,None,None,None,FENSIDE PARK - Tennis Court Area
2379,3264,312,Outdoor Tennis Court,None,Outdoor Tennis Court,None,FENSIDE PARK - Outdoor Tennis Court (  1)
2380,3265,312,Outdoor Tennis Court,None,Outdoor Tennis Court,None,FENSIDE PARK - Outdoor Tennis Court (  2)
2381,3266,312,Outdoor Tennis Court,None,Outdoor Tennis Court,None,FENSIDE PARK - Outdoor Tennis Court (  3)
2382,3267,312,Outdoor Tennis Court,None,Outdoor Tennis Court,None,FENSIDE PARK - Outdoor Tennis Court (  4)
2383,4468,312,Splash Pad,None,Splash/Spray Pad,None,FENSIDE PARK - Splash/Spray Pad
2384,17764,312,Ball Diamond,sport,Baseball Diamond Field - C,C,FENSIDE PARK - Ball Diamond Field
2385,32302,312,Parking Lot,None,Outdoor Parking Lot,None,FENSIDE PARK - Outdoor Parking Lot
2386,34066,312,Playground,None,Playground Site,None,FENSIDE PARK - Playground
2387,2690,313,Dog Fountain,None,Dog Fountain Count,None,PRICEFIELD ROAD PLAYGROUND - Drinking Water Source
2388,2690,313,Drinking Fountain,None,Drinking Fountain Count,None,PRICEFIELD ROAD PLAYGROUND - Drinking Water Source
2389,3896,313,Outdoor Basketball Court,None,Basketball Court,None,PRICEFIELD ROAD PLAYGROUND - Basketball Court
2390,34266,313,Playground,None,Playground Site,None,PRICEFIELD ROAD PLAYGROUND - Playground
2391,13007,314,Stadium,stadium,Stadium,None,LAMPORT STADIUM
2392,17666,314,Multipurpose Field,None,Multipurpose Field - Premier,P,LAMPORT STADIUM PARK - Multipurpose Field
2393,29762,314,Kitchen,room,Kitchen,None,LAMPORT STADIUM - Kitchen
2394,47917,314,Meeting Room,None,None,None,LAMPORT STADIUM - Meeting Room
2395,48098,314,Multipurpose Room,room,Room - C,C,LAMPORT STADIUM - Multipurpose Room
2396,5242,315,Wading Pool,None,Wading Pool,None,PRIMROSE AVENUE PARKETTE - Wading Pool
2397,34267,315,Playground,None,Playground Site,None,PRIMROSE AVENUE PARKETTE - Playground
2398,74309,315,Drinking Fountain,None,Drinking Fountain Count,None,PRIMROSE AVENUE PARKETTE - Drinking Water Source
2399,2658,318,Drinking Fountain,None,Drinking Fountain Count,None,PRINCE EDWARD VIADUCT PARKETTE - Drinking Water Source
2400,2407,319,Drinking Fountain,None,Drinking Fountain Count,None,VILLAGE OF YORKVILLE PARK - Drinking Water Source (  1)
2401,2408,319,Drinking Fountain,None,Drinking Fountain Count,None,VILLAGE OF YORKVILLE PARK - Drinking Water Source (  2)
2402,2408,319,Dog Fountain,None,Dog Fountain Count,None,VILLAGE OF YORKVILLE PARK - Drinking Water Source (  2)
2403,347,320,Stadium,stadium,Stadium,None,ESTHER SHINER STADIUM
2404,347,320,Washroom Facility,None,Washroom Building,None,ESTHER SHINER STADIUM
2405,30196,320,Dressing Room,None,Change Room,None,ESTHER SHINER STADIUM - Dressing Room - Unisex (  1)
2406,30197,320,Dressing Room,None,Change Room,None,ESTHER SHINER STADIUM - Dressing Room - Unisex (  2)
2407,30198,320,Dressing Room,None,Change Room,None,ESTHER SHINER STADIUM - Dressing Room - Unisex (  3)
2408,30199,320,Dressing Room,None,Change Room,None,ESTHER SHINER STADIUM - Dressing Room - Unisex (  4)
2409,30200,320,Dressing Room,None,Change Room,None,ESTHER SHINER STADIUM - Dressing Room - Unisex (  5)
2410,30201,320,Dressing Room,None,Change Room,None,ESTHER SHINER STADIUM - Dressing Room - Unisex (  6)
2411,45443,320,Multipurpose Field,None,Multipurpose Field - Premier,P,ESTHER SHINER STADIUM - Multipurpose Field
2412,45882,320,Multipurpose Room,room,Room,None,ESTHER SHINER STADIUM - Multipurpose Room (  1)
2413,48238,320,Multipurpose Room,room,Room - C,C,ESTHER SHINER STADIUM - Multipurpose Room (  2)
2414,48239,320,Multipurpose Room,room,Room - C,C,ESTHER SHINER STADIUM - Multipurpose Room (  3)
2415,102255,322,Dog Fountain,None,Dog Fountain Count,None,BLYTHWOOD RAVINE PARK - Drinking Water Source
2416,29913,325,Kitchen,room,Kitchen,None,SECORD COMMUNITY CENTRE - Kitchen
2417,41535,325,Gymnasium,gym,Gymnasium - B,B,SECORD COMMUNITY CENTRE - Gymnasium
2418,46525,325,Lounge,room,Room - C,C,SECORD COMMUNITY CENTRE - Lounge
2419,46526,325,Multipurpose Room,room,Room - A,A,SECORD COMMUNITY CENTRE - Multipurpose Room
2420,14271,327,Pickleball Court,None,None,None,DIEPPE PARK - Outdoor Artificial Ice Rink
2421,14271,327,Pickleball Court,None,None,None,DIEPPE PARK - Outdoor Artificial Ice Rink
2422,14271,327,Pickleball Court,None,None,None,DIEPPE PARK - Outdoor Artificial Ice Rink
2423,14271,327,Pickleball Court,None,None,None,DIEPPE PARK - Outdoor Artificial Ice Rink
2424,14271,327,Pickleball Court,None,None,None,DIEPPE PARK - Outdoor Artificial Ice Rink
2425,14271,327,Pickleball Court,None,None,None,DIEPPE PARK - Outdoor Artificial Ice Rink
2426,17735,327,Ball Diamond,sport,Baseball Diamond Field - B,B,DIEPPE PARK - Ball Diamond Field
2427,17736,327,Multipurpose Field,None,Multipurpose Field - A,A,DIEPPE PARK - Multipurpose Field
2428,28887,327,Washroom Facility,None,Washroom Building,None,DIEPPE PARK A.I.R. BUILDING
2429,29361,327,Washroom Facility,None,Washroom Building,None,DIEPPE PARK - Washroom Building
2430,30148,327,Dressing Room,None,Change Room,None,DIEPPE PARK A.I.R. BUILDING - Dressing Room - Family
2431,32260,327,Parking Lot,None,Outdoor Parking Lot,None,DIEPPE PARK - Outdoor Parking Lot
2432,34001,327,Playground,None,Playground Site,None,DIEPPE PARK - Playground
2433,43581,327,Outdoor Dry Pad,ice,Outdoor Dry Pad - A,A,DIEPPE PARK - Outdoor Ice Pad
2434,43581,327,Outdoor Rink,ice,Outdoor Ice Pad - A,A,DIEPPE PARK - Outdoor Ice Pad
2435,59883,327,Skate Trail,None,Skate Trail,None,DIEPPE PARK - Skate Trail
2436,59883,327,Pickleball Court,None,None,None,DIEPPE PARK - Skate Trail
2437,59883,327,Pickleball Court,None,None,None,DIEPPE PARK - Skate Trail
2438,102083,327,Bottle Filling Station,None,Water Bottle Filling Count,None,DIEPPE PARK - Drinking Water Source (  1)
2439,102162,327,Dog Fountain,None,Dog Fountain Count,None,DIEPPE PARK - Drinking Water Source (  2)
2440,102162,327,Drinking Fountain,None,Drinking Fountain Count,None,DIEPPE PARK - Drinking Water Source (  2)
2441,1001064,327,Outdoor Table Tennis,None,Outdoor Table Tennis,None,DIEPPE PARK - Outdoor Table Tennis
2442,1001085,327,Splash Pad,None,Splash/Spray Pad,None,DIEPPE PARK - Splash/Spray Pad
2443,10474,329,Indoor Pool,pool,Indoor Pool Tank - B,B,EAST YORK COMMUNITY RECREATION CENTRE - Indoor Pool Tank
2444,28535,329,Community Garden,None,Community Garden,None,EAST YORK COMMUNITY GARDEN
2445,29811,329,Kitchen,room,Kitchen - C,C,EAST YORK COMMUNITY RECREATION CENTRE - Kitchen (  1)
2446,29812,329,Kitchen,room,Kitchen,None,EAST YORK COMMUNITY RECREATION CENTRE - Kitchen (  2)
2447,40834,329,Weight/Cardio Room,None,Room-Fitness/Weight,None,EAST YORK COMMUNITY RECREATION CENTRE - Fitness Centre
2448,41311,329,Gymnasium,gym,Gymnasium - A,A,EAST YORK COMMUNITY RECREATION CENTRE - Gymnasium
2449,48207,329,Games Room,room,Games Room - C,C,EAST YORK COMMUNITY RECREATION CENTRE - Games Room
2450,48208,329,Multipurpose Room,room,Room - C,C,EAST YORK COMMUNITY RECREATION CENTRE - Multipurpose Room
2451,49082,329,Gallery,room,Gallery/Hall,None,EAST YORK COMMUNITY RECREATION CENTRE - Gallery
2452,17333,330,Indoor Rink,ice,Indoor Ice Pad - A,A,EAST YORK MEMORIAL ARENA - Indoor Ice Pad
2453,46423,330,ProShop,room,Proshop,None,EAST YORK MEMORIAL ARENA - ProShop
2454,48209,330,Multipurpose Room,room,Room - C,C,EAST YORK MEMORIAL ARENA - Multipurpose Room
2455,2643,332,Drinking Fountain,None,Drinking Fountain Count,None,SALLY BIRD PARK - Drinking Water Source
2456,31007,332,Outdoor Fitness Equipment,None,Outdoor Fitness Equipment,None,SALLY BIRD PARK - Outdoor Fitness Equipment (  1)
2457,31008,332,Outdoor Fitness Equipment,None,Outdoor Fitness Equipment,None,SALLY BIRD PARK - Outdoor Fitness Equipment (  2)
2458,31009,332,Outdoor Fitness Equipment,None,Outdoor Fitness Equipment,None,SALLY BIRD PARK - Outdoor Fitness Equipment (  3)
2459,2177,334,Drinking Fountain,None,Drinking Fountain Count,None,LESSARD PARK - Drinking Water Source
2460,17835,334,Ball Diamond,sport,Baseball Diamond Field - C,C,LESSARD PARK - Ball Diamond Field
2461,29559,334,Fieldhouse,None,Fieldhouse,None,LESSARD PARK - Fieldhouse
2462,34122,334,Playground,None,Playground Site,None,LESSARD PARK - Playground
2463,49742,334,Outdoor Table Tennis,None,Outdoor Table Tennis,None,LESSARD PARK - Outdoor Table Tennis
2464,2449,335,Drinking Fountain,None,Drinking Fountain Count,None,BUDAPEST PARK - Drinking Water Source (  1)
2465,5026,335,Wading Pool,None,Wading Pool,None,SUNNYSIDE PARK - Budapest - Wading Pool
2466,23361,335,Bike Trail,None,Bike Trail,None,MARTIN GOODMAN TRAIL (  7)
2467,23372,335,Bike Trail,None,Bike Trail,None,MARTIN GOODMAN TRAIL (  8)
2468,23383,335,Bike Trail,None,Bike Trail,None,MARTIN GOODMAN TRAIL (  9)
2469,24963,335,Beach,None,Beach,None,SUNNYSIDE BEACH (  1)
2470,29312,335,Washroom Facility,None,Washroom Building,None,BUDAPEST PARK - Fieldhouse
2471,29312,335,Fieldhouse,None,Fieldhouse,None,BUDAPEST PARK - Fieldhouse
2472,30972,335,Outdoor Fitness Equipment,None,Outdoor Fitness Equipment,None,BUDAPEST PARK - Outdoor Fitness Equipment
2473,32228,335,Parking Lot,None,Outdoor Parking Lot,None,BUDAPEST PARK - Outdoor Parking Lot (  1)
2474,32230,335,Parking Lot,None,Outdoor Parking Lot,None,BUDAPEST PARK - Outdoor Parking Lot (  2)
2475,34370,335,Playground,None,Playground Site,None,BUDAPEST PARK - Playground
2476,102127,335,Drinking Fountain,None,Drinking Fountain Count,None,BUDAPEST PARK - Drinking Water Source (  2)
2477,102127,335,Bottle Filling Station,None,Water Bottle Filling Count,None,BUDAPEST PARK - Drinking Water Source (  2)
2478,48483,336,Multipurpose Room,room,Room - C,C,TERRY FOX COMMUNITY CENTRE - Multipurpose Room
2479,4549,337,Firepit,None,Firepit,None,EARL BALES PARK - Firepit (  1)
2480,4550,337,Firepit,None,Firepit,None,EARL BALES PARK - Firepit (  2)
2481,4551,337,Picnic Site,picnic,Picnic Site,None,EARL BALES PARK - Picnic Site (  1)
2482,4552,337,Picnic Site,picnic,Picnic Site,None,EARL BALES PARK - Picnic Site (3)
2483,5787,337,Amphitheatre,special,Amphitheatre,None,BARRY ZUKERMAN AMPHITHEATRE
2484,5787,337,Washroom Facility,None,Washroom Building,None,BARRY ZUKERMAN AMPHITHEATRE
2485,13260,337,Drinking Fountain,None,Drinking Fountain Count,None,EARL BALES PARK - Drinking Water Source (  1)
2486,13262,337,Drinking Fountain,None,Drinking Fountain Count,None,EARL BALES PARK - Drinking Water Source (  2)
2487,14142,337,Ski Hill,None,Ski Hill,None,EARL BALES PARK - Ski Hill
2488,18542,337,Dogs Off-Leash Area,None,Off Leash Area,None,EARL BALES PARK - Off Leash Area
2489,22275,337,Bike Trail,None,Bike Trail,None,EARL BALES PARK TRAIL (  1)
2490,22276,337,Bike Trail,None,Bike Trail,None,EARL BALES PARK TRAIL ( 10)
2491,22277,337,Bike Trail,None,Bike Trail,None,EARL BALES PARK TRAIL ( 11)
2492,22278,337,Bike Trail,None,Bike Trail,None,EARL BALES PARK TRAIL ( 12)
2493,22283,337,Bike Trail,None,Bike Trail,None,EARL BALES PARK TRAIL (  2)
2494,22285,337,Bike Trail,None,Bike Trail,None,EARL BALES PARK TRAIL (  4)
2495,22286,337,Bike Trail,None,Bike Trail,None,EARL BALES PARK TRAIL (  5)
2496,22289,337,Bike Trail,None,Bike Trail,None,EARL BALES PARK TRAIL (  8)
2497,22290,337,Bike Trail,None,Bike Trail,None,EARL BALES PARK TRAIL (  9)
2498,29385,337,Washroom Facility,None,Washroom Building,None,EARL BALES PARK - Washroom Building
2499,32276,337,Parking Lot,None,Outdoor Parking Lot,None,EARL BALES PARK - Outdoor Parking Lot (  1)
2500,32277,337,Parking Lot,None,Outdoor Parking Lot,None,EARL BALES PARK - Outdoor Parking Lot (  2)
2501,32278,337,Parking Lot,None,Outdoor Parking Lot,None,EARL BALES PARK - Outdoor Parking Lot (  3)
2502,32279,337,Parking Lot,None,Outdoor Parking Lot,None,EARL BALES PARK - Outdoor Parking Lot (  4)
2503,32280,337,Parking Lot,None,Outdoor Parking Lot,None,EARL BALES PARK - Outdoor Parking Lot (  5)
2504,34021,337,Playground,None,Playground Site,None,EARL BALES PARK - Playground N
2505,42653,337,Playground,None,Playground Site,None,EARL BALES PARK - Playground S
2506,45002,337,Splash Pad,None,Splash/Spray Pad,None,SARAH AND MORRIS FELDMAN SENSORY GARDEN - Splash/Spray Pad
2507,72304,337,Playground,None,Playground Site,None,EARL BALES PARK - Playground W
2508,102064,337,Bottle Filling Station,None,Water Bottle Filling Count,None,EARL BALES PARK - Drinking Water Source (  3)
2509,102202,337,Drinking Fountain,None,Drinking Fountain Count,None,EARL BALES PARK - Drinking Water Source (  4)
2510,849940,337,Picnic Site,picnic,Picnic Site,None,EARL BALES PARK - Picnic Site (5)
2511,849943,337,Picnic Site,picnic,Picnic Site,None,EARL BALES PARK - Picnic Site (2)
2512,2370,338,Drinking Fountain,None,Drinking Fountain Count,None,DAVID CROMBIE PARK - Drinking Water Source (  1)
2513,2371,338,Drinking Fountain,None,Drinking Fountain Count,None,DAVID CROMBIE PARK - Drinking Water Source (  2)
2514,2373,338,Wading Pool,None,Wading Pool,None,DAVID CROMBIE PARK - Wading Pool
2515,2824,338,Dogs Off-Leash Area,None,Off Leash Area,None,DAVID CROMBIE PARK - Off Leash Area
2516,3371,338,Outdoor Basketball Court,None,Basketball Court,None,DAVID CROMBIE PARK - Basketball Court (  1)
2517,17728,338,Ball Diamond,sport,Baseball Diamond Field - C,C,DAVID CROMBIE PARK - Ball Diamond Field
2518,28423,338,Outdoor Basketball Court,None,Basketball Court,None,DAVID CROMBIE PARK - Basketball Court (  2)
2519,33988,338,Playground,None,Playground Site,None,DAVID CROMBIE PARK - Playground E
2520,43234,338,Playground,None,Playground Site,None,DAVID CROMBIE PARK - Playground W
2521,43235,338,Playground,None,Playground Site,None,DAVID CROMBIE PARK - Playground C
2522,102254,338,Drinking Fountain,None,Drinking Fountain Count,None,DAVID CROMBIE PARK - Drinking Water Source (  3)
2523,13942,340,Beach,None,Beach,None,ROUGE BEACH
2524,29620,340,Change Room Facility,None,Changeroom Building,None,ROUGE PARK - ROUGE BEACH PARK - Washroom Building
2525,40523,340,Bike Trail,None,Bike Trail,None,ROUGE BEACH PARK TRAIL
2526,57387,340,Pond,None,Open Water,None,ROUGE PARK - ROUGE BEACH PARK - Open Water
2527,102104,340,Bottle Filling Station,None,Water Bottle Filling Count,None,ROUGE PARK - ROUGE BEACH PARK - Drinking Water Source
2528,102104,340,Bottle Filling Station,None,Water Bottle Filling Count,None,ROUGE PARK - ROUGE BEACH PARK - Drinking Water Source
2529,850016,340,Parking Lot,None,Outdoor Parking Lot,None,ROUGE PARK - ROUGE BEACH PARK - Outdoor Parking Lot (  1)
2530,850017,340,Parking Lot,None,Outdoor Parking Lot,None,ROUGE PARK - ROUGE BEACH PARK - Outdoor Parking Lot (  2)
2531,850018,340,Parking Lot,None,Outdoor Parking Lot,None,ROUGE PARK - ROUGE BEACH PARK - Outdoor Parking Lot (  3)
2532,17838,341,Sport Field,sport,Soccer Field - A,A,LINUS PARK - Soccer Field
2533,23192,341,Bike Trail,None,Bike Trail,None,LINUS PARK TRAIL
2534,34173,341,Playground,None,Playground Site,None,LINUS PARK - Playground
2535,102118,341,Bottle Filling Station,None,Water Bottle Filling Count,None,LINUS PARK - Drinking Water Source
2536,10499,342,Indoor Pool,pool,Indoor Pool Tank - B,B,NORTHVIEW HEIGHTS SECONDARY SCHOOL - Indoor Pool Tank
2537,2668,343,Dog Fountain,None,Dog Fountain Count,None,RIVERDALE PARK EAST - Drinking Water Source (  1)
2538,2668,343,Drinking Fountain,None,Drinking Fountain Count,None,RIVERDALE PARK EAST - Drinking Water Source (  1)
2539,3834,343,Pickleball Court,None,None,None,RIVERDALE PARK EAST - Tennis Court Area
2540,3834,343,Pickleball Court,None,None,None,RIVERDALE PARK EAST - Tennis Court Area
2541,3835,343,Outdoor Tennis Court,None,Outdoor Tennis Court,None,RIVERDALE PARK EAST - Outdoor Tennis Court (  1)
2542,3836,343,Outdoor Tennis Court,None,Outdoor Tennis Court,None,RIVERDALE PARK EAST - Outdoor Tennis Court (  2)
2543,3837,343,Outdoor Tennis Court,None,Outdoor Tennis Court,None,RIVERDALE PARK EAST - Outdoor Tennis Court (  3)
2544,3838,343,Outdoor Tennis Court,None,Outdoor Tennis Court,None,RIVERDALE PARK EAST - Outdoor Tennis Court (  4)
2545,3839,343,Outdoor Tennis Court,None,Outdoor Tennis Court,None,RIVERDALE PARK EAST - Outdoor Tennis Court (  5)
2546,3840,343,Outdoor Tennis Court,None,Outdoor Tennis Court,None,RIVERDALE PARK EAST - Outdoor Tennis Court (  6)
2547,3841,343,Outdoor Tennis Court,None,Outdoor Tennis Court,None,RIVERDALE PARK EAST - Outdoor Tennis Court (  7)
2548,5182,343,Outdoor Pool,pool,Outdoor Pool Tank,None,RIVERDALE PARK EAST - Outdoor Pool Tank
2549,6171,343,Washroom Facility,None,Washroom Building,None,RIVERDALE PARK OUTDOOR POOL BUILDING
2550,14297,343,Pickleball Court,None,None,None,RIVERDALE PARK EAST - Outdoor Artificial Ice Rink
2551,14297,343,Pickleball Court,None,None,None,RIVERDALE PARK EAST - Outdoor Artificial Ice Rink
2552,14297,343,Outdoor Dry Pad,ice,Outdoor Dry Pad - A,A,RIVERDALE PARK EAST - Outdoor Artificial Ice Rink
2553,14297,343,Pickleball Court,None,None,None,RIVERDALE PARK EAST - Outdoor Artificial Ice Rink
2554,14297,343,Pickleball Court,None,None,None,RIVERDALE PARK EAST - Outdoor Artificial Ice Rink
2555,17908,343,Outdoor track,None,Outdoor Track,None,RIVERDALE PARK EAST - Outdoor Track
2556,18092,343,Ball Diamond,sport,Baseball Diamond Field - B,B,RIVERDALE PARK EAST - Ball Diamond Field (  1)
2557,18093,343,Ball Diamond,sport,Baseball Diamond Field - B,B,RIVERDALE PARK EAST - Ball Diamond Field (  2)
2558,18173,343,Multipurpose Field,None,Multipurpose Field - B,B,RIVERDALE PARK EAST - Multipurpose Field (  1)
2559,18174,343,Multipurpose Field,None,Multipurpose Field - B,B,RIVERDALE PARK EAST - Multipurpose Field (  2)
2560,18175,343,Multipurpose Field,None,Multipurpose Field - B,B,RIVERDALE PARK EAST - Multipurpose Field (  3)
2561,23776,343,Bike Trail,None,Bike Trail,None,RIVERDALE PARK EAST TRAIL (  1)
2562,28339,343,Picnic Site,picnic,Picnic Site,None,RIVERDALE PARK EAST - Picnic Site (  1)
2563,29612,343,Fieldhouse,None,Fieldhouse,None,RIVERDALE PARK EAST - Fieldhouse
2564,29612,343,Washroom Facility,None,Washroom Building,None,RIVERDALE PARK EAST - Fieldhouse
2565,33886,343,Playground,None,Playground Site,None,RIVERDALE PARK EAST - Playground
2566,36783,343,Dogs Off-Leash Area,None,Off Leash Area,None,RIVERDALE PARK EAST - Off Leash Area
2567,48445,343,Multipurpose Room,room,Room - B,B,RIVERDALE PARK OUTDOOR POOL BUILDING - Multipurpose Room
2568,49594,343,Picnic Site,picnic,Picnic Site,None,RIVERDALE PARK EAST - Picnic Site (  2)
2569,49747,343,Outdoor Table Tennis,None,Outdoor Table Tennis,None,RIVERDALE PARK EAST - Outdoor Table Tennis (  1)
2570,49748,343,Outdoor Table Tennis,None,Outdoor Table Tennis,None,RIVERDALE PARK EAST - Outdoor Table Tennis (  2)
2571,71802,343,Outdoor Rink,ice,Outdoor Ice Pad,None,RIVERDALE PARK EAST - Outdoor Ice Pad
2572,71803,343,Skate Trail,None,Skate Trail,None,RIVERDALE PARK EAST - Skate Trail
2573,72369,343,Outdoor Fitness Equipment,None,Outdoor Fitness Equipment,None,RIVERDALE PARK EAST - Outdoor Fitness Equipment Area - Outdoor Fitness Equipment (  1)
2574,72370,343,Outdoor Fitness Equipment,None,Outdoor Fitness Equipment,None,RIVERDALE PARK EAST - Outdoor Fitness Equipment Area - Outdoor Fitness Equipment (  2)
2575,72371,343,Outdoor Fitness Equipment,None,Outdoor Fitness Equipment,None,RIVERDALE PARK EAST - Outdoor Fitness Equipment Area - Outdoor Fitness Equipment (  3)
2576,72372,343,Outdoor Fitness Equipment,None,Outdoor Fitness Equipment,None,RIVERDALE PARK EAST - Outdoor Fitness Equipment Area - Outdoor Fitness Equipment (  4)
2577,72373,343,Outdoor Fitness Equipment,None,Outdoor Fitness Equipment,None,RIVERDALE PARK EAST - Outdoor Fitness Equipment Area - Outdoor Fitness Equipment (  5)
2578,72374,343,Outdoor Fitness Equipment,None,Outdoor Fitness Equipment,None,RIVERDALE PARK EAST - Outdoor Fitness Equipment Area - Outdoor Fitness Equipment (  6)
2579,76322,343,Outdoor Table Tennis,None,Outdoor Table Tennis,None,RIVERDALE PARK EAST - Outdoor Table Tennis (  3)
2580,76323,343,Outdoor Table Tennis,None,Outdoor Table Tennis,None,RIVERDALE PARK EAST - Outdoor Table Tennis (  4)
2581,102098,343,Bottle Filling Station,None,Water Bottle Filling Count,None,RIVERDALE PARK EAST - Drinking Water Source (  2)
2582,102163,343,Drinking Fountain,None,Drinking Fountain Count,None,RIVERDALE PARK EAST - Drinking Water Source (  3)
2583,132560,343,Bottle Filling Station,None,Water Bottle Filling Count,None,RIVERDALE PARK EAST - Drinking Water Source (  4)
2584,850004,343,Parking Lot,None,Outdoor Parking Lot,None,RIVERDALE PARK EAST - Outdoor Parking Lot
2585,2665,344,Drinking Fountain,None,Drinking Fountain Count,None,RIVERDALE PARK WEST - Drinking Water Source (  1)
2586,5395,344,Wading Pool,None,Wading Pool,None,RIVERDALE PARK WEST - Wading Pool
2587,18225,344,Ball Diamond,sport,Baseball Diamond Field - B,B,RIVERDALE PARK WEST - Ball Diamond Field (  2)
2588,18226,344,Ball Diamond,sport,Baseball Diamond Field - A,A,RIVERDALE PARK WEST - Ball Diamond Field (  3)
2589,18227,344,Ball Diamond,sport,Baseball Diamond Field - B,B,RIVERDALE PARK WEST - Ball Diamond Field (  4)
2590,18543,344,Dogs Off-Leash Area,None,Off Leash Area,None,RIVERDALE PARK WEST - Off Leash Area
2591,23781,344,Bike Trail,None,Bike Trail,None,RIVERDALE PARK WEST TRAIL ( 14)
2592,23782,344,Bike Trail,None,Bike Trail,None,RIVERDALE PARK WEST TRAIL ( 13)
2593,28340,344,Picnic Site,picnic,Picnic Site,None,RIVERDALE PARK WEST - Picnic Site
2594,29614,344,Fieldhouse,None,Fieldhouse,None,RIVERDALE PARK WEST - Washroom Building
2595,29614,344,Washroom Facility,None,Washroom Building,None,RIVERDALE PARK WEST - Washroom Building
2596,36304,344,Outdoor Oven,None,Outdoor Oven,None,RIVERDALE PARK WEST - Bake Oven
2597,40510,344,Bike Trail,None,Bike Trail,None,RIVERDALE PARK WEST TRAIL ( 11)
2598,40511,344,Bike Trail,None,Bike Trail,None,RIVERDALE PARK WEST TRAIL ( 12)
2599,57383,344,Pond,None,Open Water,None,RIVERDALE PARK WEST - Open Water
2600,102139,344,Bottle Filling Station,None,Water Bottle Filling Count,None,RIVERDALE PARK WEST - Drinking Water Source (  2)
2601,102139,344,Drinking Fountain,None,Drinking Fountain Count,None,RIVERDALE PARK WEST - Drinking Water Source (  2)
2602,102140,344,Drinking Fountain,None,Drinking Fountain Count,None,RIVERDALE PARK WEST - Drinking Water Source (  3)
2603,102140,344,Bottle Filling Station,None,Water Bottle Filling Count,None,RIVERDALE PARK WEST - Drinking Water Source (  3)
2604,102142,344,Dog Fountain,None,Dog Fountain Count,None,RIVERDALE PARK WEST - Drinking Water Source (  4)
2605,102142,344,Drinking Fountain,None,Drinking Fountain Count,None,RIVERDALE PARK WEST - Drinking Water Source (  4)
2606,102142,344,Bottle Filling Station,None,Water Bottle Filling Count,None,RIVERDALE PARK WEST - Drinking Water Source (  4)
2607,967680,344,Picnic Shelter,picnic,Shelter,None,RIVERDALE PARK WEST - Shade Structure (  3)
2608,1927,345,Farm/Zoo,None,Animal Attraction,None,RIVERDALE FARM
2609,13637,345,Washroom Facility,None,Washroom Building,None,RIVERDALE FARM THE MEETING HOUSE
2610,13639,345,Washroom Facility,None,Washroom Building,None,RIVERDALE FARM THE SIMPSON HOUSE
2611,29907,345,Kitchen,room,Kitchen - C,C,RIVERDALE FARM - Kitchen
2612,41024,345,Children's Garden,None,Children's Garden,None,RIVERDALE FARM - Children's Garden (  1)
2613,41025,345,Pond,None,Open Water,None,RIVERDALE FARM - Pond (  1)
2614,41904,345,Pond,None,Open Water,None,RIVERDALE FARM - Pond (  2)
2615,44662,345,Children's Garden,None,Children's Garden,None,RIVERDALE FARM - Children's Garden (  2)
2616,48436,345,Multipurpose Room,room,Room - C,C,RIVERDALE FARM DRIVE SHED - Multipurpose Room
2617,48437,345,Craft Room,room,Room-Craft,None,RIVERDALE FARM THE MEETING HOUSE - Craft Room (  1)
2618,48438,345,Craft Room,room,Room-Craft - C,C,RIVERDALE FARM THE MEETING HOUSE - Craft Room (  2)
2619,48439,345,Multipurpose Room,room,Room - B,B,RIVERDALE FARM THE MEETING HOUSE - Multipurpose Room (  1)
2620,48440,345,Multipurpose Room,room,Room - C,C,RIVERDALE FARM THE MEETING HOUSE - Multipurpose Room (  2)
2621,48441,345,Multipurpose Room,room,Room - C,C,RIVERDALE FARM THE RESIDENCE HOUSE - Multipurpose Room
2622,48442,345,Multipurpose Room,room,Room - C,C,RIVERDALE FARM THE SIMPSON HOUSE - Multipurpose Room (  3)
2623,48443,345,Multipurpose Room,room,Room - C,C,RIVERDALE FARM THE SIMPSON HOUSE - Multipurpose Room (  4)
2624,48444,345,Multipurpose Room,room,Room - C,C,RIVERDALE FARM THE SIMPSON HOUSE - Multipurpose Room (  5)
2625,29807,346,Kitchen,room,Kitchen,None,EARL BALES PARK SENIOR CENTRE - Kitchen
2626,48205,346,Multipurpose Room,room,Room - C,C,EARL BALES PARK SENIOR CENTRE - Multipurpose Room
2627,3784,347,Outdoor Basketball Court,None,Basketball Court,None,ROYWOOD PARK - Basketball Court
2628,3786,347,Outdoor Tennis Court,None,Outdoor Tennis Court,None,ROYWOOD PARK - Outdoor Tennis Court (  1)
2629,3787,347,Outdoor Tennis Court,None,Outdoor Tennis Court,None,ROYWOOD PARK - Outdoor Tennis Court (  2)
2630,3788,347,Outdoor Tennis Court,None,Outdoor Tennis Court,None,ROYWOOD PARK - Outdoor Tennis Court (  3)
2631,3789,347,Outdoor Tennis Court,None,Outdoor Tennis Court,None,ROYWOOD PARK - Outdoor Tennis Court (  4)
2632,17917,347,Sport Field,sport,Soccer Field - A,A,ROYWOOD PARK - Soccer Field
2633,33903,347,Playground,None,Playground Site,None,ROYWOOD PARK - Playground
2634,2613,348,Drinking Fountain,None,Drinking Fountain Count,None,SORAUREN AVENUE PARK - Drinking Water Source (  1)
2635,2846,348,Dogs Off-Leash Area,None,Off Leash Area,None,SORAUREN AVENUE PARK - Off Leash Area
2636,3708,348,Outdoor Tennis Court,None,Outdoor Tennis Court,None,SORAUREN AVENUE PARK - Outdoor Tennis Court (  1)
2637,3709,348,Outdoor Tennis Court,None,Outdoor Tennis Court,None,SORAUREN AVENUE PARK - Outdoor Tennis Court (  2)
2638,17934,348,Ball Diamond,sport,Baseball Diamond Field - B,B,SORAUREN AVENUE PARK - Ball Diamond Field
2639,17935,348,Sport Field,sport,Soccer Field - B,B,SORAUREN AVENUE PARK - Soccer Field
2640,78261,348,Outdoor Oven,None,Outdoor Oven,None,SORAUREN AVENUE PARK - Bake Oven
2641,78262,348,Bottle Filling Station,None,Water Bottle Filling Count,None,SORAUREN AVENUE PARK - Drinking Water Source (  2)
2642,78262,348,Drinking Fountain,None,Drinking Fountain Count,None,SORAUREN AVENUE PARK - Drinking Water Source (  2)
2643,78263,348,Drinking Fountain,None,Drinking Fountain Count,None,SORAUREN AVENUE PARK - Drinking Water Source (  3)
2644,78264,348,Dog Fountain,None,Dog Fountain Count,None,SORAUREN AVENUE PARK - Drinking Water Source (  4)
2645,2608,349,Drinking Fountain,None,Drinking Fountain Count,None,SPENVALLEY PARK - Drinking Water Source
2646,17936,349,Ball Diamond,sport,Baseball Diamond Field - A,A,SPENVALLEY PARK - Ball Diamond Field
2647,17937,349,Multipurpose Field,None,Multipurpose Field - B,B,SPENVALLEY PARK - Multipurpose Field
2648,33852,349,Playground,None,Playground Site,None,SPENVALLEY PARK - Playground
2649,70662,349,Splash Pad,None,Splash/Spray Pad,None,SPENVALLEY PARK - Splash/Spray Pad
2650,40827,350,Weight/Cardio Room,None,Room-Fitness/Weight,None,CARMINE STEFANO COMMUNITY CENTRE - Fitness Room
2651,40828,350,Weight/Cardio Room,None,Room-Fitness/Weight,None,CARMINE STEFANO COMMUNITY CENTRE - Weight/Cardio Room (  2)
2652,41282,350,Gymnasium,gym,Gymnasium - A,A,CARMINE STEFANO COMMUNITY CENTRE - Gymnasium
2653,47942,350,Multipurpose Room,room,Room - B,B,CARMINE STEFANO COMMUNITY CENTRE - Multipurpose Room (  1)
2654,47943,350,Multipurpose Room,room,Room - B,B,CARMINE STEFANO COMMUNITY CENTRE - Multipurpose Room (  2)
2655,47944,350,Preschool,room,Preschool - C,C,CARMINE STEFANO COMMUNITY CENTRE - Preschool
2656,48153,350,Craft Room,room,Room-Craft - C,C,CARMINE STEFANO COMMUNITY CENTRE - Craft Room
2657,48154,350,Fitness/Dance Studio,None,Room - C,C,CARMINE STEFANO COMMUNITY CENTRE - Fitness/Dance Studio
2658,48155,350,Meeting Room,None,None,None,CARMINE STEFANO COMMUNITY CENTRE - Meeting Room (  1)
2659,48156,350,Meeting Room,None,None,None,CARMINE STEFANO COMMUNITY CENTRE - Meeting Room (  2)
2660,48157,350,Multipurpose Room,room,Room - C,C,CARMINE STEFANO COMMUNITY CENTRE - Multipurpose Room (  3)
2661,28065,351,Bowling Green,None,Bowling Green,None,WILLOWDALE LAWN BOWLING CLUB - Building Grounds - Bowling Green (  1)
2662,28066,351,Bowling Green,None,Bowling Green,None,WILLOWDALE LAWN BOWLING CLUB - Building Grounds - Bowling Green (  2)
2663,28067,351,Bowling Green,None,Bowling Green,None,WILLOWDALE LAWN BOWLING CLUB - Building Grounds - Bowling Green (  3)
2664,48521,351,Meeting Room,None,None,None,WILLOWDALE LAWN BOWLING CLUB - Meeting Room
2665,850076,351,Parking Lot,None,Outdoor Parking Lot,None,WILLOWDALE LAWN BOWLING CLUB - Building Grounds - Outdoor Parking Lot (  1)
2666,850077,351,Parking Lot,None,Outdoor Parking Lot,None,WILLOWDALE LAWN BOWLING CLUB - Building Grounds - Outdoor Parking Lot (  2)
2667,4191,352,Waterpark,None,Water Park,None,KIDSTOWN - Water Park
2668,4191,352,Outdoor Pool,pool,Outdoor Pool Tank,None,KIDSTOWN - Water Park
2669,1002288,352,Outdoor Pool,pool,Outdoor Pool Tank,None,KIDSTOWN - Leisure Pool
2670,1002289,352,Outdoor Pool,pool,Outdoor Pool Tank,None,KIDSTOWN - Wading Pool
2671,1002290,352,Picnic Site,picnic,Picnic Site,None,KIDSTOWN Water Park - Picnic Site (  1)
2672,1002291,352,Picnic Site,picnic,Picnic Site,None,KIDSTOWN Water Park - Picnic Site (  2)
2673,1002312,352,Splash Pad,None,Splash/Spray Pad,None,KIDSTOWN Water Park - Splash/Spray Pad (  1)
2674,1002313,352,Splash Pad,None,Splash/Spray Pad,None,KIDSTOWN Water Park - Splash/Spray Pad ( 2)
2675,1002400,352,Waterpark,None,Water Park,None,KIDSTOWN Water Park - Water Slide (  2)
2676,1002401,352,Parking Lot,None,Outdoor Parking Lot,None,KIDSTOWN Water Park - Outdoor Parking Lot ( 1)
2677,1002402,352,Parking Lot,None,Outdoor Parking Lot,None,KIDSTOWN Water Park - Outdoor Parking Lot ( 2)
2678,29925,354,Kitchen,room,Kitchen - B,B,THISTLETOWN MULTI-SERVICE CENTRE - Kitchen
2679,41493,354,Gymnasium,gym,Gymnasium - B,B,THISTLETOWN MULTI-SERVICE CENTRE - Gymnasium
2680,46485,354,Preschool,room,Preschool,None,THISTLETOWN MULTI-SERVICE CENTRE - Preschool
2681,47911,354,Games Room,room,Games Room,None,THISTLETOWN MULTI-SERVICE CENTRE - Games Room (  1)
2682,47912,354,Games Room,room,Games Room,None,THISTLETOWN MULTI-SERVICE CENTRE - Games Room (  2)
2683,48065,354,Craft Room,room,Room-Craft - C,C,THISTLETOWN MULTI-SERVICE CENTRE - Craft Room (  1)
2684,48066,354,Multipurpose Room,room,Room - C,C,THISTLETOWN MULTI-SERVICE CENTRE - Multipurpose Room (  1)
2685,48484,354,Craft Room,room,Room-Craft - C,C,THISTLETOWN MULTI-SERVICE CENTRE - Craft Room (  2)
2686,48485,354,Meeting Room,None,None,None,THISTLETOWN MULTI-SERVICE CENTRE - Meeting Room
2687,48486,354,Fitness/Dance Studio,None,Room - C,C,THISTLETOWN MULTI-SERVICE CENTRE - Fitness/Dance Studio
2688,48487,354,Multipurpose Room,room,Room - B,B,THISTLETOWN MULTI-SERVICE CENTRE - Multipurpose Room - Thistle
2689,48488,354,Multipurpose Room,room,Room - C,C,THISTLETOWN MULTI-SERVICE CENTRE - Multipurpose Room - Barker
2690,48489,354,Multipurpose Room,room,Room - B,B,THISTLETOWN MULTI-SERVICE CENTRE - Multipurpose Room- Ten Hodgson
2691,48490,354,Multipurpose Room,room,Room - C,C,THISTLETOWN MULTI-SERVICE CENTRE - Multipurpose Room - Village Green
2692,49103,354,Auditorium,gym,Auditorium,None,THISTLETOWN MULTI-SERVICE CENTRE - Auditorium
2693,43567,355,Outdoor Rink,ice,Outdoor Ice Pad,None,RIVERCREST RINK - Outdoor Ice Pad
2694,10485,357,Indoor Pool,pool,Indoor Pool Tank - B,B,HUMBER COMMUNITY POOL - Indoor Pool Tank
2695,48298,357,Multipurpose Room,room,Room - C,C,HUMBER COMMUNITY POOL - Multipurpose Room
2696,2509,359,Drinking Fountain,None,Drinking Fountain Count,None,ALBERT CROSLAND PARK - Drinking Water Source
2697,3566,359,Outdoor Basketball Court,None,Basketball Court,None,ALBERT CROSLAND PARK - Basketball Court
2698,4899,359,Wading Pool,None,Wading Pool,None,ALBERT CROSLAND PARK - Wading Pool
2699,33944,359,Playground,None,Playground Site,None,ALBERT CROSLAND PARK - Playground NW
2700,42648,359,Playground,None,Playground Site,None,ALBERT CROSLAND PARK - Playground SE
2701,2481,361,Drinking Fountain,None,Drinking Fountain Count,None,BARTLETT PARKETTE - Drinking Water Source
2702,3530,361,Ball Hockey Pad,None,Ball Hockey Pad,None,BARTLETT PARKETTE - Ball Hockey
2703,18665,364,Drinking Fountain,None,Drinking Fountain Count,None,BOBBIE ROSENFELD PARK - Drinking Water Source
2704,34378,366,Playground,None,Playground Site,None,CARLAW AVENUE PARKETTE - Playground
2705,2147,367,Drinking Fountain,None,Drinking Fountain Count,None,CHANDOS PARK NORTH - Drinking Water Source
2706,2916,367,Ball Hockey Pad,None,Ball Hockey Pad,None,CHANDOS PARK NORTH - Ball Hockey
2707,1691,368,Conservatory,None,Conservatory,None,CLOUD GARDENS CONSERVATORY
2708,2402,368,Bottle Filling Station,None,Water Bottle Filling Count,None,CLOUD GARDENS - Drinking Water Source
2709,2382,370,Drinking Fountain,None,Drinking Fountain Count,None,CRAIGLEIGH GARDENS - Drinking Water Source
2710,2382,370,Dog Fountain,None,Dog Fountain Count,None,CRAIGLEIGH GARDENS - Drinking Water Source
2711,2825,370,Dogs Off-Leash Area,None,Off Leash Area,None,CRAIGLEIGH GARDENS - Off Leash Area
2712,29350,370,Fieldhouse,None,Fieldhouse,None,CRAIGLEIGH GARDENS - Fieldhouse
2713,34446,373,Playground,None,Playground Site,None,GLENN GOULD PARK - Playground
2714,80067,373,Bottle Filling Station,None,Water Bottle Filling Count,None,GLENN GOULD PARK - Drinking Water Source
2715,96943,375,Bottle Filling Station,None,Water Bottle Filling Count,None,JESSE KETCHUM PARK - Drinking Water Source (  1)
2716,102077,375,Bottle Filling Station,None,Water Bottle Filling Count,None,JESSE KETCHUM PARK - Drinking Water Source (  2)
2717,34028,376,Playground,None,Playground Site,None,JOSEPH WORKMAN PARK - Playground
2718,102097,376,Bottle Filling Station,None,Water Bottle Filling Count,None,JOSEPH WORKMAN PARK - Drinking Water Source
2719,2187,377,Drinking Fountain,None,Drinking Fountain Count,None,LARRY SEFTON PARK - Drinking Water Source
2720,2937,378,Outdoor Basketball Court,None,Basketball Court,None,MACGREGOR PLAYGROUND - Basketball Court
2721,29567,378,Fieldhouse,None,Fieldhouse,None,MACGREGOR PLAYGROUND - Fieldhouse
2722,29567,378,Washroom Facility,None,Washroom Building,None,MACGREGOR PLAYGROUND - Fieldhouse
2723,30822,378,Ball Diamond,sport,Baseball Diamond Field - A,A,MACGREGOR PLAYGROUND - Ball Diamond Field
2724,33794,378,Playground,None,Playground Site,None,MACGREGOR PLAYGROUND - Playground
2725,73005,378,Splash Pad,None,Splash/Spray Pad,None,MACGREGOR PLAYGROUND - Splash/Spray Pad
2726,80402,378,Bottle Filling Station,None,Water Bottle Filling Count,None,MACGREGOR PLAYGROUND - Drinking Water Source (  1)
2727,80403,378,Drinking Fountain,None,Drinking Fountain Count,None,MACGREGOR PLAYGROUND - Drinking Water Source (  2)
2728,102037,378,Bottle Filling Station,None,Water Bottle Filling Count,None,MACGREGOR PLAYGROUND - Drinking Water Source (  3)
2729,2132,379,Drinking Fountain,None,Drinking Fountain Count,None,MCCLEARY PARK - Drinking Water Source (  1)
2730,18064,379,Ball Diamond,sport,Baseball Diamond Field - A,A,MCCLEARY PARK - Ball Diamond Field (  1)
2731,18065,379,Ball Diamond,sport,Baseball Diamond Field - A,A,MCCLEARY PARK - Ball Diamond Field (  2)
2732,32743,379,Fieldhouse,None,Fieldhouse,None,MCCLEARY PARK FIELDHOUSE AND WASHROOM
2733,32743,379,Washroom Facility,None,Washroom Building,None,MCCLEARY PARK FIELDHOUSE AND WASHROOM
2734,71304,379,Bottle Filling Station,None,Water Bottle Filling Count,None,MCCLEARY PARK - Drinking Water Source (  2)
2735,77978,379,Practice Wicket,None,Practice Wicket,None,MCCLEARY PARK - Practice Wicket (  1)
2736,77980,379,Practice Wicket,None,Practice Wicket,None,MCCLEARY PARK - Practice Wicket (  2)
2737,2718,382,Drinking Fountain,None,Drinking Fountain Count,None,OAK STREET PARK - Drinking Water Source
2738,3957,382,Outdoor Basketball Court,None,Basketball Court,None,OAK STREET PARK - Basketball Court
2739,34229,382,Playground,None,Playground Site,None,OAK STREET PARK - Playground
2740,2708,384,Drinking Fountain,None,Drinking Fountain Count,None,MATTY ECKLER PLAYGROUND - Drinking Water Source
2741,5290,384,Wading Pool,None,Wading Pool,None,MATTY ECKLER PLAYGROUND - Wading Pool
2742,34241,384,Playground,None,Playground Site,None,MATTY ECKLER PLAYGROUND - Playground
2743,42591,384,Outdoor Chess Table,None,Outdoor Chess Table,None,MATTY ECKLER PLAYGROUND - Outdoor Chess Table (  2)
2744,42592,384,Outdoor Chess Table,None,Outdoor Chess Table,None,MATTY ECKLER PLAYGROUND - Outdoor Chess Table (  1)
2745,49345,384,Community Garden,None,Community Garden,None,MATTY ECKLER PLAYGROUND - Community Garden
2746,132750,384,Outdoor Table Tennis,None,Outdoor Table Tennis,None,MATTY ECKLER PLAYGROUND - Outdoor Table Tennis (  2)
2747,2703,385,Drinking Fountain,None,Drinking Fountain Count,None,PERTH AVENUE PARKETTE - Drinking Water Source
2748,3915,385,Outdoor Basketball Court,None,Basketball Court,None,PERTH AVENUE PARKETTE - Basketball Court
2749,2654,386,Drinking Fountain,None,Drinking Fountain Count,None,ROUNDHOUSE PARK - Drinking Water Source (  1)
2750,33898,386,Playground,None,Playground Site,None,ROUNDHOUSE PARK - Playground
2751,97064,386,Drinking Fountain,None,Drinking Fountain Count,None,ROUNDHOUSE PARK - Drinking Water Source (  2)
2752,850036,386,Parking Lot,None,Outdoor Parking Lot,None,ROUNDHOUSE PARK - Outdoor Parking Lot
2753,2635,388,Drinking Fountain,None,Drinking Fountain Count,None,SEATON PARK - Drinking Water Source
2754,6123,389,Gazebo,None,Gazebo,None,SIMCOE PARK - Shade Structure
2755,2273,393,Drinking Fountain,None,Drinking Fountain Count,None,WELLS HILL PARK - Drinking Water Source (  1)
2756,4339,393,Wading Pool,None,Wading Pool,None,WELLS HILL PARK - Wading Pool
2757,17323,393,Bowling Green,None,Bowling Green,None,WELLS HILL LAWN BOWLING CLUB  - Bowling Green
2758,29729,393,Washroom Facility,None,Washroom Building,None,WELLS HILL PARK - Washroom Building
2759,34323,393,Playground,None,Playground Site,None,WELLS HILL PARK - Playground
2760,49607,393,Picnic Site,picnic,Picnic Site,None,WELLS HILL - Picnic Site (  1)
2761,49608,393,Picnic Site,picnic,Picnic Site,None,WELLS HILL - Picnic Site (  2)
2762,59625,393,Outdoor Table Tennis,None,Outdoor Table Tennis,None,WELLS HILL PARK - Outdoor Table Tennis
2763,102158,393,Bottle Filling Station,None,Water Bottle Filling Count,None,WELLS HILL PARK - Drinking Water Source (  2)
2764,102158,393,Drinking Fountain,None,Drinking Fountain Count,None,WELLS HILL PARK - Drinking Water Source (  2)
2765,17082,394,Beach,None,Beach,None,SUNNYSIDE BEACH (  2)
2766,23349,394,Bike Trail,None,Bike Trail,None,MARTIN GOODMAN TRAIL ( 59)
2767,23351,394,Bike Trail,None,Bike Trail,None,MARTIN GOODMAN TRAIL ( 60)
2768,28350,394,Picnic Site,picnic,Picnic Site,None,SUNNYSIDE PARK - Picnic Site
2769,32477,394,Parking Lot,None,Outdoor Parking Lot,None,SUNNYSIDE PARK - Outdoor Parking Lot
2770,46102,394,Washroom Facility,None,Washroom Building,None,SUNNYSIDE PARK - Washroom Building (  1)
2771,46103,394,Washroom Facility,None,Washroom Building,None,SUNNYSIDE PARK - Washroom Building (  2)
2772,49186,394,Playground,None,Playground Site,None,SUNNYSIDE PARK - Playground
2773,29652,395,Fieldhouse,None,Fieldhouse,None,SUNNYSIDE PARK BATHING PAVILION
2774,29652,395,Change Room Facility,None,Changeroom Building,None,SUNNYSIDE PARK BATHING PAVILION
2775,29652,395,Washroom Facility,None,Washroom Building,None,SUNNYSIDE PARK BATHING PAVILION
2776,36122,395,Shop,room,Room,None,SUNNYSIDE PARK BATHING PAVILION - Shop - Cafe
2777,29935,396,Kitchen,room,Kitchen,None,WEST ACRES SENIORS CENTRE - Kitchen
2778,41536,396,Gymnasium,gym,Gymnasium,None,WEST ACRES SENIORS CENTRE - Gymnasium
2779,48081,396,Lounge,room,Room - C,C,WEST ACRES SENIORS CENTRE - Lounge
2780,48515,396,Multipurpose Room,room,Room - B,B,WEST ACRES SENIORS CENTRE - Multipurpose Room
2781,29655,398,Washroom Facility,None,Washroom Building,None,TAM O'SHANTER GOLF COURSE CLUBHOUSE
2782,29655,398,Clubhouse,None,Clubhouse,None,TAM O'SHANTER GOLF COURSE CLUBHOUSE
2783,32520,398,Parking Lot,None,Outdoor Parking Lot,None,TAM O'SHANTER GOLF COURSE - Outdoor Parking Lot (  1)
2784,32521,398,Parking Lot,None,Outdoor Parking Lot,None,TAM O'SHANTER GOLF COURSE - Outdoor Parking Lot (  2)
2785,57399,398,Pond,None,Open Water,None,TAM O'SHANTER GOLF COURSE - Open Water (  1)
2786,57400,398,Pond,None,Open Water,None,TAM O'SHANTER GOLF COURSE - Open Water (  2)
2787,44889,399,Parking Lot,None,Outdoor Parking Lot,None,GARRISON COMMON - Outdoor Parking Lot
2788,29535,400,Clubhouse,None,Clubhouse,None,HUMBER VALLEY GOLF COURSE CLUBHOUSE
2789,29845,400,Kitchen,room,Kitchen,None,HUMBER VALLEY GOLF COURSE CLUBHOUSE - Kitchen
2790,32516,400,Parking Lot,None,Outdoor Parking Lot,None,HUMBER VALLEY GOLF COURSE - Outdoor Parking Lot (  1)
2791,32517,400,Parking Lot,None,Outdoor Parking Lot,None,HUMBER VALLEY GOLF COURSE - Outdoor Parking Lot (  2)
2792,989799,400,Gazebo,None,Gazebo,None,HUMBER VALLEY GOLF COURSE - Shade Structure
2793,29631,401,Clubhouse,None,Clubhouse,None,SCARLETT WOODS GOLF COURSE CLUBHOUSE
2794,29631,401,Washroom Facility,None,Washroom Building,None,SCARLETT WOODS GOLF COURSE CLUBHOUSE
2795,32519,401,Parking Lot,None,Outdoor Parking Lot,None,SCARLETT WOODS GOLF COURSE - Outdoor Parking Lot
2796,57389,401,Pond,None,Open Water,None,SCARLETT WOODS GOLF COURSE - Open Water (  1)
2797,57390,401,Pond,None,Open Water,None,SCARLETT WOODS GOLF COURSE - Open Water (  2)
2798,79366,401,Disc Golf Course,None,Disc Golf,None,SCARLETT WOODS GOLF COURSE - Disc Golf Course
2799,29358,402,Clubhouse,None,Clubhouse,None,DENTONIA PARK GOLF COURSE CLUBHOUSE
2800,29358,402,Washroom Facility,None,Washroom Building,None,DENTONIA PARK GOLF COURSE CLUBHOUSE
2801,32515,402,Parking Lot,None,Outdoor Parking Lot,None,DENTONIA PARK GOLF COURSE - Outdoor Parking Lot
2802,95045,402,Disc Golf Course,None,Disc Golf,None,DENTONIA PARK GOLF COURSE - Disc Golf Course
2803,29876,405,Kitchen,room,Kitchen - B,B,MILLIKEN PARK COMMUNITY RECREATION CENTRE - Kitchen
2804,41433,405,Gymnasium,gym,Gymnasium - A,A,MILLIKEN PARK COMMUNITY RECREATION CENTRE - Gymnasium
2805,48029,405,Lounge,room,Room - C,C,MILLIKEN PARK COMMUNITY RECREATION CENTRE - Lounge
2806,48382,405,Craft Room,room,Room-Craft - C,C,MILLIKEN PARK COMMUNITY RECREATION CENTRE - Craft Room
2807,48383,405,Multipurpose Room,room,Room - C,C,MILLIKEN PARK COMMUNITY RECREATION CENTRE - Multipurpose Room
2808,48384,405,Preschool,room,Preschool - C,C,MILLIKEN PARK COMMUNITY RECREATION CENTRE - Preschool
2809,32326,406,Parking Lot,None,Outdoor Parking Lot,None,GUILD PARK AND GARDENS - Outdoor Parking Lot (  1)
2810,36491,406,Fieldhouse,None,Fieldhouse,None,GUILD PARK AND GARDENS - Fieldhouse
2811,75804,406,Washroom Facility,None,Washroom Building,None,GUILD PARK AND GARDENS - Banquet Hall Facility
2812,102032,406,Bottle Filling Station,None,Water Bottle Filling Count,None,GUILD PARK AND GARDENS - Drinking Water Source
2813,849953,406,Parking Lot,None,Outdoor Parking Lot,None,GUILD PARK AND GARDENS - Outdoor Parking Lot (  4)
2814,849954,406,Parking Lot,None,Outdoor Parking Lot,None,GUILD PARK AND GARDENS - Outdoor Parking Lot (  5)
2815,849955,406,Parking Lot,None,Outdoor Parking Lot,None,GUILD PARK AND GARDENS - Outdoor Parking Lot (  6)
2816,849956,406,Parking Lot,None,Outdoor Parking Lot,None,GUILD PARK AND GARDENS - Outdoor Parking Lot (  7)
2817,849957,406,Parking Lot,None,Outdoor Parking Lot,None,GUILD PARK AND GARDENS - Outdoor Parking Lot (  8)
2818,849958,406,Parking Lot,None,Outdoor Parking Lot,None,GUILD PARK AND GARDENS - Outdoor Parking Lot (  9)
2819,849959,406,Parking Lot,None,Outdoor Parking Lot,None,GUILD PARK AND GARDENS - Outdoor Parking Lot ( 10)
2820,849960,406,Parking Lot,None,Outdoor Parking Lot,None,GUILD PARK AND GARDENS - Outdoor Parking Lot ( 11)
2821,74203,408,Playground,None,Playground Site,None,ST. JAMES PARK - Playground
2822,93923,408,Splash Pad,None,Splash/Spray Pad,None,ST. JAMES PARK - Splash/Spray Pad
2823,102129,408,Bottle Filling Station,None,Water Bottle Filling Count,None,ST. JAMES PARK - Drinking Water Source
2824,850058,408,Parking Lot,None,Outdoor Parking Lot,None,ST. JAMES PARK - Outdoor Parking Lot
2825,2221,410,Bottle Filling Station,None,Water Bottle Filling Count,None,IVAN FORREST GARDENS - Drinking Water Source
2826,2221,410,Dog Fountain,None,Dog Fountain Count,None,IVAN FORREST GARDENS - Drinking Water Source
2827,28311,410,Picnic Site,picnic,Picnic Site,None,IVAN FORREST GARDENS - Picnic Site
2828,57359,410,Pond,None,Open Water,None,IVAN FORREST GARDENS - Open Water
2829,5390,413,Wading Pool,None,Wading Pool,None,GENERAL MERCER SCHOOL - Wading Pool
2830,14295,419,Pickleball Court,None,None,None,REGENT PARK ATHLETIC GROUNDS  - Outdoor Artificial Ice Rink
2831,14295,419,Outdoor Dry Pad,ice,Outdoor Dry Pad - A,A,REGENT PARK ATHLETIC GROUNDS  - Outdoor Artificial Ice Rink
2832,14295,419,Pickleball Court,None,None,None,REGENT PARK ATHLETIC GROUNDS  - Outdoor Artificial Ice Rink
2833,14295,419,Pickleball Court,None,None,None,REGENT PARK ATHLETIC GROUNDS  - Outdoor Artificial Ice Rink
2834,14295,419,Pickleball Court,None,None,None,REGENT PARK ATHLETIC GROUNDS  - Outdoor Artificial Ice Rink
2835,14295,419,Pickleball Court,None,None,None,REGENT PARK ATHLETIC GROUNDS  - Outdoor Artificial Ice Rink
2836,28897,419,Washroom Facility,None,Washroom Building,None,REGENT PARK FIELDHOUSE
2837,29956,419,Dressing Room,None,Change Room,None,REGENT PARK FIELDHOUSE - Dressing Room - Female (  2)
2838,30622,419,Dressing Room,None,Change Room,None,REGENT PARK FIELDHOUSE - Dressing Room - Female (  1)
2839,30623,419,Dressing Room,None,Change Room,None,REGENT PARK FIELDHOUSE - Dressing Room - Male
2840,43598,419,Outdoor Rink,ice,Outdoor Ice Pad,None,REGENT PARK ATHLETIC GROUNDS - Outdoor Ice Pad
2841,60089,419,Multipurpose Room,room,Room,None,REGENT PARK FIELDHOUSE - Multipurpose Room
2842,60762,419,Multipurpose Field,None,Multipurpose Field - Premier,P,REGENT PARK ATHLETIC GROUNDS - Sport Field
2843,60763,419,Outdoor track,None,Outdoor Track,None,REGENT PARK ATHLETIC GROUNDS - Outdoor Track
2844,60764,419,Outdoor Basketball Court,None,Basketball Court,None,REGENT PARK ATHLETIC GROUNDS - Outdoor Basketball Court
2845,95165,419,Outdoor Table Tennis,None,Outdoor Table Tennis,None,REGENT PARK ATHLETIC GROUNDS - Outdoor Table Tennis
2846,102265,419,Drinking Fountain,None,Drinking Fountain Count,None,REGENT PARK ATHLETIC GROUNDS - Drinking Water Source
2847,2593,421,Drinking Fountain,None,Drinking Fountain Count,None,STAN WADLOW PARK - Drinking Water Source (  1)
2848,5067,421,Outdoor Pool,pool,Outdoor Pool Tank,None,KIWANIS - Outdoor Pool Tank
2849,5069,421,Splash Pad,None,Splash/Spray Pad,None,STAN WADLOW PARK - Splash/Spray Pad
2850,6094,421,Washroom Facility,None,Washroom Building,None,KIWANIS OUTDOOR POOL BUILDING
2851,17940,421,Multipurpose Field,None,Multipurpose Field - C,C,STAN WADLOW PARK - Multipurpose Field
2852,18268,421,Ball Diamond,sport,Baseball Diamond Field - B,B,STAN WADLOW PARK - Ball Diamond Field (  2)
2853,18269,421,Ball Diamond,sport,Baseball Diamond Field - C,C,STAN WADLOW PARK - Ball Diamond Field (  5)
2854,18270,421,Ball Diamond,sport,Baseball Diamond Field - A,A,HARRY MACALONEY FIELD
2855,18271,421,Ball Diamond,sport,Baseball Diamond Field - C,C,STAN WADLOW PARK - Ball Diamond Field (  6)
2856,18272,421,Ball Diamond,sport,Baseball Diamond Field - B,B,STAN WADLOW PARK - Ball Diamond Field (  3)
2857,18273,421,Ball Diamond,sport,Baseball Diamond Field - C,C,STAN WADLOW PARK - Ball Diamond Field (  4)
2858,23931,421,Bike Trail,None,Bike Trail,None,TAYLOR CREEK TRAIL ( 15)
2859,24985,421,Dogs Off-Leash Area,None,Off Leash Area,None,STAN WADLOW PARK - Off Leash Area
2860,28943,421,Skateboard Area,None,Skateboard Area,None,STAN WADLOW PARK - Skateboard Area
2861,32461,421,Parking Lot,None,Outdoor Parking Lot,None,STAN WADLOW PARK - Outdoor Parking Lot
2862,33858,421,Playground,None,Playground Site,None,STAN WADLOW PARK - Playground
2863,36883,421,Outdoor Hand Ball Court,None,Outdoor Hand Ball Court,None,STAN WADLOW PARK - Outdoor Hand Ball Court (  2)
2864,36884,421,Outdoor Hand Ball Court,None,Outdoor Hand Ball Court,None,STAN WADLOW PARK - Outdoor Hand Ball Court (  1)
2865,42046,421,Ball Diamond,sport,Baseball Diamond Field - C,C,STAN WADLOW PARK - Ball Diamond Field (  7)
2866,102039,421,Bottle Filling Station,None,Water Bottle Filling Count,None,STAN WADLOW PARK - Drinking Water Source (  2)
2867,102039,421,Bottle Filling Station,None,Water Bottle Filling Count,None,STAN WADLOW PARK - Drinking Water Source (  2)
2868,102176,421,Drinking Fountain,None,Drinking Fountain Count,None,STAN WADLOW PARK - Drinking Water Source (  3)
2869,132738,421,Outdoor Table Tennis,None,Outdoor Table Tennis,None,STAN WADLOW PARK - Outdoor Table Tennis
2870,5225,423,Splash Pad,None,Splash/Spray Pad,None,R.V. BURGESS PARK - Splash/Spray Pad
2871,11662,423,Community Garden,None,Community Garden,None,THORNCLIFFE FAMILY GARDEN
2872,13291,423,Drinking Fountain,None,Drinking Fountain Count,None,R.V. BURGESS PARK - Drinking Water Source
2873,34327,423,Playground,None,Playground Site,None,R.V. BURGESS PARK - Playground S
2874,42731,423,Playground,None,Playground Site,None,R.V. BURGESS PARK - Playground N
2875,78274,423,Outdoor Oven,None,Outdoor Oven,None,R.V. BURGESS PARK - Bake Oven
2876,5019,424,Splash Pad,None,Splash/Spray Pad,None,HOWARD TALBOT PARK - Splash/Spray Pad
2877,17405,424,Pickleball Court,None,None,None,HOWARD TALBOT PARK - Tennis Court Area
2878,17405,424,Pickleball Court,None,None,None,HOWARD TALBOT PARK - Tennis Court Area
2879,17406,424,Outdoor Tennis Court,None,Outdoor Tennis Court,None,HOWARD TALBOT PARK - Outdoor Tennis Court (  1)
2880,17407,424,Outdoor Tennis Court,None,Outdoor Tennis Court,None,HOWARD TALBOT PARK - Outdoor Tennis Court (  2)
2881,17951,424,Sport Field,sport,Soccer Field - A,A,HOWARD TALBOT PARK - Soccer Field
2882,18102,424,Ball Diamond,sport,Baseball Diamond Field - A,A,HOWARD TALBOT PARK - Ball Diamond Field (  1)
2883,18103,424,Ball Diamond,sport,Baseball Diamond Field - B,B,HOWARD TALBOT PARK - Ball Diamond Field (  2)
2884,28056,424,Bowling Green,None,Bowling Green,None,HOWARD TALBOT PARK - Bowling Green (  1)
2885,28057,424,Bowling Green,None,Bowling Green,None,HOWARD TALBOT PARK - Bowling Green (  2)
2886,29531,424,Change Room Facility,None,Changeroom Building,None,HOWARD TALBOT PARK - Washroom Building
2887,33876,424,Playground,None,Playground Site,None,HOWARD TALBOT PARK - Playground
2888,849996,424,Parking Lot,None,Outdoor Parking Lot,None,HOWARD TALBOT PARK - Outdoor Parking Lot (  1)
2889,849997,424,Parking Lot,None,Outdoor Parking Lot,None,HOWARD TALBOT PARK - Outdoor Parking Lot (  2)
2890,968027,424,Gazebo,None,Gazebo,None,HOWARD TALBOT PARK - Shade Structure (  3)
2891,968028,424,Gazebo,None,Gazebo,None,HOWARD TALBOT PARK - Shade Structure (  4)
2892,968029,424,Gazebo,None,Gazebo,None,HOWARD TALBOT PARK - Shade Structure (  5)
2893,968030,424,Gazebo,None,Gazebo,None,HOWARD TALBOT PARK - Shade Structure (  6)
2894,968031,424,Gazebo,None,Gazebo,None,HOWARD TALBOT PARK - Shade Structure (  7)
2895,1846,425,Washroom Facility,None,Washroom Building,None,LEASIDE OUTDOOR POOL BUILDING
2896,2979,425,Outdoor Tennis Court,None,Outdoor Tennis Court,None,LEASIDE PARK - Outdoor Tennis Court (  1)
2897,2980,425,Outdoor Tennis Court,None,Outdoor Tennis Court,None,LEASIDE PARK - Outdoor Tennis Court (  2)
2898,2981,425,Outdoor Tennis Court,None,Outdoor Tennis Court,None,LEASIDE PARK - Outdoor Tennis Court (  3)
2899,2982,425,Outdoor Tennis Court,None,Outdoor Tennis Court,None,LEASIDE PARK - Outdoor Tennis Court (  4)
2900,2983,425,Outdoor Tennis Court,None,Outdoor Tennis Court,None,LEASIDE PARK - Outdoor Tennis Court (  5)
2901,2984,425,Outdoor Tennis Court,None,Outdoor Tennis Court,None,LEASIDE PARK - Outdoor Tennis Court (  6)
2902,4162,425,Outdoor Pool,pool,Outdoor Pool Tank,None,LEASIDE PARK - Outdoor Pool Tank
2903,17832,425,Ball Diamond,sport,Baseball Diamond Field - C,C,LEASIDE PARK - Ball Diamond Field
2904,17833,425,Multipurpose Field,None,Multipurpose Field - C,C,LEASIDE PARK - Multipurpose Field
2905,32387,425,Parking Lot,None,Outdoor Parking Lot,None,LEASIDE PARK - Outdoor Parking Lot
2906,34117,425,Playground,None,Playground Site,None,LEASIDE PARK - Playground
2907,57862,425,Community Garden,None,Community Garden,None,LEASIDE PARK - Community Garden
2908,102008,425,Bottle Filling Station,None,Water Bottle Filling Count,None,LEASIDE PARK - Drinking Water Source (  1)
2909,102008,425,Bottle Filling Station,None,Water Bottle Filling Count,None,LEASIDE PARK - Drinking Water Source (  1)
2910,102241,425,Drinking Fountain,None,Drinking Fountain Count,None,LEASIDE PARK - Drinking Water Source (  2)
2911,132735,425,Outdoor Table Tennis,None,Outdoor Table Tennis,None,LEASIDE PARK - Outdoor Table Tennis
2912,971738,425,Outdoor Chess Table,None,Outdoor Chess Table,None,LEASIDE PARK - Outdoor Chess Table (  1)
2913,971739,425,Outdoor Chess Table,None,Outdoor Chess Table,None,LEASIDE PARK - Outdoor Chess Table (  2)
2914,4426,426,Wading Pool,None,Wading Pool,None,GEORGE WEBSTER PARK - Wading Pool
2915,17772,426,Sport Field,sport,Soccer Field - C,C,GEORGE WEBSTER PARK - Soccer Field
2916,29416,426,Washroom Facility,None,Washroom Building,None,GEORGE WEBSTER PARK - Washroom Building
2917,34434,426,Playground,None,Playground Site,None,GEORGE WEBSTER PARK - Playground
2918,93662,426,Splash Pad,None,Splash/Spray Pad,None,GEORGE WEBSTER PARK - Splash/Spray Pad
2919,102045,426,Drinking Fountain,None,Drinking Fountain Count,None,GEORGE WEBSTER PARK - Drinking Water Source
2920,102045,426,Bottle Filling Station,None,Water Bottle Filling Count,None,GEORGE WEBSTER PARK - Drinking Water Source
2921,2486,427,Drinking Fountain,None,Drinking Fountain Count,None,BALMY BEACH PARK - Drinking Water Source (  2)
2922,2836,427,Dogs Off-Leash Area,None,Off Leash Area,None,BALMY BEACH PARK (Silverbirch Park) - Off Leash Area
2923,17102,427,Beach,None,Beach,None,BALMY BEACH
2924,23306,427,Bike Trail,None,Bike Trail,None,MARTIN GOODMAN TRAIL (  2)
2925,23339,427,Bike Trail,None,Bike Trail,None,MARTIN GOODMAN TRAIL (  5)
2926,23350,427,Bike Trail,None,Bike Trail,None,MARTIN GOODMAN TRAIL (  6)
2927,32211,427,Parking Lot,None,Outdoor Parking Lot,None,BALMY BEACH PARK - Outdoor Parking Lot
2928,32882,427,Washroom Facility,None,Washroom Building,None,SILVER BIRCH BOATHOUSE
2929,33971,427,Playground,None,Playground Site,None,BALMY BEACH PARK - Playground
2930,36383,427,Gymnasium,gym,Gymnasium,None,BALMY BEACH CLUB - Gymnasium
2931,44402,427,Bowling Green,None,Bowling Green,None,BALMY BEACH PARK - Bowling Green (  1)
2932,44403,427,Bowling Green,None,Bowling Green,None,BALMY BEACH PARK - Bowling Green (  2)
2933,58224,427,Outdoor Table Tennis,None,Outdoor Table Tennis,None,BALMY BEACH PARK - Outdoor Table Tennis
2934,73022,427,Outdoor Fitness Equipment,None,Outdoor Fitness Equipment,None,BALMY BEACH PARK - Outdoor Fitness Equipment (  1)
2935,73102,427,Outdoor Fitness Equipment,None,Outdoor Fitness Equipment,None,BALMY BEACH PARK - Outdoor Fitness Equipment (  2)
2936,102010,427,Bottle Filling Station,None,Water Bottle Filling Count,None,BALMY BEACH PARK - Drinking Water Source (  3)
2937,102069,427,Bottle Filling Station,None,Water Bottle Filling Count,None,BALMY BEACH PARK - Drinking Water Source (  4)
2938,102069,427,Drinking Fountain,None,Drinking Fountain Count,None,BALMY BEACH PARK - Drinking Water Source (  4)
2939,29852,428,Kitchen,room,Kitchen,None,EDGEHILL HOUSE - Kitchen (  1)
2940,48210,428,Lounge,room,Room - C,C,EDGEHILL HOUSE - Lounge
2941,48211,428,Meeting Room,None,None,None,EDGEHILL HOUSE - Meeting Room
2942,48212,428,Multipurpose Room,room,Room - C,C,EDGEHILL HOUSE - Multipurpose Room (  1)
2943,48213,428,Multipurpose Room,room,Room - C,C,EDGEHILL HOUSE - Multipurpose Room (  2)
2944,48214,428,Multipurpose Room,room,Room - C,C,EDGEHILL HOUSE - Multipurpose Room (  3)
2945,34029,429,Playground,None,Playground Site,None,JOSHUA CRONKWRIGHT PARKETTE - Playground
2946,102046,429,Bottle Filling Station,None,Water Bottle Filling Count,None,JOSHUA CRONKWRIGHT PARKETTE - Drinking Water Source
2947,132740,429,Outdoor Table Tennis,None,Outdoor Table Tennis,None,JOSHUA CRONKWRIGHT PARKETTE - Outdoor Table Tennis
2948,18246,430,Sport Field,sport,Soccer Field - C,C,HUMBER SHEPPARD PARK - Soccer Field (  1)
2949,18247,430,Sport Field,sport,Soccer Field - C,C,HUMBER SHEPPARD PARK - Soccer Field (  2)
2950,32500,430,Parking Lot,None,Outdoor Parking Lot,None,HUMBER SHEPPARD PARK - Outdoor Parking Lot
2951,43233,430,Playground,None,Playground Site,None,HUMBER SHEPPARD PARK - Playground
2952,57357,430,Pond,None,Open Water,None,HUMBER SHEPPARD PARK - Open Water
2953,4928,431,Splash Pad,None,Splash/Spray Pad,None,WOODBINE PARK - Splash/Spray Pad
2954,23166,431,Bike Trail,None,Bike Trail,None,LAKE SHORE BLVD EAST TRAIL (  4)
2955,23176,431,Bike Trail,None,Bike Trail,None,LAKE SHORE BLVD EAST TRAIL (  5)
2956,23177,431,Bike Trail,None,Bike Trail,None,LAKE SHORE BLVD EAST TRAIL (  6)
2957,23178,431,Bike Trail,None,Bike Trail,None,LAKE SHORE BLVD EAST TRAIL (  7)
2958,23179,431,Bike Trail,None,Bike Trail,None,LAKE SHORE BLVD EAST TRAIL (  8)
2959,24470,431,Bike Trail,None,Bike Trail,None,WOODBINE PARK TRAIL ( 26)
2960,24535,431,Bike Trail,None,Bike Trail,None,WOODBINE PARK TRAIL ( 85)
2961,34158,431,Playground,None,Playground Site,None,WOODBINE PARK - Playground
2962,41663,431,Fieldhouse,None,Fieldhouse,None,WOODBINE PARK - Fieldhouse
2963,41663,431,Washroom Facility,None,Washroom Building,None,WOODBINE PARK - Fieldhouse
2964,43725,431,Sport Field,sport,Soccer Field - C,C,WOODBINE PARK - Soccer Field
2965,49546,431,Parking Lot,None,Outdoor Parking Lot,None,WOODBINE PARK - Outdoor Parking Lot
2966,57418,431,Pond,None,Open Water,None,WOODBINE PARK - Open Water
2967,78116,431,Bottle Filling Station,None,Water Bottle Filling Count,None,WOODBINE PARK - Drinking Water Source (  1)
2968,78117,431,Drinking Fountain,None,Drinking Fountain Count,None,WOODBINE PARK - Drinking Water Source (  2)
2969,78117,431,Dog Fountain,None,Dog Fountain Count,None,WOODBINE PARK - Drinking Water Source (  2)
2970,102049,431,Bottle Filling Station,None,Water Bottle Filling Count,None,WOODBINE PARK - Drinking Water Source (  3)
2971,990819,431,Disc Golf Course,None,Disc Golf,None,WOODBINE PARK - Disc Golf Course
2972,5025,433,Outdoor Pool,pool,Outdoor Pool Tank,None,SUNNYSIDE GUS RYDER - Outdoor Pool Tank
2973,34055,434,Playground,None,Playground Site,None,EVERGREEN GARDENS PARK - Playground
2974,60284,436,Multipurpose Room,room,Room,None,EDENBRIDGE CENTRE - Multipurpose Room (  1)
2975,97203,436,Multipurpose Room,room,Room,None,EDENBRIDGE CENTRE - Multipurpose Room (  2)
2976,4097,437,Outdoor Pool,pool,Outdoor Pool Tank,None,DONALD D. SUMMERVILLE - Outdoor Pool Tank (  1)
2977,4098,437,Outdoor Pool,pool,Outdoor Pool Tank,None,DONALD D. SUMMERVILLE - Outdoor Pool Tank (  2)
2978,4099,437,Outdoor Pool,pool,Outdoor Pool Tank,None,DONALD D. SUMMERVILLE - Outdoor Pool Tank (  3)
2979,5459,437,Washroom Facility,None,Washroom Building,None,DONALD D. SUMMERVILLE OLYMPIC POOLS
2980,30018,437,Dressing Room,None,Change Room,None,DONALD D. SUMMERVILLE OUTDOOR POOL - Dressing Room - Female (  1)
2981,30019,437,Dressing Room,None,Change Room,None,DONALD D. SUMMERVILLE OUTDOOR POOL - Dressing Room - Female (  2)
2982,30020,437,Dressing Room,None,Change Room,None,DONALD D. SUMMERVILLE OUTDOOR POOL - Dressing Room - Male (  1)
2983,30021,437,Dressing Room,None,Change Room,None,DONALD D. SUMMERVILLE OUTDOOR POOL - Dressing Room - Male (  2)
2984,13953,439,Dogs Off-Leash Area,None,Off Leash Area,None,SANDY BRUCE PARK - Off Leash Area
2985,33912,439,Playground,None,Playground Site,None,SANDY BRUCE PARK - Playground
2986,2306,440,Drinking Fountain,None,Drinking Fountain Count,None,GEORGE HISLOP PARK - Drinking Water Source
2987,23999,441,Bike Trail,None,Bike Trail,None,TAYLOR CREEK TRAIL ( 77)
2988,24000,441,Bike Trail,None,Bike Trail,None,TAYLOR CREEK TRAIL ( 78)
2989,24001,441,Bike Trail,None,Bike Trail,None,TAYLOR CREEK TRAIL ( 79)
2990,24003,441,Bike Trail,None,Bike Trail,None,TAYLOR CREEK TRAIL ( 80)
2991,24004,441,Bike Trail,None,Bike Trail,None,TAYLOR CREEK TRAIL ( 81)
2992,24987,441,Dogs Off-Leash Area,None,Off Leash Area,None,WARDEN WOODS PARK - Off Leash Area
2993,32495,441,Parking Lot,None,Outdoor Parking Lot,None,WARDEN WOODS PARK - Outdoor Parking Lot
2994,102275,441,Dog Fountain,None,Dog Fountain Count,None,WARDEN WOODS PARK - Drinking Water Source
2995,2706,442,Drinking Fountain,None,Drinking Fountain Count,None,PARLIAMENT SQUARE PARK - Drinking Water Source
2996,17890,442,Sport Field,sport,Soccer Field - B,B,PARLIAMENT SQUARE PARK - Soccer Field
2997,23670,442,Bike Trail,None,Bike Trail,None,PARLIAMENT SQUARE PARK TRAIL
2998,850037,442,Parking Lot,None,Outdoor Parking Lot,None,PARLIAMENT SQUARE PARK - Outdoor Parking Lot
2999,2580,445,Drinking Fountain,None,Drinking Fountain Count,None,WOBURN AVENUE PLAYGROUND - Drinking Water Source
3000,5038,445,Wading Pool,None,Wading Pool,None,WOBURN AVENUE PLAYGROUND - Wading Pool
3001,29755,445,Washroom Facility,None,Washroom Building,None,WOBURN AVENUE PLAYGROUND - Washroom Building
3002,29755,445,Fieldhouse,None,Fieldhouse,None,WOBURN AVENUE PLAYGROUND - Washroom Building
3003,34154,445,Playground,None,Playground Site,None,WOBURN AVENUE PLAYGROUND - Playground
3004,2760,446,Community Garden,None,Community Garden,None,GRAFTON COMMUNITY GARDEN
3005,2117,447,Drinking Fountain,None,Drinking Fountain Count,None,MONDEO PARK - Drinking Water Source
3006,5401,447,Picnic Shelter,picnic,Shelter,None,MONDEO PARK - Shade Structure
3007,34198,447,Playground,None,Playground Site,None,MONDEO PARK - Playground
3008,34377,448,Playground,None,Playground Site,None,PHIL GIVENS PARK - Playground
3009,102055,448,Bottle Filling Station,None,Water Bottle Filling Count,None,PHIL GIVENS PARK - Drinking Water Source
3010,13124,449,Drinking Fountain,None,Drinking Fountain Count,None,AVONDALE PARK - Drinking Water Source
3011,33968,449,Playground,None,Playground Site,None,AVONDALE PARK - Playground
3012,29934,451,Kitchen,room,Kitchen - C,C,WELLESLEY COMMUNITY CENTRE - Kitchen
3013,40878,451,Fitness/Dance Studio,None,Room - C,C,WELLESLEY COMMUNITY CENTRE - Fitness/Dance Studio
3014,40879,451,Weight/Cardio Room,None,Room-Fitness/Weight,None,WELLESLEY COMMUNITY CENTRE - Weight Room
3015,41506,451,Gymnasium,gym,Gymnasium - A,A,WELLESLEY COMMUNITY CENTRE - Gymnasium
3016,48076,451,Multipurpose Room,room,Room - B,B,WELLESLEY COMMUNITY CENTRE - Multipurpose Room (  1)
3017,48077,451,Multipurpose Room,room,Room - B,B,WELLESLEY COMMUNITY CENTRE - Multipurpose Room (  2)
3018,48078,451,Multipurpose Room,room,Room - C,C,WELLESLEY COMMUNITY CENTRE - Multipurpose Room (  3)
3019,48079,451,Multipurpose Room,room,Room - C,C,WELLESLEY COMMUNITY CENTRE - Multipurpose Room (  4)
3020,48080,451,Enhanced Youth Space,None,Room - C,C,WELLESLEY COMMUNITY CENTRE - Enhanced Youth Space
3021,48514,451,Lounge,room,Room - C,C,WELLESLEY COMMUNITY CENTRE - Lounge
3022,80461,451,Indoor Pool,pool,Indoor Pool Tank,None,WELLESLEY COMMUNITY CENTRE - Indoor Pool Tank
3023,994038,451,Sauna,None,Sauna,None,WELLESLEY COMMUNITY CENTRE - Sauna
3024,34151,454,Playground,None,Playground Site,None,WINSLOW - DALESFORD PARKETTE - Playground
3025,2134,455,Drinking Fountain,None,Drinking Fountain Count,None,MASSEY HARRIS PARK - Drinking Water Source
3026,2134,455,Dog Fountain,None,Dog Fountain Count,None,MASSEY HARRIS PARK - Drinking Water Source
3027,4066,455,Splash Pad,None,Splash/Spray Pad,None,MASSEY HARRIS PARK - Splash/Spray Pad
3028,2309,456,Drinking Fountain,None,Drinking Fountain Count,None,GAMBLE PLAYGROUND - Drinking Water Source
3029,4431,456,Splash Pad,None,Splash/Spray Pad,None,GAMBLE PLAYGROUND - Splash/Spray Pad
3030,34086,456,Playground,None,Playground Site,None,GAMBLE PLAYGROUND - Playground
3031,48359,457,Multipurpose Room,room,Room - B,B,MAPLE LEAF COTTAGE - Multipurpose Room
3032,18022,459,Multipurpose Field,None,Multipurpose Field - Premier,P,JAMIESON KUHLMANN FIELD - Multipurpose Field
3033,18023,459,Multipurpose Field,None,Multipurpose Field - Premier,P,CHERRY BEACH SPORTS FIELDS - Multipurpose Field
3034,34404,459,Playground,None,Playground Site,None,CHERRY BEACH SPORTS FIELDS - Playground
3035,44883,459,Parking Lot,None,Outdoor Parking Lot,None,CHERRY BEACH SPORTS FIELDS - Outdoor Parking Lot
3036,46142,459,Washroom Facility,None,Washroom Building,None,CHERRY BEACH SPORTS FIELDS - Washroom Building
3037,93702,459,Bottle Filling Station,None,Water Bottle Filling Count,None,CHERRY BEACH SPORTS FIELDS - Drinking Water Source (  1)
3038,102110,459,Bottle Filling Station,None,Water Bottle Filling Count,None,CHERRY BEACH SPORTS FIELDS - Drinking Water Source (  2)
3039,102110,459,Bottle Filling Station,None,Water Bottle Filling Count,None,CHERRY BEACH SPORTS FIELDS - Drinking Water Source (  2)
3040,102111,459,Bottle Filling Station,None,Water Bottle Filling Count,None,CHERRY BEACH SPORTS FIELDS - Drinking Water Source (  3)
3041,1048,460,Fieldhouse,None,Fieldhouse,None,TORONTO TRACK AND FIELD CENTRE
3042,48067,460,Meeting Room,None,None,None,TORONTO TRACK AND FIELD CENTRE - Meeting Room (  1)
3043,48068,460,Meeting Room,None,None,None,TORONTO TRACK AND FIELD CENTRE - Meeting Room (  2)
3044,49025,460,Indoor Track,None,Indoor Track,None,TORONTO TRACK AND FIELD CENTRE - Indoor Track
3045,49182,460,Weight/Cardio Room,None,Room-Fitness/Weight,None,TORONTO TRACK AND FIELD CENTRE - Weight Room (  1)
3046,49183,460,Weight/Cardio Room,None,Room-Fitness/Weight,None,TORONTO TRACK AND FIELD CENTRE - Weight Room (  2)
3047,2820,461,Dogs Off-Leash Area,None,Off Leash Area,None,WYCHWOOD BARNS PARK - Off Leash Area
3048,3326,461,Outdoor Volleyball Court,None,Outdoor Volleyball Court,None,WYCHWOOD BARNS PARK - Volleyball Court
3049,4531,461,Splash Pad,None,Splash/Spray Pad,None,WYCHWOOD BARNS PARK - Splash/Spray Pad
3050,18717,461,Dog Fountain,None,Dog Fountain Count,None,WYCHWOOD BARNS PARK - Drinking Water Source (  1)
3051,18717,461,Drinking Fountain,None,Drinking Fountain Count,None,WYCHWOOD BARNS PARK - Drinking Water Source (  1)
3052,18718,461,Drinking Fountain,None,Drinking Fountain Count,None,WYCHWOOD BARNS PARK - Drinking Water Source (  2)
3053,34161,461,Playground,None,Playground Site,None,WYCHWOOD BARNS PARK - Playground
3054,36303,461,Outdoor Oven,None,Outdoor Oven,None,WYCHWOOD BARNS PARK - Bake Oven
3055,42597,461,Outdoor Chess Table,None,Outdoor Chess Table,None,WYCHWOOD BARNS PARK - Outdoor Chess Table (  3)
3056,42598,461,Outdoor Chess Table,None,Outdoor Chess Table,None,WYCHWOOD BARNS PARK - Outdoor Chess Table (  2)
3057,42599,461,Outdoor Chess Table,None,Outdoor Chess Table,None,WYCHWOOD BARNS PARK - Outdoor Chess Table (  1)
3058,49609,461,Picnic Site,picnic,Picnic Site,None,WYCHWOOD BARNS PARK - Picnic Site
3059,59623,461,Outdoor Table Tennis,None,Outdoor Table Tennis,None,WYCHWOOD BARNS PARK - Outdoor Table Tennis
3060,78120,461,Drinking Fountain,None,Drinking Fountain Count,None,WYCHWOOD BARNS PARK - Drinking Water Source (  3)
3061,971328,462,Parking Lot,None,Outdoor Parking Lot,None,JOYCE TRIMMER PARK - Outdoor Parking Lot
3062,971329,462,Sport Field,sport,Soccer Field,None,JOYCE TRIMMER PARK - Soccer Field
3063,971330,462,Outdoor Basketball Court,None,Basketball Court,None,JOYCE TRIMMER PARK - Basketball Court
3064,971331,462,Splash Pad,None,Splash/Spray Pad,None,JOYCE TRIMMER PARK - Splash/Spray Pad
3065,971333,462,Playground,None,Playground Site,None,JOYCE TRIMMER PARK - Playground
3066,971806,462,Skateboard Area,None,Skateboard Area,None,JOYCE TRIMMER PARK - Skateboard Area
3067,5960,463,Picnic Shelter,picnic,Shelter,None,BANTING PARK - Shade Structure
3068,33974,463,Playground,None,Playground Site,None,BANTING PARK - Playground
3069,849939,463,Picnic Site,picnic,Picnic Site,None,BANTING PARK - Picnic Site
3070,23008,464,Bike Trail,None,Bike Trail,None,HUMBER RIVER RECREATIONAL TRAIL ( 30)
3071,23009,464,Bike Trail,None,Bike Trail,None,HUMBER RIVER RECREATIONAL TRAIL ( 31)
3072,23010,464,Bike Trail,None,Bike Trail,None,HUMBER RIVER RECREATIONAL TRAIL ( 32)
3073,23011,464,Bike Trail,None,Bike Trail,None,HUMBER RIVER RECREATIONAL TRAIL ( 33)
3074,40749,464,Bike Trail,None,Bike Trail,None,HUMBER MARSHES TRAIL
3075,57353,464,Pond,None,Open Water,None,HUMBER MARSHES - Open Water (  1)
3076,57354,464,Pond,None,Open Water,None,HUMBER MARSHES - Open Water (  2)
3077,57355,464,Pond,None,Open Water,None,HUMBER MARSHES - Open Water (  3)
3078,57356,464,Pond,None,Open Water,None,HUMBER MARSHES - Open Water (  4)
3079,849995,464,Parking Lot,None,Outdoor Parking Lot,None,HUMBER MARSHES - Outdoor Parking Lot
3080,3484,465,Outdoor Tennis Court,None,Outdoor Tennis Court,None,BOND PARK - Outdoor Tennis Court (  1)
3081,3485,465,Outdoor Tennis Court,None,Outdoor Tennis Court,None,BOND PARK - Outdoor Tennis Court (  2)
3082,3486,465,Outdoor Tennis Court,None,Outdoor Tennis Court,None,BOND PARK - Outdoor Tennis Court (  3)
3083,3487,465,Outdoor Tennis Court,None,Outdoor Tennis Court,None,BOND PARK - Outdoor Tennis Court (  4)
3084,3488,465,Outdoor Tennis Court,None,Outdoor Tennis Court,None,BOND PARK - Outdoor Tennis Court (  5)
3085,3489,465,Outdoor Tennis Court,None,Outdoor Tennis Court,None,BOND PARK - Outdoor Tennis Court (  6)
3086,13407,465,Fieldhouse,None,Fieldhouse,None,BOND PARK SPORT CENTRE
3087,13407,465,Change Room Facility,None,Changeroom Building,None,BOND PARK SPORT CENTRE
3088,18200,465,Ball Diamond,sport,Baseball Diamond Field - A,A,BOND PARK - Ball Diamond Field (  1)
3089,18201,465,Ball Diamond,sport,Baseball Diamond Field - B,B,BOND PARK - Ball Diamond Field (  2)
3090,18202,465,Ball Diamond,sport,Baseball Diamond Field - A,A,TOM AND PAT LAWSON MEMORIAL FIELD
3091,18203,465,Ball Diamond,sport,Baseball Diamond Field - A,A,BOND PARK - Ball Diamond Field (  3)
3092,22229,465,Bike Trail,None,Bike Trail,None,DUNCAIRN PARK TRAIL (  1)
3093,30055,465,Dressing Room,None,Change Room,None,BOND PARK SPORTS CENTRE AND WASHROOM - Dressing Room - Male
3094,32224,465,Parking Lot,None,Outdoor Parking Lot,None,BOND PARK - Outdoor Parking Lot
3095,36646,465,Ball Diamond,sport,Baseball Diamond Field - C,C,BOND PARK - Ball Diamond Field (  4)
3096,102282,465,Drinking Fountain,None,Drinking Fountain Count,None,BOND PARK - Drinking Water Source
3097,2854,466,Dogs Off-Leash Area,None,Off Leash Area,None,COLONEL SAMUEL SMITH PARK - Off Leash Area
3098,5851,466,Picnic Shelter,picnic,Shelter,None,COLONEL SAMUEL SMITH PARK - Shade Structure
3099,14064,466,Skate Trail,None,Skate Trail,None,COLONEL SAMUEL SMITH PARK - Skate Trail
3100,17720,466,Football Field - Australian Rules,None,Football Field - Australian Rules - B,A,COLONEL SAMUEL SMITH PARK - Australian Rules Football Field
3101,17722,466,Outdoor track,None,Outdoor Track,None,COLONEL SAMUEL SMITH PARK - Outdoor Track
3102,22148,466,Bike Trail,None,Bike Trail,None,COLONEL SAMUEL SMITH PARK TRAIL (  1)
3103,22149,466,Bike Trail,None,Bike Trail,None,COLONEL SAMUEL SMITH PARK TRAIL ( 10)
3104,22150,466,Bike Trail,None,Bike Trail,None,COLONEL SAMUEL SMITH PARK TRAIL ( 11)
3105,22151,466,Bike Trail,None,Bike Trail,None,COLONEL SAMUEL SMITH PARK TRAIL ( 12)
3106,22153,466,Bike Trail,None,Bike Trail,None,COLONEL SAMUEL SMITH PARK TRAIL ( 14)
3107,22154,466,Bike Trail,None,Bike Trail,None,COLONEL SAMUEL SMITH PARK TRAIL ( 15)
3108,22155,466,Bike Trail,None,Bike Trail,None,COLONEL SAMUEL SMITH PARK TRAIL ( 16)
3109,22157,466,Bike Trail,None,Bike Trail,None,COLONEL SAMUEL SMITH PARK TRAIL ( 18)
3110,22158,466,Bike Trail,None,Bike Trail,None,COLONEL SAMUEL SMITH PARK TRAIL ( 19)
3111,22159,466,Bike Trail,None,Bike Trail,None,COLONEL SAMUEL SMITH PARK TRAIL (  2)
3112,22160,466,Bike Trail,None,Bike Trail,None,COLONEL SAMUEL SMITH PARK TRAIL ( 20)
3113,22161,466,Bike Trail,None,Bike Trail,None,COLONEL SAMUEL SMITH PARK TRAIL ( 21)
3114,22162,466,Bike Trail,None,Bike Trail,None,COLONEL SAMUEL SMITH PARK TRAIL ( 22)
3115,22164,466,Bike Trail,None,Bike Trail,None,COLONEL SAMUEL SMITH PARK TRAIL ( 24)
3116,22165,466,Bike Trail,None,Bike Trail,None,COLONEL SAMUEL SMITH PARK TRAIL ( 25)
3117,22166,466,Bike Trail,None,Bike Trail,None,COLONEL SAMUEL SMITH PARK TRAIL ( 26)
3118,22167,466,Bike Trail,None,Bike Trail,None,COLONEL SAMUEL SMITH PARK TRAIL ( 27)
3119,22168,466,Bike Trail,None,Bike Trail,None,COLONEL SAMUEL SMITH PARK TRAIL (  3)
3120,22169,466,Bike Trail,None,Bike Trail,None,COLONEL SAMUEL SMITH PARK TRAIL (  4)
3121,22170,466,Bike Trail,None,Bike Trail,None,COLONEL SAMUEL SMITH PARK TRAIL (  5)
3122,22171,466,Bike Trail,None,Bike Trail,None,COLONEL SAMUEL SMITH PARK TRAIL (  6)
3123,22172,466,Bike Trail,None,Bike Trail,None,COLONEL SAMUEL SMITH PARK TRAIL (  7)
3124,22174,466,Bike Trail,None,Bike Trail,None,COLONEL SAMUEL SMITH PARK TRAIL (  9)
3125,32249,466,Parking Lot,None,Outdoor Parking Lot,None,COLONEL SAMUEL SMITH PARK - Outdoor Parking Lot (  1)
3126,32250,466,Parking Lot,None,Outdoor Parking Lot,None,COLONEL SAMUEL SMITH PARK - Outdoor Parking Lot (  2)
3127,32251,466,Parking Lot,None,Outdoor Parking Lot,None,COLONEL SAMUEL SMITH PARK - Outdoor Parking Lot (  3)
3128,34421,466,Playground,None,Playground Site,None,COLONEL SAMUEL SMITH PARK - Playground
3129,49344,466,Community Garden,None,Community Garden,None,GATE HOUSE TRANSFORMATIONAL HEALING GARDEN
3130,57317,466,Pond,None,Open Water,None,COLONEL SAMUEL SMITH PARK - Open Water
3131,849979,466,Parking Lot,None,Outdoor Parking Lot,None,COLONEL SAMUEL SMITH PARK - Outdoor Parking Lot (  4)
3132,849984,466,Parking Lot,None,Outdoor Parking Lot,None,COLONEL SAMUEL SMITH PARK - Outdoor Parking Lot (  5)
3133,849985,466,Parking Lot,None,Outdoor Parking Lot,None,COLONEL SAMUEL SMITH PARK - Outdoor Parking Lot (  6)
3134,849986,466,Parking Lot,None,Outdoor Parking Lot,None,COLONEL SAMUEL SMITH PARK - Outdoor Parking Lot (  7)
3135,1701,467,Washroom Facility,None,Washroom Building,None,CORONATION PARK YARD
3136,2391,467,Drinking Fountain,None,Drinking Fountain Count,None,CORONATION PARK - TORONTO - Drinking Water Source (  1)
3137,2826,467,Dogs Off-Leash Area,None,Off Leash Area,None,CORONATION PARK - TORONTO - Off Leash Area
3138,4649,467,Picnic Site,picnic,Picnic Site,None,CORONATION PARK - TORONTO - Picnic Site (  1)
3139,18140,467,Ball Diamond,sport,Baseball Diamond Field - A,A,CORONATION PARK - TORONTO - Ball Diamond Field (  1)
3140,18141,467,Ball Diamond,sport,Baseball Diamond Field - A,A,CORONATION PARK - TORONTO - Ball Diamond Field (  2)
3141,18142,467,Ball Diamond,sport,Baseball Diamond Field - A,A,CORONATION PARK - TORONTO - Ball Diamond Field (  3)
3142,22176,467,Bike Trail,None,Bike Trail,None,CORONATION PARK TRAIL (  1)
3143,23303,467,Bike Trail,None,Bike Trail,None,MARTIN GOODMAN TRAIL ( 17)
3144,23304,467,Bike Trail,None,Bike Trail,None,MARTIN GOODMAN TRAIL ( 18)
3145,23305,467,Bike Trail,None,Bike Trail,None,MARTIN GOODMAN TRAIL ( 19)
3146,23307,467,Bike Trail,None,Bike Trail,None,MARTIN GOODMAN TRAIL ( 20)
3147,23308,467,Bike Trail,None,Bike Trail,None,MARTIN GOODMAN TRAIL ( 21)
3148,23309,467,Bike Trail,None,Bike Trail,None,MARTIN GOODMAN TRAIL ( 22)
3149,32255,467,Parking Lot,None,Outdoor Parking Lot,None,CORONATION PARK - TORONTO - Outdoor Parking Lot
3150,45522,467,Picnic Shelter,picnic,Shelter,None,CORONATION PARK - TORONTO - Shade Structure (  1)
3151,49616,467,Picnic Site,picnic,Picnic Site,None,CORONATION PARK - TORONTO - Picnic Site (  2)
3152,76642,467,Drinking Fountain,None,Drinking Fountain Count,None,CORONATION PARK - TORONTO - Drinking Water Source (  2)
3153,76642,467,Dog Fountain,None,Dog Fountain Count,None,CORONATION PARK - TORONTO - Drinking Water Source (  2)
3154,76643,467,Bottle Filling Station,None,Water Bottle Filling Count,None,CORONATION PARK - TORONTO - Drinking Water Source (  3)
3155,102122,467,Bottle Filling Station,None,Water Bottle Filling Count,None,CORONATION PARK - TORONTO - Drinking Water Source (  4)
3156,4582,468,Firepit,None,Firepit,None,DOWNSVIEW DELLS PARK - Firepit (  1)
3157,4583,468,Firepit,None,Firepit,None,DOWNSVIEW DELLS PARK - Firepit (  2)
3158,4584,468,Picnic Site,picnic,Picnic Site,None,DOWNSVIEW DELLS PARK - Picnic Site (  5)
3159,4585,468,Picnic Site,picnic,Picnic Site,None,DOWNSVIEW DELLS PARK - Picnic Site (  1)
3160,4586,468,Picnic Site,picnic,Picnic Site,None,DOWNSVIEW DELLS PARK - Picnic Site (  2)
3161,4587,468,Picnic Site,picnic,Picnic Site,None,DOWNSVIEW DELLS PARK - Picnic Site (  3)
3162,4588,468,Picnic Site,picnic,Picnic Site,None,DOWNSVIEW DELLS PARK - Picnic Site (  4)
3163,21948,468,Bike Trail,None,Bike Trail,None,BLACK CREEK TRAIL ( 22)
3164,21949,468,Bike Trail,None,Bike Trail,None,BLACK CREEK TRAIL ( 23)
3165,21950,468,Bike Trail,None,Bike Trail,None,BLACK CREEK TRAIL ( 24)
3166,21951,468,Bike Trail,None,Bike Trail,None,BLACK CREEK TRAIL ( 25)
3167,21952,468,Bike Trail,None,Bike Trail,None,BLACK CREEK TRAIL ( 26)
3168,21953,468,Bike Trail,None,Bike Trail,None,BLACK CREEK TRAIL ( 27)
3169,21954,468,Bike Trail,None,Bike Trail,None,BLACK CREEK TRAIL ( 28)
3170,29375,468,Washroom Facility,None,Washroom Building,None,DOWNSVIEW DELLS PARK - Washroom Building (  1)
3171,29376,468,Washroom Facility,None,Washroom Building,None,DOWNSVIEW DELLS PARK - Washroom Building (  2)
3172,32263,468,Parking Lot,None,Outdoor Parking Lot,None,DOWNSVIEW DELLS PARK - Outdoor Parking Lot (  1)
3173,32264,468,Parking Lot,None,Outdoor Parking Lot,None,DOWNSVIEW DELLS PARK - Outdoor Parking Lot (  2)
3174,32265,468,Parking Lot,None,Outdoor Parking Lot,None,DOWNSVIEW DELLS PARK - Outdoor Parking Lot (  3)
3175,32266,468,Parking Lot,None,Outdoor Parking Lot,None,DOWNSVIEW DELLS PARK - Outdoor Parking Lot (  4)
3176,32267,468,Parking Lot,None,Outdoor Parking Lot,None,DOWNSVIEW DELLS PARK - Outdoor Parking Lot (  5)
3177,32268,468,Parking Lot,None,Outdoor Parking Lot,None,DOWNSVIEW DELLS PARK - Outdoor Parking Lot (  6)
3178,32269,468,Parking Lot,None,Outdoor Parking Lot,None,DOWNSVIEW DELLS PARK - Outdoor Parking Lot (  7)
3179,967837,468,Gazebo,None,Gazebo,None,DOWNSVIEW DELLS PARK - Shade Structure
3180,33955,469,Playground,None,Playground Site,None,AMES PARK - Playground
3181,103205,470,Drinking Fountain,None,Drinking Fountain Count,None,BROOKFIELD PARKETTE - Drinking Water Source
3182,2142,471,Dog Fountain,None,Dog Fountain Count,None,MARILYN BELL PARK - Drinking Water Source (  1)
3183,2142,471,Drinking Fountain,None,Drinking Fountain Count,None,MARILYN BELL PARK - Drinking Water Source (  1)
3184,23332,471,Bike Trail,None,Bike Trail,None,MARTIN GOODMAN TRAIL ( 43)
3185,23333,471,Bike Trail,None,Bike Trail,None,MARTIN GOODMAN TRAIL ( 44)
3186,23334,471,Bike Trail,None,Bike Trail,None,MARTIN GOODMAN TRAIL ( 45)
3187,23335,471,Bike Trail,None,Bike Trail,None,MARTIN GOODMAN TRAIL ( 46)
3188,23336,471,Bike Trail,None,Bike Trail,None,MARTIN GOODMAN TRAIL ( 47)
3189,78707,471,Disc Golf Course,None,Disc Golf,None,MARILYN BELL PARK - Disc Golf
3190,102131,471,Bottle Filling Station,None,Water Bottle Filling Count,None,MARILYN BELL PARK - Drinking Water Source (  2)
3191,102131,471,Drinking Fountain,None,Drinking Fountain Count,None,MARILYN BELL PARK - Drinking Water Source (  2)
3192,850059,471,Parking Lot,None,Outdoor Parking Lot,None,MARILYN BELL PARK - Outdoor Parking Lot (  1)
3193,850060,471,Parking Lot,None,Outdoor Parking Lot,None,MARILYN BELL PARK - Outdoor Parking Lot (  2)
3194,29763,472,Kitchen,room,Kitchen - B,B,AMESBURY COMMUNITY CENTRE - Kitchen (  1)
3195,29764,472,Kitchen,room,Kitchen - A,A,AMESBURY COMMUNITY CENTRE - Kitchen (  2)
3196,41257,472,Gymnasium,gym,Gymnasium - B,B,AMESBURY COMMUNITY CENTRE - Gymnasium
3197,47918,472,Multipurpose Room,room,Room - C,C,AMESBURY COMMUNITY CENTRE - Multipurpose Room (  1)
3198,47919,472,Multipurpose Room,room,Room - C,C,AMESBURY COMMUNITY CENTRE - Multipurpose Room (  2)
3199,48101,472,Multipurpose Room,room,Room - C,C,AMESBURY COMMUNITY CENTRE - Multipurpose Room (  3)
3200,48102,472,Multipurpose Room,room,Room - C,C,AMESBURY COMMUNITY CENTRE - Multipurpose Room (  4)
3201,48103,472,Multipurpose Room,room,Room - C,C,AMESBURY COMMUNITY CENTRE - Multipurpose Room (  5)
3202,2339,473,Drinking Fountain,None,Drinking Fountain Count,None,EDWARDS GARDENS - Drinking Water Source (  1)
3203,2340,473,Drinking Fountain,None,Drinking Fountain Count,None,EDWARDS GARDENS - Drinking Water Source (  2)
3204,13476,473,Washroom Facility,None,Washroom Building,None,EDWARDS GARDENS CONCESSION AND SERVICE BUILDING
3205,13477,473,Greenhouse,None,Greenhouse,None,EDWARDS GARDENS FREE STANDING GREENHOUSE
3206,29400,473,Greenhouse,None,Greenhouse,None,EDWARDS GARDENS OFFICES GARAGE AND GREENHOUSE
3207,29816,473,Kitchen,room,Kitchen,None,EDWARDS GARDENS - Kitchen (  1)
3208,29817,473,Kitchen,room,Kitchen,None,EDWARDS GARDENS - Kitchen (  2)
3209,29818,473,Kitchen,room,Kitchen,None,EDWARDS GARDENS - Kitchen (  3)
3210,30890,473,Change Room Facility,None,Changeroom Building,None,EDWARDS GARDENS CHANGE ROOMS AND LUNCHROOM
3211,32291,473,Parking Lot,None,Outdoor Parking Lot,None,EDWARDS GARDENS - Outdoor Parking Lot (  1)
3212,35902,473,Fieldhouse,None,Fieldhouse,None,EDWARDS GARDENS FIELDHOUSE
3213,36002,473,Picnic Shelter,picnic,Shelter,None,EDWARDS GARDENS - Shade Structure (  1)
3214,40394,473,Bike Trail,None,Bike Trail,None,EDWARDS GARDENS TRAIL (  9)
3215,40398,473,Bike Trail,None,Bike Trail,None,EDWARDS GARDENS TRAIL ( 13)
3216,40400,473,Bike Trail,None,Bike Trail,None,EDWARDS GARDENS TRAIL ( 15)
3217,40415,473,Bike Trail,None,Bike Trail,None,EDWARDS GARDENS TRAIL ( 30)
3218,40416,473,Bike Trail,None,Bike Trail,None,EDWARDS GARDENS TRAIL ( 31)
3219,40426,473,Bike Trail,None,Bike Trail,None,EDWARDS GARDENS TRAIL ( 41)
3220,40427,473,Bike Trail,None,Bike Trail,None,EDWARDS GARDENS TRAIL ( 42)
3221,40430,473,Bike Trail,None,Bike Trail,None,EDWARDS GARDENS TRAIL ( 45)
3222,40436,473,Bike Trail,None,Bike Trail,None,EDWARDS GARDENS TRAIL ( 51)
3223,40438,473,Bike Trail,None,Bike Trail,None,EDWARDS GARDENS TRAIL ( 53)
3224,102161,473,Drinking Fountain,None,Drinking Fountain Count,None,EDWARDS GARDENS - Drinking Water Source (  3)
3225,102229,473,Drinking Fountain,None,Drinking Fountain Count,None,EDWARDS GARDENS - Drinking Water Source (  4)
3226,849993,473,Parking Lot,None,Outdoor Parking Lot,None,EDWARDS GARDENS - Outdoor Parking Lot (  2)
3227,968012,473,Picnic Shelter,picnic,Shelter,None,EDWARDS GARDENS - Shade Structure (  4)
3228,968015,473,Gazebo,None,Gazebo,None,EDWARDS GARDENS - Shade Structure (  7)
3229,968021,473,Picnic Shelter,picnic,Shelter,None,EDWARDS GARDENS - Shade Structure (  8)
3230,41290,474,Gymnasium,gym,Gymnasium - A,A,THE NEW GENERATION YOUTH RECREATION CENTRE - Gymnasium
3231,48168,474,Craft Room,room,Room-Craft - C,C,THE NEW GENERATION YOUTH RECREATION CENTRE - Craft Room
3232,48169,474,Multipurpose Room,room,Room - C,C,THE NEW GENERATION YOUTH RECREATION CENTRE - Multipurpose Room
3233,48171,474,Enhanced Youth Space,None,Room - C,C,THE NEW GENERATION YOUTH RECREATION CENTRE - Enhanced Youth Space
3234,849437,474,Recording Studio,None,Room,None,THE NEW GENERATION YOUTH RECREATION CENTRE - Recording Studio
3235,17330,476,Indoor Rink,ice,Indoor Ice Pad - A,A,CHRIS TONKS ARENA - Indoor Ice Pad
3236,17330,476,Indoor Dry Pad,ice,Indoor Dry Pad - A,A,CHRIS TONKS ARENA - Indoor Ice Pad
3237,47953,476,Multipurpose Room,room,Room - C,C,CHRIS TONKS ARENA - Multipurpose Room
3238,1908,477,Washroom Facility,None,Washroom Building,None,PHIL WHITE ARENA
3239,17347,477,Indoor Rink,ice,Indoor Ice Pad - A,A,PHIL WHITE ARENA - Indoor Ice Pad
3240,17347,477,Indoor Dry Pad,ice,Indoor Dry Pad - A,A,PHIL WHITE ARENA - Indoor Ice Pad
3241,29838,478,Kitchen,room,Kitchen - B,B,HARWOOD HALL - Kitchen
3242,48283,478,Multipurpose Room,room,Room - B,B,HARWOOD HALL - Multipurpose Room
3243,17339,479,Indoor Rink,ice,Indoor Ice Pad - A,A,LAMBTON ARENA - Indoor Ice Pad
3244,17339,479,Indoor Dry Pad,ice,Indoor Dry Pad - A,A,LAMBTON ARENA - Indoor Ice Pad
3245,30381,479,Dressing Room,None,Change Room,None,LAMBTON ARENA - Dressing Room - Unisex
3246,48342,479,Multipurpose Room,room,Room - C,C,LAMBTON ARENA - Multipurpose Room
3247,4874,480,Outdoor Pool,pool,Outdoor Pool Tank,None,AMESBURY PARK - Outdoor Pool Tank
3248,17361,480,Indoor Rink,ice,Indoor Ice Pad - A,A,AMESBURY SPORTS COMPLEX - Indoor Ice Pad
3249,29984,480,Dressing Room,None,Change Room,None,AMESBURY SPORTS COMPLEX - Dressing Room (  1)
3250,29985,480,Dressing Room,None,Change Room,None,AMESBURY SPORTS COMPLEX - Dressing Room (  2)
3251,29986,480,Dressing Room,None,Change Room,None,AMESBURY SPORTS COMPLEX - Dressing Room (  3)
3252,29987,480,Dressing Room,None,Change Room,None,AMESBURY SPORTS COMPLEX - Dressing Room (  4)
3253,48105,480,Meeting Room,None,None,None,AMESBURY SPORTS COMPLEX - Meeting Room
3254,60042,480,Indoor Bocce Court,None,Indoor Bocce Court,None,AMESBURY SPORTS COMPLEX - Indoor Bocce Court (  1)
3255,60043,480,Indoor Bocce Court,None,Indoor Bocce Court,None,AMESBURY SPORTS COMPLEX - Indoor Bocce Court (  2)
3256,60044,480,Indoor Bocce Court,None,Indoor Bocce Court,None,AMESBURY SPORTS COMPLEX - Indoor Bocce Court (  3)
3257,60045,480,Indoor Bocce Court,None,Indoor Bocce Court,None,AMESBURY SPORTS COMPLEX - Indoor Bocce Court (  4)
3258,21979,481,Bike Trail,None,Bike Trail,None,BLACK CREEK TRAIL ( 50)
3259,21980,481,Bike Trail,None,Bike Trail,None,BLACK CREEK TRAIL ( 51)
3260,21981,481,Bike Trail,None,Bike Trail,None,BLACK CREEK TRAIL ( 52)
3261,21982,481,Bike Trail,None,Bike Trail,None,BLACK CREEK TRAIL ( 53)
3262,21983,481,Bike Trail,None,Bike Trail,None,BLACK CREEK TRAIL ( 54)
3263,21984,481,Bike Trail,None,Bike Trail,None,BLACK CREEK TRAIL ( 55)
3264,21985,481,Bike Trail,None,Bike Trail,None,BLACK CREEK TRAIL ( 56)
3265,28332,481,Picnic Site,picnic,Picnic Site,None,NORTHWOOD PARK - Picnic Site (  1)
3266,29589,481,Washroom Facility,None,Washroom Building,None,NORTHWOOD PARK - Washroom Building
3267,30802,481,Firepit,None,Firepit,None,NORTHWOOD PARK - Firepit
3268,32415,481,Parking Lot,None,Outdoor Parking Lot,None,NORTHWOOD PARK - Outdoor Parking Lot
3269,36160,481,Picnic Site,picnic,Picnic Site,None,NORTHWOOD PARK - Picnic Site (  2)
3270,40841,482,Weight/Cardio Room,None,Room-Fitness/Weight,None,FAIRBANK MEMORIAL COMMUNITY CENTRE - Fitness Room
3271,41325,482,Gymnasium,gym,Gymnasium - C,C,FAIRBANK MEMORIAL COMMUNITY CENTRE - Gymnasium
3272,47981,482,Craft Room,room,Room-Craft - C,C,FAIRBANK MEMORIAL COMMUNITY CENTRE - Craft Room
3273,47982,482,Multipurpose Room,room,Room - B,B,FAIRBANK MEMORIAL COMMUNITY CENTRE - Multipurpose Room (  1)
3274,48252,482,Games Room,room,Games Room - B,B,FAIRBANK MEMORIAL COMMUNITY CENTRE - Games Room
3275,48253,482,Lounge,room,Room - C,C,FAIRBANK MEMORIAL COMMUNITY CENTRE - Lounge
3276,48254,482,Multipurpose Room,room,Room - C,C,FAIRBANK MEMORIAL COMMUNITY CENTRE - Multipurpose Room (  2)
3277,48255,482,Multipurpose Room,room,Room - C,C,FAIRBANK MEMORIAL COMMUNITY CENTRE - Multipurpose Room (  3)
3278,60262,482,Indoor Bocce Court,None,Indoor Bocce Court,None,FAIRBANK MEMORIAL COMMUNITY CENTRE - Indoor Bocce Court (  1)
3279,60263,482,Indoor Bocce Court,None,Indoor Bocce Court,None,FAIRBANK MEMORIAL COMMUNITY CENTRE - Indoor Bocce Court (  2)
3280,17358,483,Indoor Rink,ice,Indoor Ice Pad - Premier,P,HERBERT H. CARNEGIE CENTENNIAL CENTRE - Indoor Ice Pad
3281,17358,483,Indoor Dry Pad,ice,Indoor Dry Pad - Premier,P,HERBERT H. CARNEGIE CENTENNIAL CENTRE - Indoor Ice Pad
3282,29840,483,Kitchen,room,Kitchen - B,B,HERBERT H. CARNEGIE CENTENNIAL CENTRE - Kitchen (  1)
3283,29841,483,Kitchen,room,Kitchen - B,B,HERBERT H. CARNEGIE CENTENNIAL CENTRE - Kitchen (  2)
3284,30286,483,Dressing Room,None,Change Room,None,HERBERT H. CARNEGIE CENTENNIAL CENTRE - Dressing Room - Unisex
3285,48002,483,Lounge,room,Room - B,B,HERBERT H. CARNEGIE CENTENNIAL CENTRE - Lounge
3286,48284,483,Multipurpose Room,room,Room - C,C,HERBERT H. CARNEGIE CENTENNIAL CENTRE - Multipurpose Room (  1)
3287,48285,483,Multipurpose Room,room,Room - C,C,HERBERT H. CARNEGIE CENTENNIAL CENTRE - Multipurpose Room (  2)
3288,48286,483,Multipurpose Room,room,Room - B,B,HERBERT H. CARNEGIE CENTENNIAL CENTRE - Multipurpose Room (  3)
3289,48287,483,Multipurpose Room,room,Room - B,B,HERBERT H. CARNEGIE CENTENNIAL CENTRE - Multipurpose Room (  4)
3290,49011,483,Indoor Track,None,Indoor Track,None,HERBERT H. CARNEGIE CENTENNIAL CENTRE - Indoor Track
3291,2500,484,Drinking Fountain,None,Drinking Fountain Count,None,AMESBURY PARK - Drinking Water Source (  1)
3292,3552,484,Outdoor Basketball Court,None,Basketball Court,None,AMESBURY PARK - Basketball Court
3293,3553,484,Outdoor Bocce Court,None,Outdoor Bocce Court,None,AMESBURY PARK - Outdoor Bocce Court (  2)
3294,3555,484,Outdoor Bocce Court,None,Outdoor Bocce Court,None,AMESBURY PARK - Outdoor Bocce Court (  3)
3295,3556,484,Outdoor Bocce Court,None,Outdoor Bocce Court,None,AMESBURY PARK - Outdoor Bocce Court (  4)
3296,3557,484,Outdoor Bocce Court,None,Outdoor Bocce Court,None,AMESBURY PARK - Outdoor Bocce Court (  1)
3297,3558,484,Pickleball Court,None,None,None,AMESBURY PARK - Tennis Court Area
3298,3559,484,Outdoor Tennis Court,None,Outdoor Tennis Court,None,AMESBURY PARK - Outdoor Tennis Court (  1)
3299,3560,484,Outdoor Tennis Court,None,Outdoor Tennis Court,None,AMESBURY PARK - Outdoor Tennis Court (  2)
3300,17667,484,Sport Field,sport,Soccer Field - C,C,AMESBURY PARK - Soccer Field
3301,18122,484,Ball Diamond,sport,Baseball Diamond Field - C,C,AMESBURY PARK - Ball Diamond Field (  1)
3302,18123,484,Ball Diamond,sport,Baseball Diamond Field - C,C,AMESBURY PARK - Ball Diamond Field (  2)
3303,18124,484,Ball Diamond,sport,Baseball Diamond Field - C,C,AMESBURY PARK - Ball Diamond Field (  3)
3304,32206,484,Parking Lot,None,Outdoor Parking Lot,None,AMESBURY PARK - Outdoor Parking Lot (  1)
3305,32207,484,Parking Lot,None,Outdoor Parking Lot,None,AMESBURY PARK - Outdoor Parking Lot (  2)
3306,33956,484,Playground,None,Playground Site,None,AMESBURY PARK - Playground W
3307,34662,484,Splash Pad,None,Splash/Spray Pad,None,AMESBURY PARK - Splash/Spray Pad
3308,41102,484,Bottle Filling Station,None,Water Bottle Filling Count,None,AMESBURY PARK - Drinking Water Source (  2)
3309,43302,484,Drinking Fountain,None,Drinking Fountain Count,None,AMESBURY PARK - Drinking Water Source (  3)
3310,46182,484,Playground,None,Playground Site,None,AMESBURY PARK - Playground E
3311,70122,484,Ball Hockey Pad,None,Ball Hockey Pad,None,AMESBURY PARK - Ball Hockey
3312,849964,484,Parking Lot,None,Outdoor Parking Lot,None,AMESBURY PARK - Outdoor Parking Lot (  3)
3313,849965,484,Parking Lot,None,Outdoor Parking Lot,None,AMESBURY PARK - Outdoor Parking Lot (  4)
3314,968113,484,Bowling Green,None,Bowling Green,None,AMESBURY PARK - Bowling Green (  1)
3315,968114,484,Bowling Green,None,Bowling Green,None,AMESBURY PARK - Bowling Green (  2)
3316,1001005,484,Sport Field,sport,Soccer Field - Premier,P,AMESBURY PARK - Soccer Mini-Pitch
3317,2427,485,Drinking Fountain,None,Drinking Fountain Count,None,CENTRE PARK - Drinking Water Source
3318,17706,485,Ball Diamond,sport,Baseball Diamond Field - C,C,CENTRE PARK - Ball Diamond Field
3319,34392,485,Playground,None,Playground Site,None,CENTRE PARK - Playground
3320,29787,486,Kitchen,room,Kitchen - B,B,CHALKFARM COMMUNITY RECREATION CENTRE - Kitchen
3321,41293,486,Gymnasium,gym,Gymnasium - C,C,CHALKFARM COMMUNITY RECREATION CENTRE - Gymnasium
3322,48175,486,Multipurpose Room,room,Room - C,C,CHALKFARM COMMUNITY RECREATION CENTRE - Multipurpose Room
3323,48176,486,Preschool,room,Preschool - C,C,CHALKFARM COMMUNITY RECREATION CENTRE - Preschool
3324,29765,487,Kitchen,room,Kitchen,None,ANCASTER COMMUNITY CENTRE - Kitchen
3325,41258,487,Gymnasium,gym,Gymnasium - B,B,ANCASTER COMMUNITY CENTRE - Gymnasium
3326,47920,487,Lounge,room,Room - C,C,ANCASTER COMMUNITY CENTRE - Lounge
3327,47921,487,Meeting Room,None,None,None,ANCASTER COMMUNITY CENTRE - Meeting Room
3328,47922,487,Multipurpose Room,room,Room - C,C,ANCASTER COMMUNITY CENTRE - Multipurpose Room
3329,48106,487,Craft Room,room,Room-Craft - C,C,ANCASTER COMMUNITY CENTRE - Craft Room
3330,17711,488,Ball Diamond,sport,Baseball Diamond Field - C,C,CHELTENHAM PARK - Sports Field Area - Ball Diamond Field
3331,17712,488,Multipurpose Field,None,Multipurpose Field - C,C,CHELTENHAM PARK - Multipurpose Field
3332,44582,488,Ball Diamond,sport,Baseball Diamond Field - C,C,CHELTENHAM PARK - Ball Diamond Field
3333,102076,488,Bottle Filling Station,None,Water Bottle Filling Count,None,CHELTENHAM PARK - Drinking Water Source
3334,59582,489,Playground,None,Playground Site,None,DRIFTWOOD PARKETTE - Playground
3335,76582,489,Community Garden,None,Community Garden,None,DRIFTWOOD PARKETTE - Community Garden
3336,3422,490,Pickleball Court,None,None,None,ELIE WIESEL PARK - Tennis Court Area
3337,3422,490,Pickleball Court,None,None,None,ELIE WIESEL PARK - Tennis Court Area
3338,3422,490,Pickleball Court,None,None,None,ELIE WIESEL PARK - Tennis Court Area
3339,3423,490,Outdoor Tennis Court,None,Outdoor Tennis Court,None,ELIE WIESEL PARK - Outdoor Tennis Court (  1)
3340,3424,490,Outdoor Tennis Court,None,Outdoor Tennis Court,None,ELIE WIESEL PARK - Outdoor Tennis Court (  2)
3341,3425,490,Outdoor Tennis Court,None,Outdoor Tennis Court,None,ELIE WIESEL PARK - Outdoor Tennis Court (  3)
3342,18026,490,Ball Diamond,sport,Baseball Diamond Field - C,C,ELIE WIESEL PARK - Ball Diamond Field (  1)
3343,18027,490,Ball Diamond,sport,Baseball Diamond Field - C,C,ELIE WIESEL PARK - Ball Diamond Field (  2)
3344,29332,490,Washroom Facility,None,Washroom Building,None,ELIE WIESEL PARK TENNIS CLUBHOUSE
3345,34411,490,Playground,None,Playground Site,None,ELIE WIESEL PARK - Playground
3346,49842,490,Ball Hockey Pad,None,Ball Hockey Pad,None,ELIE WIESEL PARK - Ball Hockey
3347,103214,490,Bottle Filling Station,None,Water Bottle Filling Count,None,ELIE WIESEL PARK - Drinking Water Source
3348,3547,491,Outdoor Bocce Court,None,Outdoor Bocce Court,None,ANCASTER PARK - Outdoor Bocce Court
3349,3548,491,Pickleball Court,None,None,None,ANCASTER PARK - Tennis Court Area
3350,3549,491,Outdoor Tennis Court,None,Outdoor Tennis Court,None,ANCASTER PARK - Outdoor Tennis Court (  1)
3351,3550,491,Outdoor Tennis Court,None,Outdoor Tennis Court,None,ANCASTER PARK - Outdoor Tennis Court (  2)
3352,3551,491,Outdoor Tennis Court,None,Outdoor Tennis Court,None,ANCASTER PARK - Outdoor Tennis Court (  3)
3353,4870,491,Splash Pad,None,Splash/Spray Pad,None,ANCASTER PARK - Splash/Spray Pad
3354,17668,491,Ball Diamond,sport,Baseball Diamond Field - C,C,ANCASTER PARK - Ball Diamond Field
3355,17669,491,Multipurpose Field,None,Multipurpose Field - C,C,ANCASTER PARK - Multipurpose Field
3356,32209,491,Parking Lot,None,Outdoor Parking Lot,None,ANCASTER PARK - Outdoor Parking Lot (  1)
3357,33958,491,Playground,None,Playground Site,None,ANCASTER PARK - Playground
3358,849962,491,Parking Lot,None,Outdoor Parking Lot,None,ANCASTER PARK - Outdoor Parking Lot (  2)
3359,849963,491,Parking Lot,None,Outdoor Parking Lot,None,ANCASTER PARK - Outdoor Parking Lot (  3)
3360,13304,492,Drinking Fountain,None,Drinking Fountain Count,None,WILKET CREEK PARK - Drinking Water Source
3361,24388,492,Bike Trail,None,Bike Trail,None,WILKET CREEK TRAIL ( 10)
3362,24389,492,Bike Trail,None,Bike Trail,None,WILKET CREEK TRAIL ( 11)
3363,24390,492,Bike Trail,None,Bike Trail,None,WILKET CREEK TRAIL ( 12)
3364,24391,492,Bike Trail,None,Bike Trail,None,WILKET CREEK TRAIL ( 13)
3365,24392,492,Bike Trail,None,Bike Trail,None,WILKET CREEK TRAIL ( 14)
3366,24393,492,Bike Trail,None,Bike Trail,None,WILKET CREEK TRAIL ( 15)
3367,24394,492,Bike Trail,None,Bike Trail,None,WILKET CREEK TRAIL ( 16)
3368,24395,492,Bike Trail,None,Bike Trail,None,WILKET CREEK TRAIL ( 17)
3369,24396,492,Bike Trail,None,Bike Trail,None,WILKET CREEK TRAIL ( 18)
3370,24397,492,Bike Trail,None,Bike Trail,None,WILKET CREEK TRAIL ( 19)
3371,24399,492,Bike Trail,None,Bike Trail,None,WILKET CREEK TRAIL ( 20)
3372,24400,492,Bike Trail,None,Bike Trail,None,WILKET CREEK TRAIL ( 21)
3373,24401,492,Bike Trail,None,Bike Trail,None,WILKET CREEK TRAIL ( 22)
3374,24402,492,Bike Trail,None,Bike Trail,None,WILKET CREEK TRAIL ( 23)
3375,24403,492,Bike Trail,None,Bike Trail,None,WILKET CREEK TRAIL ( 24)
3376,24404,492,Bike Trail,None,Bike Trail,None,WILKET CREEK TRAIL ( 25)
3377,24406,492,Bike Trail,None,Bike Trail,None,WILKET CREEK TRAIL ( 27)
3378,24407,492,Bike Trail,None,Bike Trail,None,WILKET CREEK TRAIL ( 28)
3379,24408,492,Bike Trail,None,Bike Trail,None,WILKET CREEK TRAIL ( 29)
3380,24410,492,Bike Trail,None,Bike Trail,None,WILKET CREEK TRAIL ( 30)
3381,24429,492,Bike Trail,None,Bike Trail,None,WILKET CREEK TRAIL (  7)
3382,24430,492,Bike Trail,None,Bike Trail,None,WILKET CREEK TRAIL (  8)
3383,24431,492,Bike Trail,None,Bike Trail,None,WILKET CREEK TRAIL (  9)
3384,29202,492,Firepit,None,Firepit,None,WILKET CREEK PARK - Firepit
3385,32745,492,Washroom Facility,None,Washroom Building,None,WILKET CREEK PARK WASHROOM AND MAINTENANCE BUILDING
3386,40709,492,Bike Trail,None,Bike Trail,None,WILKET CREEK TRAIL (  1)
3387,42595,492,Outdoor Chess Table,None,Outdoor Chess Table,None,WILKET CREEK PARK - Outdoor Chess Table (  2)
3388,42596,492,Outdoor Chess Table,None,Outdoor Chess Table,None,WILKET CREEK PARK - Outdoor Chess Table (  1)
3389,49567,492,Picnic Site,picnic,Picnic Site,None,WILKET CREEK PARK - Picnic Site (  4)
3390,49568,492,Picnic Site,picnic,Picnic Site,None,WILKET CREEK PARK - Picnic Site (  2)
3391,49569,492,Picnic Site,picnic,Picnic Site,None,WILKET CREEK PARK - Picnic Site (  5)
3392,850022,492,Parking Lot,None,Outdoor Parking Lot,None,WILKET CREEK PARK - Outdoor Parking Lot (  1)
3393,850023,492,Parking Lot,None,Outdoor Parking Lot,None,WILKET CREEK PARK - Outdoor Parking Lot (  2)
3394,850024,492,Parking Lot,None,Outdoor Parking Lot,None,WILKET CREEK PARK - Outdoor Parking Lot (  3)
3395,850025,492,Parking Lot,None,Outdoor Parking Lot,None,WILKET CREEK PARK - Outdoor Parking Lot (  4)
3396,850090,492,Parking Lot,None,Outdoor Parking Lot,None,WILKET CREEK PARK - Outdoor Parking Lot (  5)
3397,3418,493,Pickleball Court,None,None,None,CLIFFWOOD PARK - Tennis Court Area
3398,3418,493,Pickleball Court,None,None,None,CLIFFWOOD PARK - Tennis Court Area
3399,3418,493,Pickleball Court,None,None,None,CLIFFWOOD PARK - Tennis Court Area
3400,3419,493,Outdoor Tennis Court,None,Outdoor Tennis Court,None,CLIFFWOOD PARK - Outdoor Tennis Court (  1)
3401,3420,493,Outdoor Tennis Court,None,Outdoor Tennis Court,None,CLIFFWOOD PARK - Outdoor Tennis Court (  2)
3402,3421,493,Outdoor Tennis Court,None,Outdoor Tennis Court,None,CLIFFWOOD PARK - Outdoor Tennis Court (  3)
3403,17716,493,Ball Diamond,sport,Baseball Diamond Field - C,C,CLIFFWOOD PARK - Ball Diamond Field
3404,17717,493,Sport Field,sport,Soccer Field - C,C,CLIFFWOOD PARK - Soccer Field
3405,34413,493,Playground,None,Playground Site,None,CLIFFWOOD PARK - Playground
3406,80649,493,Drinking Fountain,None,Drinking Fountain Count,None,CLIFFWOOD PARK - Drinking Water Source (  1)
3407,102124,493,Bottle Filling Station,None,Water Bottle Filling Count,None,CLIFFWOOD PARK - Drinking Water Source (  2)
3408,102124,493,Drinking Fountain,None,Drinking Fountain Count,None,CLIFFWOOD PARK - Drinking Water Source (  2)
3409,967627,493,Picnic Shelter,picnic,Shelter,None,CLIFFWOOD PARK - Shade Structure
3410,2401,494,Drinking Fountain,None,Drinking Fountain Count,None,CLYDESDALE PARK - Drinking Water Source
3411,3410,494,Outdoor Tennis Court,None,Outdoor Tennis Court,None,CLYDESDALE PARK - Outdoor Tennis Court (  1)
3412,3411,494,Outdoor Tennis Court,None,Outdoor Tennis Court,None,CLYDESDALE PARK - Outdoor Tennis Court (  2)
3413,3412,494,Outdoor Tennis Court,None,Outdoor Tennis Court,None,CLYDESDALE PARK - Outdoor Tennis Court (  3)
3414,3413,494,Outdoor Tennis Court,None,Outdoor Tennis Court,None,CLYDESDALE PARK - Outdoor Tennis Court (  4)
3415,17718,494,Ball Diamond,sport,Baseball Diamond Field - C,C,CLYDESDALE PARK - Ball Diamond Field
3416,34418,494,Playground,None,Playground Site,None,CLYDESDALE PARK - Playground
3417,48177,494,Multipurpose Room,room,Room - C,C,CLYDESDALE PARK TENNIS CLUBHOUSE - Multipurpose Room
3418,132509,494,Outdoor Fitness Equipment,None,Outdoor Fitness Equipment,None,CLYDESDALE PARK - Outdoor Fitness Equipment Area - Outdoor Fitness Equipment (  1)
3419,132510,494,Outdoor Fitness Equipment,None,Outdoor Fitness Equipment,None,CLYDESDALE PARK - Outdoor Fitness Equipment Area - Outdoor Fitness Equipment (  2)
3420,132511,494,Outdoor Fitness Equipment,None,Outdoor Fitness Equipment,None,CLYDESDALE PARK - Outdoor Fitness Equipment Area - Outdoor Fitness Equipment (  3)
3421,850062,494,Parking Lot,None,Outdoor Parking Lot,None,CLYDESDALE PARK - Outdoor Parking Lot
3422,967649,494,Picnic Shelter,picnic,Shelter,None,CLYDESDALE PARK - Shade Structure
3423,33959,495,Playground,None,Playground Site,None,ANCONA PARK - Playground
3424,36142,495,Ball Diamond,sport,Baseball Diamond Field - C,C,ANCONA PARK - Ball Diamond Field
3425,3381,496,Outdoor Tennis Court,None,Outdoor Tennis Court,None,CRESTHAVEN PARK - Outdoor Tennis Court (  1)
3426,3382,496,Outdoor Tennis Court,None,Outdoor Tennis Court,None,CRESTHAVEN PARK - Outdoor Tennis Court (  2)
3427,3383,496,Outdoor Tennis Court,None,Outdoor Tennis Court,None,CRESTHAVEN PARK - Outdoor Tennis Court (  3)
3428,3384,496,Outdoor Tennis Court,None,Outdoor Tennis Court,None,CRESTHAVEN PARK - Outdoor Tennis Court (  4)
3429,33932,496,Playground,None,Playground Site,None,CRESTHAVEN PARK - Playground
3430,2207,497,Drinking Fountain,None,Drinking Fountain Count,None,KEELESDALE PARK - Drinking Water Source
3431,18220,497,Sport Field,sport,Soccer Field - A,A,KEELESDALE PARK - Soccer Field (  2)
3432,18223,497,Sport Field,sport,Soccer Field - B,B,KEELESDALE PARK - Soccer Field (  1)
3433,32369,497,Parking Lot,None,Outdoor Parking Lot,None,KEELESDALE PARK - Outdoor Parking Lot (  1)
3434,43623,497,Sport Field,sport,Soccer Field - C,C,KEELESDALE PARK - Soccer Field (  3)
3435,850035,497,Parking Lot,None,Outdoor Parking Lot,None,KEELESDALE PARK - Outdoor Parking Lot (  2)
3436,33962,498,Playground,None,Playground Site,None,ANTIBES PARK - Playground
3437,10462,499,Indoor Pool,pool,Indoor Pool Tank - A,A,CUMMER PARK COMMUNITY CENTRE - Indoor Pool Tank
3438,17365,499,Indoor Rink,ice,Indoor Ice Pad - A,A,CUMMER PARK COMMUNITY CENTRE - Indoor Ice Pad
3439,17365,499,Indoor Dry Pad,ice,Indoor Dry Pad - A,A,CUMMER PARK COMMUNITY CENTRE - Indoor Ice Pad
3440,29793,499,Kitchen,room,Kitchen - B,B,CUMMER PARK COMMUNITY CENTRE - Kitchen
3441,36887,499,Indoor Squash Court,None,Indoor Squash Court,None,CUMMER PARK COMMUNITY CENTRE - Indoor Squash Court (  1)
3442,40831,499,Weight/Cardio Room,None,Room-Fitness/Weight,None,CUMMER PARK COMMUNITY CENTRE - Weight/Cardio Room
3443,47954,499,Multipurpose Room,room,Room - B,B,CUMMER PARK COMMUNITY CENTRE - Multipurpose Room (  1)
3444,47955,499,Multipurpose Room,room,Room - C,C,CUMMER PARK COMMUNITY CENTRE - Multipurpose Room (  2)
3445,49062,499,Indoor Track,None,Indoor Track,None,CUMMER PARK COMMUNITY CENTRE - Indoor Track
3446,96784,499,Indoor Squash Court,None,Indoor Squash Court,None,CUMMER PARK COMMUNITY CENTRE - Indoor Squash Court (  2)
3447,994030,499,Sauna,None,Sauna,None,CUMMER PARK COMMUNITY CENTRE - Sauna
3448,1002167,499,Fitness/Dance Studio,None,Room - C,C,CUMMER PARK COMMUNITY CENTRE - Fitness/Dance Studio
3449,2493,500,Drinking Fountain,None,Drinking Fountain Count,None,APTED PARK - Drinking Water Source
3450,17672,500,Sport Field,sport,Soccer Field,None,APTED PARK - Soccer Field
3451,33963,500,Playground,None,Playground Site,None,APTED PARK - Playground
3452,1001004,500,Sport Field,sport,Soccer Field - Premier,P,APTED PARK - Soccer Mini-Pitch
3453,3339,501,Outdoor Tennis Court,None,Outdoor Tennis Court,None,DUNLACE PARK - Outdoor Tennis Court (  1)
3454,3340,501,Outdoor Tennis Court,None,Outdoor Tennis Court,None,DUNLACE PARK - Outdoor Tennis Court (  2)
3455,3341,501,Outdoor Tennis Court,None,Outdoor Tennis Court,None,DUNLACE PARK - Outdoor Tennis Court (  3)
3456,34019,501,Playground,None,Playground Site,None,DUNLACE PARK - Playground
3457,3277,502,Outdoor Basketball Court,None,Basketball Court,None,FAIRBANK MEMORIAL PARK - Basketball Court
3458,4486,502,Outdoor Pool,pool,Outdoor Pool Tank,None,FAIRBANK MEMORIAL PARK - Outdoor Pool Tank (  1)
3459,4487,502,Outdoor Pool,pool,Outdoor Pool Tank,None,FAIRBANK MEMORIAL PARK - Outdoor Pool Tank (  2)
3460,17758,502,Ball Diamond,sport,Baseball Diamond Field - C,C,FAIRBANK MEMORIAL PARK - Ball Diamond Field
3461,32300,502,Parking Lot,None,Outdoor Parking Lot,None,FAIRBANK MEMORIAL PARK - Outdoor Parking Lot (  1)
3462,32550,502,Parking Lot,None,Outdoor Parking Lot,None,FAIRBANK MEMORIAL PARK - Outdoor Parking Lot (  2)
3463,34057,502,Playground,None,Playground Site,None,FAIRBANK MEMORIAL PARK - Playground
3464,74524,502,Greenhouse,None,Greenhouse,None,FAIRBANK MEMORIAL PARK - Greenhouse
3465,29769,503,Kitchen,room,Kitchen - B,B,ARMOUR HEIGHTS COMMUNITY CENTRE - Kitchen
3466,41263,503,Gymnasium,gym,Gymnasium - B,B,ARMOUR HEIGHTS COMMUNITY CENTRE - Gymnasium
3467,47928,503,Multipurpose Room,room,Room - C,C,ARMOUR HEIGHTS COMMUNITY CENTRE - Multipurpose Room (  1)
3468,48114,503,Fitness/Dance Studio,None,Room - C,C,ARMOUR HEIGHTS COMMUNITY CENTRE - Fitness/Dance Studio
3469,48116,503,Multipurpose Room,room,Room - C,C,ARMOUR HEIGHTS COMMUNITY CENTRE - Multipurpose Room (  2)
3470,48117,503,Multipurpose Room,room,Room - C,C,ARMOUR HEIGHTS COMMUNITY CENTRE - Multipurpose Room (  3)
3471,2616,504,Drinking Fountain,None,Drinking Fountain Count,None,SMYTHE PARK - Drinking Water Source (  1)
3472,5085,504,Outdoor Pool,pool,Outdoor Pool Tank,None,SMYTHE PARK - Outdoor Pool Tank (  1)
3473,5086,504,Outdoor Pool,pool,Outdoor Pool Tank,None,SMYTHE PARK - Outdoor Pool Tank (  2)
3474,5088,504,Splash Pad,None,Splash/Spray Pad,None,SMYTHE PARK - Splash/Spray Pad
3475,6105,504,Washroom Facility,None,Washroom Building,None,SMYTHE PARK OUTDOOR POOL BUILDING
3476,18182,504,Ball Diamond,sport,Baseball Diamond Field - C,C,SMYTHE PARK - Ball Diamond Field (  1)
3477,18183,504,Ball Diamond,sport,Baseball Diamond Field - C,C,SMYTHE PARK - Ball Diamond Field (  2)
3478,18184,504,Ball Diamond,sport,Baseball Diamond Field - C,C,SMYTHE PARK - Ball Diamond Field (  3)
3479,21986,504,Bike Trail,None,Bike Trail,None,BLACK CREEK TRAIL ( 57)
3480,21987,504,Bike Trail,None,Bike Trail,None,BLACK CREEK TRAIL ( 58)
3481,21990,504,Bike Trail,None,Bike Trail,None,BLACK CREEK TRAIL ( 60)
3482,21991,504,Bike Trail,None,Bike Trail,None,BLACK CREEK TRAIL ( 61)
3483,21992,504,Bike Trail,None,Bike Trail,None,BLACK CREEK TRAIL ( 62)
3484,32459,504,Parking Lot,None,Outdoor Parking Lot,None,SMYTHE PARK - Outdoor Parking Lot (  1)
3485,32460,504,Parking Lot,None,Outdoor Parking Lot,None,SMYTHE PARK - Outdoor Parking Lot (  2)
3486,33846,504,Playground,None,Playground Site,None,SMYTHE PARK - Playground
3487,40540,504,Bike Trail,None,Bike Trail,None,SMYTHE PARK TRAIL (  8)
3488,40541,504,Bike Trail,None,Bike Trail,None,SMYTHE PARK TRAIL (  9)
3489,40542,504,Bike Trail,None,Bike Trail,None,SMYTHE PARK TRAIL ( 10)
3490,40543,504,Bike Trail,None,Bike Trail,None,SMYTHE PARK TRAIL ( 11)
3491,40545,504,Bike Trail,None,Bike Trail,None,SMYTHE PARK TRAIL ( 13)
3492,40546,504,Bike Trail,None,Bike Trail,None,SMYTHE PARK TRAIL ( 14)
3493,40550,504,Bike Trail,None,Bike Trail,None,SMYTHE PARK TRAIL ( 18)
3494,40551,504,Bike Trail,None,Bike Trail,None,SMYTHE PARK TRAIL ( 19)
3495,49643,504,Picnic Site,picnic,Picnic Site,None,SMYTHE PARK - Picnic Site
3496,57393,504,Pond,None,Open Water,None,SMYTHE PARK - Open Water (  1)
3497,57394,504,Pond,None,Open Water,None,SMYTHE PARK - Open Water (  2)
3498,57395,504,Pond,None,Open Water,None,SMYTHE PARK - Open Water (  3)
3499,57396,504,Pond,None,Open Water,None,SMYTHE PARK - Open Water (  4)
3500,967625,504,Gazebo,None,Gazebo,None,SMYTHE PARK - Shade Structure
3501,2487,505,Drinking Fountain,None,Drinking Fountain Count,None,MICHAEL MOSTYN BALMORAL PARK - Drinking Water Source
3502,3536,505,Pickleball Court,None,None,None,MICHAEL MOSTYN BALMORAL PARK - Tennis Court Area
3503,3536,505,Pickleball Court,None,None,None,MICHAEL MOSTYN BALMORAL PARK - Tennis Court Area
3504,3536,505,Pickleball Court,None,None,None,MICHAEL MOSTYN BALMORAL PARK - Tennis Court Area
3505,3537,505,Outdoor Tennis Court,None,Outdoor Tennis Court,None,MICHAEL MOSTYN BALMORAL PARK - Outdoor Tennis Court (  1)
3506,3538,505,Outdoor Tennis Court,None,Outdoor Tennis Court,None,MICHAEL MOSTYN BALMORAL PARK - Outdoor Tennis Court (  2)
3507,3539,505,Outdoor Tennis Court,None,Outdoor Tennis Court,None,MICHAEL MOSTYN BALMORAL PARK - Outdoor Tennis Court (  3)
3508,4850,505,Splash Pad,None,Splash/Spray Pad,None,MICHAEL MOSTYN BALMORAL PARK - Splash/Spray Pad
3509,5965,505,Gazebo,None,Gazebo,None,MICHAEL MOSTYN BALMORAL PARK - Shade Structure
3510,33970,505,Playground,None,Playground Site,None,MICHAEL MOSTYN BALMORAL PARK - Playground
3511,989779,505,Outdoor Fitness Equipment,None,Outdoor Fitness Equipment,None,MICHAEL MOSTYN BALMORAL PARK - Outdoor Fitness Equipment Area - Outdoor Fitness Equipment (  1)
3512,989780,505,Outdoor Fitness Equipment,None,Outdoor Fitness Equipment,None,MICHAEL MOSTYN BALMORAL PARK - Outdoor Fitness Equipment Area - Outdoor Fitness Equipment (  2)
3513,989781,505,Outdoor Fitness Equipment,None,Outdoor Fitness Equipment,None,MICHAEL MOSTYN BALMORAL PARK - Outdoor Fitness Equipment Area - Outdoor Fitness Equipment (  3)
3514,989782,505,Outdoor Fitness Equipment,None,Outdoor Fitness Equipment,None,MICHAEL MOSTYN BALMORAL PARK - Outdoor Fitness Equipment Area - Outdoor Fitness Equipment (  4)
3515,989783,505,Outdoor Fitness Equipment,None,Outdoor Fitness Equipment,None,MICHAEL MOSTYN BALMORAL PARK - Outdoor Fitness Equipment Area - Outdoor Fitness Equipment (  5)
3516,4043,506,Outdoor Pool,pool,Outdoor Pool Tank,None,McGREGOR PARK COMMUNITY CENTRE - Outdoor Pool Tank
3517,17370,506,Indoor Rink,ice,Indoor Ice Pad - B,B,McGREGOR PARK COMMUNITY CENTRE - Indoor Ice Pad (  1)
3518,17370,506,Indoor Dry Pad,ice,Indoor Dry Pad - B,B,McGREGOR PARK COMMUNITY CENTRE - Indoor Ice Pad (  1)
3519,29874,506,Kitchen,room,Kitchen - B,B,McGREGOR PARK COMMUNITY CENTRE - Kitchen (  1)
3520,29875,506,Kitchen,room,Kitchen,None,McGREGOR PARK COMMUNITY CENTRE - Kitchen (  2)
3521,44347,506,Indoor Rink,ice,Indoor Ice Pad - C,C,McGREGOR PARK COMMUNITY CENTRE - Indoor Ice Pad (  2)
3522,44347,506,Indoor Dry Pad,ice,Indoor Dry Pad - C,C,McGREGOR PARK COMMUNITY CENTRE - Indoor Ice Pad (  2)
3523,48378,506,Meeting Room,None,None,None,McGREGOR PARK COMMUNITY CENTRE - Meeting Room
3524,48379,506,Multipurpose Room,room,Room - C,C,McGREGOR PARK COMMUNITY CENTRE - Multipurpose Room (  1)
3525,48380,506,Multipurpose Room,room,Room - B,B,McGREGOR PARK COMMUNITY CENTRE - Multipurpose Room (  2)
3526,10456,507,Indoor Pool,pool,Indoor Pool Tank - Premier,P,BIRCHMOUNT COMMUNITY CENTRE - Indoor Pool Tank
3527,29776,507,Kitchen,room,Kitchen - C,C,BIRCHMOUNT COMMUNITY CENTRE - Kitchen
3528,48133,507,Gallery,room,Gallery/Hall  - B,B,BIRCHMOUNT COMMUNITY CENTRE - Gallery/Hall
3529,48134,507,Multipurpose Room,room,Room - C,C,BIRCHMOUNT COMMUNITY CENTRE - Multipurpose Room (  1)
3530,48135,507,Multipurpose Room,room,Room - C,C,BIRCHMOUNT COMMUNITY CENTRE - Multipurpose Room (  2)
3531,48136,507,Multipurpose Room,room,Room - C,C,BIRCHMOUNT COMMUNITY CENTRE - Multipurpose Room (  3)
3532,48137,507,Multipurpose Room,room,Room - C,C,BIRCHMOUNT COMMUNITY CENTRE - Multipurpose Room (  4)
3533,48138,507,Multipurpose Room,room,Room - C,C,BIRCHMOUNT COMMUNITY CENTRE - Multipurpose Room (  5)
3534,73082,507,Gymnasium,gym,Gymnasium - A,A,BIRCHMOUNT COMMUNITY CENTRE - Gymnasium
3535,994034,507,Sauna,None,Sauna,None,BIRCHMOUNT COMMUNITY CENTRE - Sauna
3536,2955,508,Outdoor Basketball Court,None,Basketball Court,None,WESTON LIONS PARK - Basketball Court
3537,2957,508,Outdoor Tennis Court,None,Outdoor Tennis Court,None,WESTON LIONS PARK - Outdoor Tennis Court (  1)
3538,2958,508,Outdoor Tennis Court,None,Outdoor Tennis Court,None,WESTON LIONS PARK - Outdoor Tennis Court (  2)
3539,2959,508,Outdoor Tennis Court,None,Outdoor Tennis Court,None,WESTON LIONS PARK - Outdoor Tennis Court (  3)
3540,2960,508,Outdoor Tennis Court,None,Outdoor Tennis Court,None,WESTON LIONS PARK - Outdoor Tennis Court (  4)
3541,4134,508,Outdoor Pool,pool,Outdoor Pool Tank,None,WESTON LIONS PARK - Outdoor Pool Tank (  1)
3542,4135,508,Outdoor Pool,pool,Outdoor Pool Tank,None,WESTON LIONS PARK - Outdoor Pool Tank (  2)
3543,4137,508,Skateboard Area,None,Skateboard Area,None,WESTON LIONS PARK - Skateboard Area
3544,4138,508,Splash Pad,None,Splash/Spray Pad,None,WESTON LIONS PARK - Splash/Spray Pad
3545,5470,508,Washroom Facility,None,Washroom Building,None,WESTON LIONS PARK OUTDOOR POOL BUILDING
3546,17981,508,Sport Field,sport,Soccer Field - Premier,P,WESTON LIONS PARK - Soccer Field
3547,18110,508,Ball Diamond,sport,Baseball Diamond Field - B,B,WESTON LIONS PARK - Ball Diamond Field (  1)
3548,18111,508,Ball Diamond,sport,Baseball Diamond Field - C,C,WESTON LIONS PARK - Ball Diamond Field (  2)
3549,22933,508,Bike Trail,None,Bike Trail,None,HUMBER RIVER RECREATIONAL TRAIL (70)
3550,22934,508,Bike Trail,None,Bike Trail,None,HUMBER RIVER RECREATIONAL TRAIL (73)
3551,22935,508,Bike Trail,None,Bike Trail,None,HUMBER RIVER RECREATIONAL TRAIL (78)
3552,22936,508,Bike Trail,None,Bike Trail,None,HUMBER RIVER RECREATIONAL TRAIL (79)
3553,22938,508,Bike Trail,None,Bike Trail,None,HUMBER RIVER RECREATIONAL TRAIL (65)
3554,22939,508,Bike Trail,None,Bike Trail,None,HUMBER RIVER RECREATIONAL TRAIL (62)
3555,22940,508,Bike Trail,None,Bike Trail,None,HUMBER RIVER RECREATIONAL TRAIL (34)
3556,32502,508,Parking Lot,None,Outdoor Parking Lot,None,WESTON LIONS PARK - Outdoor Parking Lot (  1)
3557,32503,508,Parking Lot,None,Outdoor Parking Lot,None,WESTON LIONS PARK - Outdoor Parking Lot (  2)
3558,34133,508,Playground,None,Playground Site,None,WESTON LIONS PARK - Playground
3559,102260,508,Drinking Fountain,None,Drinking Fountain Count,None,WESTON LIONS PARK - Drinking Water Source
3560,10489,509,Indoor Pool,pool,Indoor Pool Tank - A,A,JOSEPH J. PICCININNI COMMUNITY RECREATION CENTRE - Indoor Pool Tank
3561,29858,509,Kitchen,room,Kitchen,None,JOSEPH J. PICCININNI COMMUNITY RECREATION CENTRE - Kitchen (  1)
3562,29859,509,Kitchen,room,Kitchen - B,B,JOSEPH J. PICCININNI COMMUNITY RECREATION CENTRE - Kitchen (  2)
3563,30349,509,Dressing Room,None,Change Room,None,JOSEPH J. PICCININNI COMMUNITY RECREATION CENTRE - Dressing Room (  1)
3564,30350,509,Dressing Room,None,Change Room,None,JOSEPH J. PICCININNI COMMUNITY RECREATION CENTRE - Dressing Room (  2)
3565,30351,509,Dressing Room,None,Change Room,None,JOSEPH J. PICCININNI COMMUNITY RECREATION CENTRE - Dressing Room (  3)
3566,30352,509,Dressing Room,None,Change Room,None,JOSEPH J. PICCININNI COMMUNITY RECREATION CENTRE - Dressing Room (  4)
3567,40850,509,Weight/Cardio Room,None,Room-Fitness/Weight,None,JOSEPH J. PICCININNI COMMUNITY RECREATION CENTRE - Weight/Cardio Room
3568,41383,509,Gymnasium,gym,Gymnasium - B,B,JOSEPH J. PICCININNI COMMUNITY RECREATION CENTRE - Gymnasium
3569,48013,509,Multipurpose Room,room,Room - C,C,JOSEPH J. PICCININNI COMMUNITY RECREATION CENTRE - Multipurpose Room (  2)
3570,48014,509,Multipurpose Room,room,Room - B,B,JOSEPH J. PICCININNI COMMUNITY RECREATION CENTRE - Multipurpose Room (  3)
3571,48015,509,Fitness/Dance Studio,None,Room - C,C,JOSEPH J. PICCININNI COMMUNITY RECREATION CENTRE - Fitness/Dance Studio
3572,48324,509,Multipurpose Room,room,Room - B,B,JOSEPH J. PICCININNI COMMUNITY RECREATION CENTRE - Multipurpose Room (  4)
3573,48325,509,Multipurpose Room,room,Room - C,C,JOSEPH J. PICCININNI COMMUNITY RECREATION CENTRE - Multipurpose Room (  5)
3574,48327,509,Multipurpose Room,room,Room - B,B,JOSEPH J. PICCININNI COMMUNITY RECREATION CENTRE - Multipurpose Room (6)
3575,48328,509,Multipurpose Room,room,Room - C,C,JOSEPH J. PICCININNI COMMUNITY RECREATION CENTRE - Multipurpose Room (  1)
3576,48329,509,Preschool,room,Preschool - B,B,JOSEPH J. PICCININNI COMMUNITY RECREATION CENTRE - Preschool
3577,1002155,509,Gymnasium,gym,Gymnasium - A,A,JOSEPH J. PICCININNI COMMUNITY RECREATION CENTRE - Gymnasium - Indoor Playfield
3578,10501,510,Indoor Pool,pool,Indoor Pool Tank - C,C,RUNNYMEDE COLLEGIATE INSTITUTE - Indoor Pool Tank
3579,29770,511,Kitchen,room,Kitchen - B,B,BANBURY COMMUNITY CENTRE - Kitchen
3580,46942,511,Multipurpose Room,room,Room - B,B,BANBURY COMMUNITY CENTRE - Multipurpose Room (  1)
3581,46943,511,Multipurpose Room,room,Room - B,B,BANBURY COMMUNITY CENTRE - Multipurpose Room (  2)
3582,47929,511,Lounge,room,Room - C,C,BANBURY COMMUNITY CENTRE - Lounge
3583,17326,512,Indoor Rink,ice,Indoor Ice Pad - A,A,BAYCREST ARENA - Indoor Ice Pad
3584,48123,512,Multipurpose Room,room,Room - C,C,BAYCREST ARENA - Multipurpose Room
3585,2480,513,Drinking Fountain,None,Drinking Fountain Count,None,BAYCREST PARK - Drinking Water Source
3586,3525,513,Ball Hockey Pad,None,Ball Hockey Pad,None,BAYCREST PARK - Ball Hockey
3587,3526,513,Pickleball Court,None,None,None,BAYCREST PARK - Tennis Court Area
3588,3526,513,Pickleball Court,None,None,None,BAYCREST PARK - Tennis Court Area
3589,3527,513,Outdoor Tennis Court,None,Outdoor Tennis Court,None,BAYCREST PARK - Outdoor Tennis Court (  1)
3590,3528,513,Outdoor Tennis Court,None,Outdoor Tennis Court,None,BAYCREST PARK - Outdoor Tennis Court (  2)
3591,17676,513,Ball Diamond,sport,Baseball Diamond Field - C,C,BAYCREST PARK - Ball Diamond Field
3592,17677,513,Multipurpose Field,None,Multipurpose Field - C,C,BAYCREST PARK - Multipurpose Field
3593,32213,513,Parking Lot,None,Outdoor Parking Lot,None,BAYCREST PARK - Outdoor Parking Lot
3594,33976,513,Playground,None,Playground Site,None,BAYCREST PARK - Playground
3595,2347,514,Dog Fountain,None,Dog Fountain Count,None,EARLSCOURT PARK - Drinking Water Source (  1)
3596,2773,514,Community Garden,None,Community Garden,None,EARLSCOURT PARK COMMUNITY GARDEN
3597,2821,514,Dogs Off-Leash Area,None,Off Leash Area,None,EARLSCOURT PARK - Off Leash Area
3598,3335,514,Outdoor Basketball Court,None,Basketball Court,None,EARLSCOURT PARK - Basketball Court (  1)
3599,3336,514,Outdoor Tennis Court,None,Outdoor Tennis Court,None,GIOVANNI CABOTO - Outdoor Tennis Court
3600,3337,514,Outdoor Volleyball Court,None,Outdoor Volleyball Court,None,EARLSCOURT PARK - Volleyball Court
3601,4546,514,Outdoor Pool,pool,Outdoor Pool Tank,None,GIOVANNI CABOTO - Outdoor Pool Tank
3602,5783,514,Gazebo,None,Gazebo,None,EARLSCOURT PARK - Shade Structure (  1)
3603,13499,514,Washroom Facility,None,Washroom Building,None,"GIOVANNI CABOTO RINK, POOL AND TENNIS COURTS BUILDING"
3604,14275,514,Pickleball Court,None,None,None,GIOVANNI CABOTO - Outdoor Artificial Ice Rink
3605,14275,514,Pickleball Court,None,None,None,GIOVANNI CABOTO - Outdoor Artificial Ice Rink
3606,14275,514,Pickleball Court,None,None,None,GIOVANNI CABOTO - Outdoor Artificial Ice Rink
3607,14275,514,Pickleball Court,None,None,None,GIOVANNI CABOTO - Outdoor Artificial Ice Rink
3608,14275,514,Pickleball Court,None,None,None,GIOVANNI CABOTO - Outdoor Artificial Ice Rink
3609,14276,514,Outdoor Tennis Court,None,Outdoor Tennis Court,None,GIOVANNI CABOTO - Outdoor Ice Pad (  1)
3610,14276,514,Outdoor Rink,ice,Outdoor Ice Pad,None,GIOVANNI CABOTO - Outdoor Ice Pad (  1)
3611,17746,514,Ball Diamond,sport,Baseball Diamond Field - C,C,EARLSCOURT PARK - Ball Diamond Field
3612,17747,514,Multipurpose Field,None,Multipurpose Field - A,A,EARLSCOURT PARK - Multipurpose Field
3613,17748,514,Sport Field,sport,Soccer Field - Premier,P,EARLSCOURT PARK - Soccer Field
3614,17749,514,Outdoor track,None,Outdoor Track - Premier,P,EARLSCOURT PARK - Outdoor Track
3615,29387,514,Fieldhouse,None,Fieldhouse,None,EARLSCOURT PARK - Fieldhouse
3616,29810,514,Kitchen,room,Kitchen - A,A,EARLSCOURT PARK REFRESHMENT BOOTH - Kitchen
3617,32281,514,Parking Lot,None,Outdoor Parking Lot,None,EARLSCOURT PARK - Outdoor Parking Lot (  1)
3618,34022,514,Playground,None,Playground Site,None,EARLSCOURT PARK - Playground
3619,43583,514,Outdoor Rink,ice,Outdoor Ice Pad,None,GIOVANNI CABOTO - Outdoor Ice Pad (  2)
3620,43703,514,Outdoor Basketball Court,None,Basketball Court,None,EARLSCOURT PARK - Basketball Court (  2)
3621,48206,514,Dressing Room,None,Change Room,None,EARLSCOURT PARK - Dressing Room
3622,58922,514,Picnic Site,picnic,Picnic Site,None,EARLSCOURT PARK - Picnic Site
3623,75796,514,Outdoor Fitness Equipment,None,Outdoor Fitness Equipment,None,EARLSCOURT PARK - Outdoor Fitness Equipment Area - Outdoor Fitness Equipment (  1)
3624,75797,514,Outdoor Fitness Equipment,None,Outdoor Fitness Equipment,None,EARLSCOURT PARK - Outdoor Fitness Equipment Area - Outdoor Fitness Equipment (  2)
3625,75798,514,Outdoor Fitness Equipment,None,Outdoor Fitness Equipment,None,EARLSCOURT PARK - Outdoor Fitness Equipment Area - Outdoor Fitness Equipment (  3)
3626,75799,514,Outdoor Fitness Equipment,None,Outdoor Fitness Equipment,None,EARLSCOURT PARK - Outdoor Fitness Equipment Area - Outdoor Fitness Equipment (  4)
3627,75800,514,Outdoor Fitness Equipment,None,Outdoor Fitness Equipment,None,EARLSCOURT PARK - Outdoor Fitness Equipment Area - Outdoor Fitness Equipment (  5)
3628,75801,514,Outdoor Fitness Equipment,None,Outdoor Fitness Equipment,None,EARLSCOURT PARK - Outdoor Fitness Equipment Area - Outdoor Fitness Equipment (  6)
3629,75802,514,Outdoor Fitness Equipment,None,Outdoor Fitness Equipment,None,EARLSCOURT PARK - Outdoor Fitness Equipment Area - Outdoor Fitness Equipment (  7)
3630,96264,514,Splash Pad,None,Splash/Spray Pad,None,EARLSCOURT PARK - Splash/Spray Pad
3631,102194,514,Drinking Fountain,None,Drinking Fountain Count,None,EARLSCOURT PARK - Drinking Water Source (  4)
3632,102195,514,Drinking Fountain,None,Drinking Fountain Count,None,EARLSCOURT PARK - Drinking Water Source (  5)
3633,116980,514,Bottle Filling Station,None,Water Bottle Filling Count,None,EARLSCOURT PARK - Drinking Water Source
3634,849966,514,Parking Lot,None,Outdoor Parking Lot,None,EARLSCOURT PARK - Outdoor Parking Lot (  2)
3635,17327,515,Indoor Rink,ice,Indoor Ice Pad - A,A,BAYVIEW ARENA - Indoor Ice Pad
3636,29772,515,Kitchen,room,Kitchen,None,BAYVIEW ARENA - Kitchen
3637,48124,515,Auditorium,gym,Auditorium - B,B,BAYVIEW ARENA - Auditorium
3638,3521,517,Pickleball Court,None,None,None,BAYVIEW VILLAGE PARK - Tennis Court Area
3639,3522,517,Outdoor Tennis Court,None,Outdoor Tennis Court,None,BAYVIEW VILLAGE PARK - Outdoor Tennis Court (  1)
3640,3523,517,Outdoor Tennis Court,None,Outdoor Tennis Court,None,BAYVIEW VILLAGE PARK - Outdoor Tennis Court (  2)
3641,3524,517,Outdoor Tennis Court,None,Outdoor Tennis Court,None,BAYVIEW VILLAGE PARK - Outdoor Tennis Court (  3)
3642,4840,517,Splash Pad,None,Splash/Spray Pad,None,BAYVIEW VILLAGE PARK - Splash/Spray Pad
3643,13243,517,Drinking Fountain,None,Drinking Fountain Count,None,BAYVIEW VILLAGE PARK - Drinking Water Source
3644,17678,517,Ball Diamond,sport,Baseball Diamond Field - C,C,BAYVIEW VILLAGE PARK - Ball Diamond Field
3645,22291,517,Bike Trail,None,Bike Trail,None,EAST DON RIVER TRAIL (  1)
3646,33978,517,Playground,None,Playground Site,None,BAYVIEW VILLAGE PARK - Playground
3647,45262,517,Parking Lot,None,Outdoor Parking Lot,None,BAYVIEW VILLAGE PARK - Outdoor Parking Lot
3648,58227,517,Outdoor Table Tennis,None,Outdoor Table Tennis,None,BAYVIEW VILLAGE PARK - Outdoor Table Tennis (  1)
3649,58228,517,Outdoor Table Tennis,None,Outdoor Table Tennis,None,BAYVIEW VILLAGE PARK - Outdoor Table Tennis (  2)
3650,77514,517,Outdoor Chess Table,None,Outdoor Chess Table,None,BAYVIEW VILLAGE PARK - Outdoor Chess Table (  1)
3651,77515,517,Outdoor Chess Table,None,Outdoor Chess Table,None,BAYVIEW VILLAGE PARK - Outdoor Chess Table (  2)
3652,3512,518,Outdoor Tennis Court,None,Outdoor Tennis Court,None,BELLBURY PARK - Outdoor Tennis Court (  1)
3653,3513,518,Outdoor Tennis Court,None,Outdoor Tennis Court,None,BELLBURY PARK - Outdoor Tennis Court (  2)
3654,3514,518,Outdoor Tennis Court,None,Outdoor Tennis Court,None,BELLBURY PARK - Outdoor Tennis Court (  3)
3655,3515,518,Outdoor Tennis Court,None,Outdoor Tennis Court,None,BELLBURY PARK - Outdoor Tennis Court (  4)
3656,3516,518,Outdoor Tennis Court,None,Outdoor Tennis Court,None,BELLBURY PARK - Outdoor Tennis Court (  5)
3657,17502,518,Outdoor Basketball Court,None,Basketball Court,None,BELLBURY PARK - Basketball Court
3658,18663,518,Drinking Fountain,None,Drinking Fountain Count,None,BELLBURY PARK - Drinking Water Source
3659,22302,518,Bike Trail,None,Bike Trail,None,EAST DON RIVER TRAIL (  2)
3660,22313,518,Bike Trail,None,Bike Trail,None,EAST DON RIVER TRAIL (  3)
3661,29280,518,Clubhouse,None,Clubhouse,None,BELLBURY PARK TENNIS CLUB
3662,29280,518,Washroom Facility,None,Washroom Building,None,BELLBURY PARK TENNIS CLUB
3663,32215,518,Parking Lot,None,Outdoor Parking Lot,None,BELLBURY PARK - Outdoor Parking Lot
3664,33768,518,Playground,None,Playground Site,None,BELLBURY PARK - Playground
3665,66622,518,Outdoor Fitness Equipment,None,Outdoor Fitness Equipment,None,BELLBURY PARK - Outdoor Fitness Equipment Area - Outdoor Fitness Equipment (  1)
3666,66642,518,Outdoor Fitness Equipment,None,Outdoor Fitness Equipment,None,BELLBURY PARK - Outdoor Fitness Equipment Area - Outdoor Fitness Equipment (  2)
3667,66643,518,Outdoor Fitness Equipment,None,Outdoor Fitness Equipment,None,BELLBURY PARK - Outdoor Fitness Equipment Area - Outdoor Fitness Equipment (  3)
3668,66644,518,Outdoor Fitness Equipment,None,Outdoor Fitness Equipment,None,BELLBURY PARK - Outdoor Fitness Equipment Area - Outdoor Fitness Equipment (  4)
3669,66645,518,Outdoor Fitness Equipment,None,Outdoor Fitness Equipment,None,BELLBURY PARK - Outdoor Fitness Equipment Area - Outdoor Fitness Equipment (  5)
3670,66646,518,Outdoor Fitness Equipment,None,Outdoor Fitness Equipment,None,BELLBURY PARK - Outdoor Fitness Equipment Area - Outdoor Fitness Equipment (  6)
3671,66662,518,Splash Pad,None,Splash/Spray Pad,None,BELLBURY PARK - Splash/Spray Pad
3672,77094,518,Outdoor Table Tennis,None,Outdoor Table Tennis,None,BELLBURY PARK - Outdoor Table Tennis
3673,3503,521,Pickleball Court,None,None,None,BESTVIEW PARK - Tennis Court Area
3674,3503,521,Pickleball Court,None,None,None,BESTVIEW PARK - Tennis Court Area
3675,3503,521,Pickleball Court,None,None,None,BESTVIEW PARK - Tennis Court Area
3676,3504,521,Outdoor Tennis Court,None,Outdoor Tennis Court,None,BESTVIEW PARK - Outdoor Tennis Court (  1)
3677,3505,521,Outdoor Tennis Court,None,Outdoor Tennis Court,None,BESTVIEW PARK - Outdoor Tennis Court (  2)
3678,3506,521,Outdoor Tennis Court,None,Outdoor Tennis Court,None,BESTVIEW PARK - Outdoor Tennis Court (  3)
3679,13244,521,Drinking Fountain,None,Drinking Fountain Count,None,BESTVIEW PARK - Drinking Water Source
3680,17682,521,Ball Diamond,sport,Baseball Diamond Field - C,C,BESTVIEW PARK - Ball Diamond Field
3681,22324,521,Bike Trail,None,Bike Trail,None,EAST DON RIVER TRAIL (  4)
3682,22335,521,Bike Trail,None,Bike Trail,None,EAST DON RIVER TRAIL (  5)
3683,34342,521,Playground,None,Playground Site,None,BESTVIEW PARK - Playground
3684,17664,522,Multipurpose Field,None,Multipurpose Field - B,B,ADAMS PARK - Multipurpose Field
3685,17996,522,Ball Diamond,sport,Baseball Diamond Field - A,A,ADAMS PARK - Ball Diamond Field (  1)
3686,17997,522,Ball Diamond,sport,Baseball Diamond Field - A,A,ADAMS PARK - Ball Diamond Field (  2)
3687,27922,522,Picnic Site,picnic,Picnic Site,None,ADAMS PARK - Picnic Site 1 (A)
3688,29265,522,Fieldhouse,None,Fieldhouse,None,ADAMS PARK MAINTENANCE FIELDHOUSE
3689,29265,522,Washroom Facility,None,Washroom Building,None,ADAMS PARK MAINTENANCE FIELDHOUSE
3690,29266,522,Fieldhouse,None,Fieldhouse,None,ADAMS PARK BASEBALL FIELDHOUSE
3691,32202,522,Parking Lot,None,Outdoor Parking Lot,None,ADAMS PARK - Outdoor Parking Lot (  1)
3692,33928,522,Playground,None,Playground Site,None,ADAMS PARK - Playground
3693,36222,522,Picnic Shelter,picnic,Shelter,None,ADAMS PARK - Picnic Site 4 (D) - Shade Structure
3694,36538,522,Picnic Site,picnic,Picnic Site,None,ADAMS PARK - Picnic Site 2 (B)
3695,36539,522,Picnic Site,picnic,Picnic Site,None,ADAMS PARK - Picnic Site 3 (C)
3696,36540,522,Picnic Site,picnic,Picnic Site,None,ADAMS PARK - Picnic Site 4 (D)
3697,49783,522,Splash Pad,None,Splash/Spray Pad,None,ADAMS PARK - Splash/Spray Pad
3698,57622,522,Picnic Shelter,picnic,Shelter,None,ADAMS PARK - Picnic Site 1 (A) - Shade Structure
3699,57623,522,Picnic Shelter,picnic,Shelter,None,ADAMS PARK - Shade Structure
3700,102237,522,Drinking Fountain,None,Drinking Fountain Count,None,ADAMS PARK - Drinking Water Source (  1)
3701,103365,522,Bottle Filling Station,None,Water Bottle Filling Count,None,ADAMS PARK - Drinking Water Source (  2)
3702,850000,522,Parking Lot,None,Outdoor Parking Lot,None,ADAMS PARK - Outdoor Parking Lot (  2)
3703,10447,523,Indoor Pool,pool,Indoor Pool Tank - Premier,P,AGINCOURT LEISURE POOL
3704,17360,523,Indoor Dry Pad,ice,Indoor Dry Pad - B,B,AGINCOURT COMMUNITY RECREATION CENTRE - Indoor Ice Pad (  1)
3705,17360,523,Indoor Rink,ice,Indoor Ice Pad - B,B,AGINCOURT COMMUNITY RECREATION CENTRE - Indoor Ice Pad (  1)
3706,29759,523,Kitchen,room,Kitchen - A,A,AGINCOURT COMMUNITY RECREATION CENTRE - Kitchen
3707,44346,523,Indoor Rink,ice,Indoor Ice Pad - B,B,AGINCOURT COMMUNITY RECREATION CENTRE - Indoor Ice Pad (  2)
3708,44346,523,Indoor Dry Pad,ice,Indoor Dry Pad - B,B,AGINCOURT COMMUNITY RECREATION CENTRE - Indoor Ice Pad (  2)
3709,46902,523,Snoezelen Room,None,Room,None,AGINCOURT COMMUNITY RECREATION CENTRE - Snoezelen Room
3710,47914,523,Craft Room,room,Room-Craft - C,C,AGINCOURT COMMUNITY RECREATION CENTRE - Craft Room (  1)
3711,47915,523,Craft Room,room,Room-Craft - C,C,AGINCOURT COMMUNITY RECREATION CENTRE - Craft Room (  2)
3712,47916,523,Multipurpose Room,room,Room - A,A,AGINCOURT COMMUNITY RECREATION CENTRE - Multipurpose Room (  1)
3713,48090,523,Multipurpose Room,room,Room - C,C,AGINCOURT COMMUNITY RECREATION CENTRE - Multipurpose Room (  2)
3714,48091,523,Preschool,room,Preschool - C,C,AGINCOURT COMMUNITY RECREATION CENTRE - Preschool
3715,994032,523,Sauna,None,Sauna,None,AGINCOURT COMMUNITY RECREATION CENTRE - Sauna
3716,17998,526,Sport Field,sport,Soccer Field - C,C,ALEXMUIR PARK - Soccer Field (  1)
3717,17999,526,Sport Field,sport,Soccer Field - C,C,ALEXMUIR PARK - Soccer Field (  2)
3718,33951,526,Playground,None,Playground Site,None,ALEXMUIR PARK - Playground
3719,18000,527,Ball Diamond,sport,Baseball Diamond Field - C,C,ANSON PARK - Ball Diamond Field (  1)
3720,18001,527,Ball Diamond,sport,Baseball Diamond Field - C,C,ANSON PARK - Ball Diamond Field (  2)
3721,17673,528,Ball Diamond,sport,Baseball Diamond Field - C,C,ARSANDCO PARK - Ball Diamond Field
3722,17674,529,Sport Field,sport,Soccer Field - C,C,AUDRELANE PARK - Soccer Field
3723,22370,529,Bike Trail,None,Bike Trail,None,EAST HIGHLAND CREEK TRAIL (  1)
3724,22381,529,Bike Trail,None,Bike Trail,None,EAST HIGHLAND CREEK TRAIL (  2)
3725,22392,529,Bike Trail,None,Bike Trail,None,EAST HIGHLAND CREEK TRAIL (  3)
3726,22403,529,Bike Trail,None,Bike Trail,None,EAST HIGHLAND CREEK TRAIL (  4)
3727,33967,529,Playground,None,Playground Site,None,AUDRELANE PARK - Playground
3728,132488,529,Outdoor Fitness Equipment,None,Outdoor Fitness Equipment,None,AUDRELANE PARK - Outdoor Fitness Equipment (  1)
3729,132489,529,Outdoor Fitness Equipment,None,Outdoor Fitness Equipment,None,AUDRELANE PARK - Outdoor Fitness Equipment (  2)
3730,102203,530,Drinking Fountain,None,Drinking Fountain Count,None,ROSEDALE RAVINE LANDS - Drinking Water Source
3731,3325,532,Outdoor Basketball Court,None,Basketball Court,None,EDGELEY PARK - Basketball Court
3732,21969,532,Bike Trail,None,Bike Trail,None,BLACK CREEK TRAIL ( 41)
3733,32289,532,Parking Lot,None,Outdoor Parking Lot,None,EDGELEY PARK - Outdoor Parking Lot
3734,34038,532,Playground,None,Playground Site,None,EDGELEY PARK - Playground
3735,132752,532,Outdoor Table Tennis,None,Outdoor Table Tennis,None,EDGELEY PARK - Outdoor Table Tennis
3736,13450,534,Fieldhouse,None,Fieldhouse,None,CRESTHAVEN PARK TENNIS FACILITY
3737,29775,535,Kitchen,room,Kitchen,None,BERNER TRAIL COMMUNITY CENTRE - Kitchen
3738,47930,535,Craft Room,room,Room-Craft - C,C,BERNER TRAIL COMMUNITY CENTRE - Craft Room
3739,48132,535,Gallery,room,Gallery/Hall  - B,B,BERNER TRAIL COMMUNITY CENTRE - Gallery/Hall
3740,2465,536,Drinking Fountain,None,Drinking Fountain Count,None,BLUEHAVEN PARK - Drinking Water Source
3741,18014,536,Sport Field,sport,Soccer Field - C,C,BLUEHAVEN PARK - Soccer Field (  1)
3742,18015,536,Sport Field,sport,Soccer Field - C,C,BLUEHAVEN PARK - Soccer Field (  2)
3743,18248,536,Sport Field,sport,Soccer Field - C,C,BLUEHAVEN PARK - Soccer Field (  3)
3744,18249,536,Sport Field,sport,Soccer Field - C,C,BLUEHAVEN PARK - Soccer Field (  4)
3745,18250,536,Sport Field,sport,Soccer Field - C,C,BLUEHAVEN PARK - Soccer Field (  5)
3746,34354,536,Playground,None,Playground Site,None,BLUEHAVEN PARK - Playground
3747,49503,536,Parking Lot,None,Outdoor Parking Lot,None,BLUEHAVEN PARK - Outdoor Parking Lot
3748,967551,536,Outdoor Fitness Equipment,None,Outdoor Fitness Equipment,None,BLUEHAVEN PARK - Outdoor Fitness Equipment Area - Outdoor Fitness Equipment (  1)
3749,967552,536,Outdoor Fitness Equipment,None,Outdoor Fitness Equipment,None,BLUEHAVEN PARK - Outdoor Fitness Equipment Area - Outdoor Fitness Equipment (  2)
3750,967553,536,Outdoor Fitness Equipment,None,Outdoor Fitness Equipment,None,BLUEHAVEN PARK - Outdoor Fitness Equipment Area - Outdoor Fitness Equipment (  3)
3751,967554,536,Outdoor Fitness Equipment,None,Outdoor Fitness Equipment,None,BLUEHAVEN PARK - Outdoor Fitness Equipment Area - Outdoor Fitness Equipment (  4)
3752,10461,537,Indoor Pool,pool,Indoor Pool Tank - A,A,CENTENNIAL RECREATION CENTRE - SCARBOROUGH - Indoor Pool Tank
3753,17363,537,Indoor Rink,ice,Indoor Ice Pad - A,A,CENTENNIAL RECREATION CENTRE - SCARBOROUGH - Indoor Ice Pad (  1)
3754,17363,537,Indoor Dry Pad,ice,Indoor Dry Pad - A,A,CENTENNIAL RECREATION CENTRE - SCARBOROUGH - Indoor Ice Pad (  1)
3755,29785,537,Kitchen,room,Kitchen - C,C,CENTENNIAL RECREATION CENTRE - SCARBOROUGH - Kitchen (  2)
3756,29786,537,Kitchen,room,Kitchen - A,A,CENTENNIAL RECREATION CENTRE - SCARBOROUGH - Kitchen (  1)
3757,40829,537,Weight/Cardio Room,None,Room-Fitness/Weight,None,CENTENNIAL RECREATION CENTRE - SCARBOROUGH - Weight Room
3758,44345,537,Indoor Rink,ice,Indoor Ice Pad - A,A,CENTENNIAL RECREATION CENTRE - SCARBOROUGH - Indoor Ice Pad (  2)
3759,47949,537,Meeting Room,None,None,None,CENTENNIAL RECREATION CENTRE - SCARBOROUGH - Meeting Room
3760,47950,537,Multipurpose Room,room,Room - C,C,CENTENNIAL RECREATION CENTRE - SCARBOROUGH - Multipurpose Room (  1)
3761,47952,537,Preschool,room,Preschool - C,C,CENTENNIAL RECREATION CENTRE - SCARBOROUGH - Preschool
3762,48164,537,Auditorium,gym,Auditorium - A,A,CENTENNIAL RECREATION CENTRE - SCARBOROUGH - Auditorium
3763,48165,537,Lounge,room,Room - C,C,CENTENNIAL RECREATION CENTRE - SCARBOROUGH - Lounge (  1)
3764,48166,537,Lounge,room,Room - C,C,CENTENNIAL RECREATION CENTRE - SCARBOROUGH - Lounge (  2)
3765,48167,537,Multipurpose Room,room,Room - C,C,CENTENNIAL RECREATION CENTRE - SCARBOROUGH - Multipurpose Room (  2)
3766,994035,537,Sauna,None,Sauna,None,CENTENNIAL RECREATION CENTRE - SCARBOROUGH - Sauna
3767,4820,538,Splash Pad,None,Splash/Spray Pad,None,BERNER TRAIL PARK - Splash/Spray Pad
3768,21912,538,Bike Trail,None,Bike Trail,None,BERNER TRAIL PARK TRAIL (  2)
3769,21913,538,Bike Trail,None,Bike Trail,None,BERNER TRAIL PARK TRAIL (  3)
3770,21915,538,Bike Trail,None,Bike Trail,None,BERNER TRAIL PARK TRAIL (  5)
3771,21916,538,Bike Trail,None,Bike Trail,None,BERNER TRAIL PARK TRAIL (  6)
3772,21917,538,Bike Trail,None,Bike Trail,None,BERNER TRAIL PARK TRAIL (  7)
3773,21919,538,Bike Trail,None,Bike Trail,None,BERNER TRAIL PARK TRAIL (  9)
3774,32577,538,Parking Lot,None,Outdoor Parking Lot,None,BERNER TRAIL PARK - Outdoor Parking Lot
3775,33882,538,Playground,None,Playground Site,None,BERNER TRAIL PARK - Playground
3776,3437,540,Outdoor Tennis Court,None,Outdoor Tennis Court,None,CHARLOTTETOWN PARK - Outdoor Tennis Court (  1)
3777,3438,540,Outdoor Tennis Court,None,Outdoor Tennis Court,None,CHARLOTTETOWN PARK - Outdoor Tennis Court (  2)
3778,3439,540,Outdoor Tennis Court,None,Outdoor Tennis Court,None,CHARLOTTETOWN PARK - Outdoor Tennis Court (  3)
3779,17707,540,Ball Diamond,sport,Baseball Diamond Field - C,C,CHARLOTTETOWN PARK - Ball Diamond Field
3780,17708,540,Sport Field,sport,Soccer Field - C,C,CHARLOTTETOWN PARK - Soccer Field (  1)
3781,34398,540,Playground,None,Playground Site,None,CHARLOTTETOWN PARK - Playground
3782,46963,540,Sport Field,sport,Soccer Field - C,C,CHARLOTTETOWN PARK - Soccer Field (  2)
3783,102099,540,Bottle Filling Station,None,Water Bottle Filling Count,None,CHARLOTTETOWN PARK - Drinking Water Source
3784,17683,541,Ball Diamond,sport,Baseball Diamond Field - C,C,BEVERLY GLEN PARK - Ball Diamond Field
3785,18006,541,Sport Field,sport,Soccer Field - C,C,BEVERLY GLEN PARK - Soccer Field (  1)
3786,18007,541,Sport Field,sport,Soccer Field - C,C,BEVERLY GLEN PARK - Soccer Field (  2)
3787,34344,541,Playground,None,Playground Site,None,BEVERLY GLEN PARK - Playground
3788,10491,542,Indoor Pool,pool,Indoor Pool Tank - B,B,LEASIDE GARDENS SWIMMING POOL - Indoor Pool Tank
3789,2561,543,Drinking Fountain,None,Drinking Fountain Count,None,THOMSON MEMORIAL PARK - Drinking Water Source (  1)
3790,2841,543,Dogs Off-Leash Area,None,Off Leash Area,None,THOMSON MEMORIAL PARK - Off Leash Area
3791,3647,543,Outdoor Tennis Court,None,Outdoor Tennis Court,None,THOMSON MEMORIAL PARK - Outdoor Tennis Court (  1)
3792,3648,543,Outdoor Tennis Court,None,Outdoor Tennis Court,None,THOMSON MEMORIAL PARK - Outdoor Tennis Court (  2)
3793,3649,543,Outdoor Tennis Court,None,Outdoor Tennis Court,None,THOMSON MEMORIAL PARK - Outdoor Tennis Court (  3)
3794,4991,543,Picnic Site,picnic,Picnic Site,None,THOMSON MEMORIAL PARK - Picnic Site (  1)
3795,4992,543,Picnic Site,picnic,Picnic Site,None,THOMSON MEMORIAL PARK - Picnic Site (  2)
3796,4993,543,Picnic Site,picnic,Picnic Site,None,THOMSON MEMORIAL PARK - Picnic Site (  3)
3797,4994,543,Picnic Site,picnic,Picnic Site,None,THOMSON MEMORIAL PARK - Picnic Site (  4)
3798,17955,543,Ball Diamond,sport,Baseball Diamond Field - Premier,P,THOMSON MEMORIAL PARK - Ball Diamond Field
3799,17956,543,Sport Field,sport,Soccer Field - Premier,P,THOMSON MEMORIAL PARK - Soccer Field
3800,22659,543,Bike Trail,None,Bike Trail,None,GATINEAU HYDRO CORRIDOR TRAIL ( 10)
3801,22660,543,Bike Trail,None,Bike Trail,None,GATINEAU HYDRO CORRIDOR TRAIL ( 11)
3802,22713,543,Bike Trail,None,Bike Trail,None,GATINEAU HYDRO CORRIDOR TRAIL (  6)
3803,22724,543,Bike Trail,None,Bike Trail,None,GATINEAU HYDRO CORRIDOR TRAIL (  7)
3804,22743,543,Bike Trail,None,Bike Trail,None,GATINEAU HYDRO CORRIDOR TRAIL (  9)
3805,24167,543,Bike Trail,None,Bike Trail,None,WEST HIGHLAND CREEK TRAIL (118)
3806,24168,543,Bike Trail,None,Bike Trail,None,WEST HIGHLAND CREEK TRAIL (119)
3807,24170,543,Bike Trail,None,Bike Trail,None,WEST HIGHLAND CREEK TRAIL (120)
3808,24172,543,Bike Trail,None,Bike Trail,None,WEST HIGHLAND CREEK TRAIL (122)
3809,24175,543,Bike Trail,None,Bike Trail,None,WEST HIGHLAND CREEK TRAIL (125)
3810,24176,543,Bike Trail,None,Bike Trail,None,WEST HIGHLAND CREEK TRAIL (126)
3811,24178,543,Bike Trail,None,Bike Trail,None,WEST HIGHLAND CREEK TRAIL (128)
3812,24179,543,Bike Trail,None,Bike Trail,None,WEST HIGHLAND CREEK TRAIL (129)
3813,24181,543,Bike Trail,None,Bike Trail,None,WEST HIGHLAND CREEK TRAIL (130)
3814,24182,543,Bike Trail,None,Bike Trail,None,WEST HIGHLAND CREEK TRAIL (131)
3815,24183,543,Bike Trail,None,Bike Trail,None,WEST HIGHLAND CREEK TRAIL (132)
3816,24184,543,Bike Trail,None,Bike Trail,None,WEST HIGHLAND CREEK TRAIL (133)
3817,24188,543,Bike Trail,None,Bike Trail,None,WEST HIGHLAND CREEK TRAIL (137)
3818,29205,543,Firepit,None,Firepit,None,THOMSON MEMORIAL PARK - Firepit
3819,29660,543,Washroom Facility,None,Washroom Building,None,THOMSON MEMORIAL PARK - Washroom Building (  1)
3820,29661,543,Washroom Facility,None,Washroom Building,None,THOMSON MEMORIAL PARK - Washroom Building (  2)
3821,32483,543,Parking Lot,None,Outdoor Parking Lot,None,THOMSON MEMORIAL PARK - Outdoor Parking Lot (  1)
3822,32484,543,Parking Lot,None,Outdoor Parking Lot,None,THOMSON MEMORIAL PARK - Outdoor Parking Lot (  2)
3823,32485,543,Parking Lot,None,Outdoor Parking Lot,None,THOMSON MEMORIAL PARK - Outdoor Parking Lot (  3)
3824,34282,543,Playground,None,Playground Site,None,THOMSON MEMORIAL PARK - Playground E
3825,40563,543,Bike Trail,None,Bike Trail,None,THOMSON MEMORIAL PARK TRAIL (  2)
3826,40577,543,Bike Trail,None,Bike Trail,None,THOMSON MEMORIAL PARK TRAIL ( 16)
3827,40579,543,Bike Trail,None,Bike Trail,None,THOMSON MEMORIAL PARK TRAIL ( 18)
3828,40580,543,Bike Trail,None,Bike Trail,None,THOMSON MEMORIAL PARK TRAIL ( 19)
3829,40583,543,Bike Trail,None,Bike Trail,None,THOMSON MEMORIAL PARK TRAIL ( 22)
3830,40586,543,Bike Trail,None,Bike Trail,None,THOMSON MEMORIAL PARK TRAIL ( 25)
3831,40588,543,Bike Trail,None,Bike Trail,None,THOMSON MEMORIAL PARK TRAIL ( 27)
3832,40589,543,Bike Trail,None,Bike Trail,None,THOMSON MEMORIAL PARK TRAIL ( 28)
3833,40590,543,Bike Trail,None,Bike Trail,None,THOMSON MEMORIAL PARK TRAIL ( 29)
3834,40592,543,Bike Trail,None,Bike Trail,None,THOMSON MEMORIAL PARK TRAIL ( 31)
3835,40593,543,Bike Trail,None,Bike Trail,None,THOMSON MEMORIAL PARK TRAIL ( 32)
3836,40594,543,Bike Trail,None,Bike Trail,None,THOMSON MEMORIAL PARK TRAIL ( 33)
3837,40595,543,Bike Trail,None,Bike Trail,None,THOMSON MEMORIAL PARK TRAIL ( 34)
3838,40596,543,Bike Trail,None,Bike Trail,None,THOMSON MEMORIAL PARK TRAIL ( 35)
3839,40597,543,Bike Trail,None,Bike Trail,None,THOMSON MEMORIAL PARK TRAIL ( 36)
3840,40598,543,Bike Trail,None,Bike Trail,None,THOMSON MEMORIAL PARK TRAIL ( 37)
3841,40599,543,Bike Trail,None,Bike Trail,None,THOMSON MEMORIAL PARK TRAIL ( 38)
3842,40601,543,Bike Trail,None,Bike Trail,None,THOMSON MEMORIAL PARK TRAIL ( 40)
3843,40602,543,Bike Trail,None,Bike Trail,None,THOMSON MEMORIAL PARK TRAIL ( 41)
3844,40603,543,Bike Trail,None,Bike Trail,None,THOMSON MEMORIAL PARK TRAIL ( 42)
3845,41113,543,Bottle Filling Station,None,Water Bottle Filling Count,None,THOMSON MEMORIAL PARK - Drinking Water Source (  3)
3846,42668,543,Playground,None,Playground Site,None,THOMSON MEMORIAL PARK - Playground W
3847,49536,543,Parking Lot,None,Outdoor Parking Lot,None,THOMSON MEMORIAL PARK - Outdoor Parking Lot (  4)
3848,49537,543,Parking Lot,None,Outdoor Parking Lot,None,THOMSON MEMORIAL PARK - Outdoor Parking Lot (  5)
3849,49538,543,Parking Lot,None,Outdoor Parking Lot,None,THOMSON MEMORIAL PARK - Outdoor Parking Lot (  6)
3850,49863,543,Picnic Shelter,picnic,Shelter,None,THOMSON MEMORIAL PARK - Shade Structure (  1)
3851,49864,543,Picnic Shelter,picnic,Shelter,None,THOMSON MEMORIAL PARK - Shade Structure (  2)
3852,49865,543,Picnic Shelter,picnic,Shelter,None,THOMSON MEMORIAL PARK - Shade Structure (  3)
3853,49866,543,Picnic Shelter,picnic,Shelter,None,THOMSON MEMORIAL PARK - Shade Structure (  4)
3854,57401,543,Pond,None,Open Water,None,THOMSON MEMORIAL PARK - Open Water (  1)
3855,57402,543,Pond,None,Open Water,None,THOMSON MEMORIAL PARK - Open Water (  2)
3856,57403,543,Pond,None,Open Water,None,THOMSON MEMORIAL PARK - Open Water (  3)
3857,57865,543,Community Garden,None,Community Garden,None,BRIMLEY ACRES COMMUNITY GARDEN
3858,58862,543,Splash Pad,None,Splash/Spray Pad,None,THOMSON MEMORIAL PARK - Splash/Spray Pad
3859,72626,543,Picnic Shelter,picnic,Shelter,None,THOMSON MEMORIAL PARK - Shade Structure (  5)
3860,78517,543,Gazebo,None,Gazebo,None,THOMSON MEMORIAL PARK - Shade Structure (  6)
3861,78518,543,Gazebo,None,Gazebo,None,THOMSON MEMORIAL PARK - Shade Structure (  7)
3862,78756,543,Bottle Filling Station,None,Water Bottle Filling Count,None,THOMSON MEMORIAL PARK - Drinking Water Source (  4)
3863,78757,543,Bottle Filling Station,None,Water Bottle Filling Count,None,THOMSON MEMORIAL PARK - Drinking Water Source (  5)
3864,79065,543,Outdoor Fitness Equipment,None,Outdoor Fitness Equipment,None,THOMSON MEMORIAL PARK - Outdoor Fitness Equipment Area - Outdoor Fitness Equipment (  1)
3865,79066,543,Outdoor Fitness Equipment,None,Outdoor Fitness Equipment,None,THOMSON MEMORIAL PARK - Outdoor Fitness Equipment Area - Outdoor Fitness Equipment (  2)
3866,79067,543,Outdoor Fitness Equipment,None,Outdoor Fitness Equipment,None,THOMSON MEMORIAL PARK - Outdoor Fitness Equipment Area - Outdoor Fitness Equipment (  3)
3867,79068,543,Outdoor Fitness Equipment,None,Outdoor Fitness Equipment,None,THOMSON MEMORIAL PARK - Outdoor Fitness Equipment Area - Outdoor Fitness Equipment (  4)
3868,79069,543,Outdoor Fitness Equipment,None,Outdoor Fitness Equipment,None,THOMSON MEMORIAL PARK - Outdoor Fitness Equipment Area - Outdoor Fitness Equipment (  5)
3869,79070,543,Outdoor Fitness Equipment,None,Outdoor Fitness Equipment,None,THOMSON MEMORIAL PARK - Outdoor Fitness Equipment Area - Outdoor Fitness Equipment (  6)
3870,79071,543,Outdoor Fitness Equipment,None,Outdoor Fitness Equipment,None,THOMSON MEMORIAL PARK - Outdoor Fitness Equipment Area - Outdoor Fitness Equipment (  7)
3871,79072,543,Outdoor Fitness Equipment,None,Outdoor Fitness Equipment,None,THOMSON MEMORIAL PARK - Outdoor Fitness Equipment Area - Outdoor Fitness Equipment (  8)
3872,79185,543,Dog Fountain,None,Dog Fountain Count,None,THOMSON MEMORIAL PARK - Drinking Water Source (  6)
3873,79185,543,Drinking Fountain,None,Drinking Fountain Count,None,THOMSON MEMORIAL PARK - Drinking Water Source (  6)
3874,101915,543,Outdoor Fitness Equipment,None,Outdoor Fitness Equipment,None,THOMSON MEMORIAL PARK - Outdoor Fitness Equipment Area - Outdoor Fitness Equipment (  9)
3875,101917,543,Outdoor Fitness Equipment,None,Outdoor Fitness Equipment,None,THOMSON MEMORIAL PARK - Outdoor Fitness Equipment Area - Outdoor Fitness Equipment ( 10)
3876,102155,543,Bottle Filling Station,None,Water Bottle Filling Count,None,THOMSON MEMORIAL PARK - Drinking Water Source (  7)
3877,102272,543,Dog Fountain,None,Dog Fountain Count,None,THOMSON MEMORIAL PARK - Drinking Water Source (  8)
3878,102272,543,Drinking Fountain,None,Drinking Fountain Count,None,THOMSON MEMORIAL PARK - Drinking Water Source (  8)
3879,102273,543,Dog Fountain,None,Dog Fountain Count,None,THOMSON MEMORIAL PARK - Drinking Water Source (  9)
3880,102273,543,Drinking Fountain,None,Drinking Fountain Count,None,THOMSON MEMORIAL PARK - Drinking Water Source (  9)
3881,121944,543,Picnic Site,picnic,Picnic Site,None,THOMSON MEMORIAL PARK - Picnic Site (  5)
3882,850071,543,Parking Lot,None,Outdoor Parking Lot,None,THOMSON MEMORIAL PARK - Outdoor Parking Lot (  7)
3883,850075,543,Parking Lot,None,Outdoor Parking Lot,None,THOMSON MEMORIAL PARK - Outdoor Parking Lot (  8)
3884,967685,543,Picnic Shelter,picnic,Shelter,None,THOMSON MEMORIAL PARK - Shade Structure (  8)
3885,967686,543,Picnic Shelter,picnic,Shelter,None,THOMSON MEMORIAL PARK - Shade Structure (  9)
3886,967687,543,Picnic Shelter,picnic,Shelter,None,THOMSON MEMORIAL PARK - Shade Structure ( 10)
3887,967688,543,Picnic Shelter,picnic,Shelter,None,THOMSON MEMORIAL PARK - Shade Structure ( 11)
3888,970507,543,Picnic Site,picnic,Picnic Site,None,THOMSON MEMORIAL PARK - Picnic Site (  6)
3889,18188,544,Sport Field,sport,Soccer Field - C,C,TIMBERBANK PARK - Soccer Field (  1)
3890,18189,544,Sport Field,sport,Soccer Field - C,C,TIMBERBANK PARK - Soccer Field (  2)
3891,18190,544,Sport Field,sport,Soccer Field - C,C,TIMBERBANK PARK - Soccer Field (  3)
3892,24192,544,Bike Trail,None,Bike Trail,None,WEST HIGHLAND CREEK TRAIL (140)
3893,24193,544,Bike Trail,None,Bike Trail,None,WEST HIGHLAND CREEK TRAIL (141)
3894,24194,544,Bike Trail,None,Bike Trail,None,WEST HIGHLAND CREEK TRAIL (142)
3895,24195,544,Bike Trail,None,Bike Trail,None,WEST HIGHLAND CREEK TRAIL (143)
3896,34285,544,Playground,None,Playground Site,None,TIMBERBANK PARK - Playground
3897,33995,545,Playground,None,Playground Site,None,DEMPSEY PARK - Playground
3898,4934,547,Splash Pad,None,Splash/Spray Pad,None,TOTTS TOT LOT - Splash/Spray Pad
3899,17961,547,Ball Diamond,sport,Baseball Diamond Field - C,C,TOTTS TOT LOT - Ball Diamond Field
3900,34291,547,Playground,None,Playground Site,None,TOTTS TOT LOT - Playground
3901,17331,548,Indoor Dry Pad,ice,Indoor Dry Pad - A,A,DON MILLS CIVITAN ARENA - Indoor Ice Pad
3902,17331,548,Indoor Rink,ice,Indoor Ice Pad - A,A,DON MILLS CIVITAN ARENA - Indoor Ice Pad
3903,17963,549,Ball Diamond,sport,Baseball Diamond Field - C,C,TREVERTON PARK - Ball Diamond Field
3904,34296,549,Playground,None,Playground Site,None,TREVERTON PARK - Playground
3905,3494,550,Pickleball Court,None,None,None,BIRCHMOUNT PARK - Tennis Court Area
3906,3495,550,Outdoor Tennis Court,None,Outdoor Tennis Court,None,BIRCHMOUNT PARK - Outdoor Tennis Court (  1)
3907,3496,550,Outdoor Tennis Court,None,Outdoor Tennis Court,None,BIRCHMOUNT PARK - Outdoor Tennis Court (  2)
3908,18010,550,Ball Diamond,sport,Baseball Diamond Field - C,C,BIRCHMOUNT PARK - Ball Diamond Field (  1)
3909,18011,550,Ball Diamond,sport,Baseball Diamond Field - A,A,BIRCHMOUNT PARK - Ball Diamond Field (  2)
3910,18012,550,Multipurpose Field,None,Multipurpose Field - A,A,BIRCHMOUNT PARK - Multipurpose Field
3911,32217,550,Parking Lot,None,Outdoor Parking Lot,None,BIRCHMOUNT PARK - Outdoor Parking Lot (  1)
3912,32218,550,Parking Lot,None,Outdoor Parking Lot,None,BIRCHMOUNT PARK - Outdoor Parking Lot (  2)
3913,34348,550,Playground,None,Playground Site,None,BIRCHMOUNT PARK - Playground
3914,41222,550,Bottle Filling Station,None,Water Bottle Filling Count,None,BIRCHMOUNT PARK - Drinking Water Source
3915,96247,550,Outdoor Fitness Equipment,None,Outdoor Fitness Equipment,None,BIRCHMOUNT PARK - Outdoor Fitness Equipment Area - Outdoor Fitness Equipment (  1)
3916,96248,550,Outdoor Fitness Equipment,None,Outdoor Fitness Equipment,None,BIRCHMOUNT PARK - Outdoor Fitness Equipment Area - Outdoor Fitness Equipment (  2)
3917,96249,550,Outdoor Fitness Equipment,None,Outdoor Fitness Equipment,None,BIRCHMOUNT PARK - Outdoor Fitness Equipment Area - Outdoor Fitness Equipment (  3)
3918,96250,550,Outdoor Fitness Equipment,None,Outdoor Fitness Equipment,None,BIRCHMOUNT PARK - Outdoor Fitness Equipment Area - Outdoor Fitness Equipment (  4)
3919,96251,550,Outdoor Fitness Equipment,None,Outdoor Fitness Equipment,None,BIRCHMOUNT PARK - Outdoor Fitness Equipment Area - Outdoor Fitness Equipment (  5)
3920,96252,550,Outdoor Fitness Equipment,None,Outdoor Fitness Equipment,None,BIRCHMOUNT PARK - Outdoor Fitness Equipment Area - Outdoor Fitness Equipment (  6)
3921,96253,550,Gazebo,None,Gazebo,None,BIRCHMOUNT PARK - Shade Structure (  1)
3922,48902,553,Indoor Dry Pad,ice,Indoor Dry Pad,None,CLAIRLEA RECREATION CENTRE - Indoor Dry Pad
3923,17754,554,Sport Field,sport,Soccer Field - C,C,ELM PARK - ETOBICOKE - Soccer Field
3924,32296,554,Parking Lot,None,Outdoor Parking Lot,None,ELM PARK - ETOBICOKE - Outdoor Parking Lot
3925,34047,554,Playground,None,Playground Site,None,ELM PARK - ETOBICOKE - Playground
3926,67402,554,Splash Pad,None,Splash/Spray Pad,None,ELM PARK - ETOBICOKE - Splash/Spray Pad
3927,67582,554,Picnic Shelter,picnic,Shelter,None,ELM PARK - ETOBICOKE - Shade Structure
3928,17714,555,Ball Diamond,sport,Baseball Diamond Field - C,C,CHURCHILL HEIGHTS PARK - Ball Diamond Field
3929,34408,555,Playground,None,Playground Site,None,CHURCHILL HEIGHTS PARK - Playground
3930,17967,556,Ball Diamond,sport,Baseball Diamond Field - C,C,VRADENBURG PARK - Ball Diamond Field
3931,34309,556,Playground,None,Playground Site,None,VRADENBURG PARK - Playground
3932,66882,556,Splash Pad,None,Splash/Spray Pad,None,VRADENBURG PARK - Splash/Spray Pad
3933,77098,556,Picnic Shelter,picnic,Shelter,None,VRADENBURG PARK - Shade Structure
3934,2466,557,Bottle Filling Station,None,Water Bottle Filling Count,None,BLANTYRE PARK - Drinking Water Source
3935,4799,557,Horseshoe Pit,None,Horseshoe Pit,None,BLANTYRE PARK - Horseshoe Pit
3936,4800,557,Outdoor Pool,pool,Outdoor Pool Tank,None,BLANTYRE PARK - Outdoor Pool Tank
3937,5932,557,Change Room Facility,None,Changeroom Building,None,BLANTYRE PARK OUTDOOR POOL BUILDING
3938,5932,557,Washroom Facility,None,Washroom Building,None,BLANTYRE PARK OUTDOOR POOL BUILDING
3939,17687,557,Ball Diamond,sport,Baseball Diamond Field - B,B,BLANTYRE PARK - Ball Diamond Field
3940,27947,557,Picnic Site,picnic,Picnic Site,None,BLANTYRE PARK - Picnic Site
3941,29298,557,Washroom Facility,None,Washroom Building,None,BLANTYRE PARK FIELDHOUSE
3942,29298,557,Fieldhouse,None,Fieldhouse,None,BLANTYRE PARK FIELDHOUSE
3943,32219,557,Parking Lot,None,Outdoor Parking Lot,None,BLANTYRE PARK - Outdoor Parking Lot
3944,34352,557,Playground,None,Playground Site,None,BLANTYRE PARK - Playground
3945,17364,558,Indoor Rink,ice,Indoor Ice Pad - A,A,COMMANDER RECREATION CENTRE - Indoor Ice Pad (  1)
3946,29790,558,Kitchen,room,Kitchen - B,B,COMMANDER RECREATION CENTRE - Kitchen
3947,44344,558,Indoor Rink,ice,Indoor Ice Pad - A,A,COMMANDER RECREATION CENTRE - Indoor Ice Pad (  2)
3948,48178,558,Gallery,room,Gallery/Hall  - A,A,COMMANDER RECREATION CENTRE - Gallery/Hall
3949,48179,558,Meeting Room,None,None,None,COMMANDER RECREATION CENTRE - Meeting Room
3950,2321,559,Drinking Fountain,None,Drinking Fountain Count,None,FENNIMORE PARK - Drinking Water Source
3951,4470,559,Splash Pad,None,Splash/Spray Pad,None,FENNIMORE PARK - Splash/Spray Pad
3952,17763,559,Ball Diamond,sport,Baseball Diamond Field - C,C,FENNIMORE PARK - Ball Diamond Field
3953,34065,559,Playground,None,Playground Site,None,FENNIMORE PARK - Playground
3954,2833,560,Dogs Off-Leash Area,None,Off Leash Area,None,BOTANY HILL PARK - Off Leash Area
3955,3984,560,Outdoor Tennis Court,None,Outdoor Tennis Court,None,BOTANY HILL PARK - Outdoor Tennis Court (  1)
3956,3985,560,Outdoor Tennis Court,None,Outdoor Tennis Court,None,BOTANY HILL PARK - Outdoor Tennis Court (  2)
3957,3986,560,Outdoor Tennis Court,None,Outdoor Tennis Court,None,BOTANY HILL PARK - Outdoor Tennis Court (  3)
3958,3987,560,Outdoor Tennis Court,None,Outdoor Tennis Court,None,BOTANY HILL PARK - Outdoor Tennis Court (  4)
3959,18696,560,Drinking Fountain,None,Drinking Fountain Count,None,BOTANY HILL PARK - Drinking Water Source
3960,32225,560,Parking Lot,None,Outdoor Parking Lot,None,BOTANY HILL PARK - Outdoor Parking Lot
3961,34203,560,Playground,None,Playground Site,None,BOTANY HILL PARK - Playground
3962,42742,560,Children's Garden,None,Children's Garden,None,CURRAN HALL COMMUNITY CENTRE - Children's Garden
3963,72702,560,Gazebo,None,Gazebo,None,BOTANY HILL PARK - Shade Structure
3964,18104,561,Sport Field,sport,Soccer Field - B,B,WANITA PARK - Soccer Field (  1)
3965,18105,561,Sport Field,sport,Soccer Field - B,B,WANITA PARK - Soccer Field (  2)
3966,34314,561,Playground,None,Playground Site,None,WANITA PARK - Playground
3967,49543,561,Parking Lot,None,Outdoor Parking Lot,None,WANITA PARK - Outdoor Parking Lot
3968,36530,563,Sport Field,sport,Soccer Field - C,C,WARDEN HYDRO - Soccer Field (  1)
3969,36531,563,Sport Field,sport,Soccer Field - C,C,WARDEN HYDRO - Soccer Field (  2)
3970,36532,563,Sport Field,sport,Soccer Field - C,C,WARDEN HYDRO - Soccer Field (  3)
3971,36533,563,Sport Field,sport,Soccer Field - C,C,WARDEN HYDRO - Soccer Field (  4)
3972,3396,565,Outdoor Basketball Court,None,Basketball Court,None,CORNELL PARK - Basketball Court
3973,3397,565,Outdoor Volleyball Court,None,Outdoor Volleyball Court,None,CORNELL PARK - Volleyball Court
3974,34428,565,Playground,None,Playground Site,None,CORNELL PARK - Playground
3975,58182,565,Ball Hockey Pad,None,Ball Hockey Pad,None,CORNELL PARK - Ball Hockey
3976,13599,566,Washroom Facility,None,Washroom Building,None,SCOTT WESTNEY YOUTH RESOURCE CENTRE
3977,10472,567,Indoor Pool,pool,Indoor Pool Tank - Premier,P,DOUGLAS SNOW AQUATIC CENTRE - Indoor Pool Tank
3978,30169,567,Dressing Room,None,Change Room,None,DOUGLAS SNOW AQUATIC CENTRE - Dressing Room - Female
3979,47968,567,Multipurpose Room,room,Room - C,C,DOUGLAS SNOW AQUATIC CENTRE - Multipurpose Room
3980,994031,567,Sauna,None,Sauna,None,DOUGLAS SNOW AQUATIC CENTRE - Sauna
3981,17332,568,Indoor Rink,ice,Indoor Ice Pad - A,A,DOWNSVIEW ARENA - Indoor Ice Pad
3982,17332,568,Indoor Dry Pad,ice,Indoor Dry Pad - A,A,DOWNSVIEW ARENA - Indoor Ice Pad
3983,29804,568,Kitchen,room,Kitchen,None,DOWNSVIEW ARENA - Kitchen
3984,47969,568,Multipurpose Room,room,Room - C,C,DOWNSVIEW ARENA - Multipurpose Room (  1)
3985,48196,568,Multipurpose Room,room,Room - B,B,DOWNSVIEW ARENA - Multipurpose Room (  2)
3986,48197,568,Multipurpose Room,room,Room - C,C,DOWNSVIEW ARENA - Multipurpose Room (  3)
3987,32262,569,Parking Lot,None,Outdoor Parking Lot,None,DOWNSVIEW PARK AND LAWN BOWLING GREENS - Outdoor Parking Lot
3988,33789,570,Playground,None,Playground Site,None,LUSTED PARK - Playground
3989,2729,571,Drinking Fountain,None,Drinking Fountain Count,None,WEXFORD PARK - Drinking Water Source
3990,18112,571,Ball Diamond,sport,Baseball Diamond Field - C,C,WEXFORD PARK - Ball Diamond Field (  1)
3991,18113,571,Ball Diamond,sport,Baseball Diamond Field - C,C,WEXFORD PARK - Ball Diamond Field (  2)
3992,29740,571,Fieldhouse,None,Fieldhouse,None,WEXFORD PARK - Fieldhouse
3993,29740,571,Washroom Facility,None,Washroom Building,None,WEXFORD PARK - Fieldhouse
3994,32505,571,Parking Lot,None,Outdoor Parking Lot,None,WEXFORD PARK - Outdoor Parking Lot
3995,34137,571,Playground,None,Playground Site,None,WEXFORD PARK - Playground
3996,49576,571,Picnic Site,picnic,Picnic Site,None,WEXFORD PARK - Picnic Site
3997,2318,572,Drinking Fountain,None,Drinking Fountain Count,None,FIRGROVE PARK - Drinking Water Source
3998,3257,572,Outdoor Bocce Court,None,Outdoor Bocce Court,None,FIRGROVE PARK - Outdoor Bocce Court (  1)
3999,3258,572,Outdoor Bocce Court,None,Outdoor Bocce Court,None,FIRGROVE PARK - Outdoor Bocce Court (  2)
4000,3259,572,Pickleball Court,None,None,None,FIRGROVE PARK - Tennis Court Area
4001,3259,572,Pickleball Court,None,None,None,FIRGROVE PARK - Tennis Court Area
4002,3260,572,Outdoor Tennis Court,None,Outdoor Tennis Court,None,FIRGROVE PARK - Outdoor Tennis Court (  1)
4003,3261,572,Outdoor Tennis Court,None,Outdoor Tennis Court,None,FIRGROVE PARK - Outdoor Tennis Court (  2)
4004,3262,572,Outdoor Tennis Court,None,Outdoor Tennis Court,None,FIRGROVE PARK - Outdoor Tennis Court (  3)
4005,17765,572,Sport Field,sport,Soccer Field - B,B,FIRGROVE PARK - Soccer Field
4006,34068,572,Playground,None,Playground Site,None,FIRGROVE PARK - Playground
4007,984829,572,Outdoor Basketball Court,None,Basketball Court,None,FIRGROVE PARK - Basketball Court (  1)
4008,984830,572,Outdoor Basketball Court,None,Basketball Court,None,FIRGROVE PARK - Basketball Court (  2)
4009,984831,572,Outdoor Basketball Court,None,Basketball Court,None,FIRGROVE PARK - Basketball Court (  3)
4010,5336,573,Splash Pad,None,Splash/Spray Pad,None,WHITE HAVEN PARK - Splash/Spray Pad
4011,17984,573,Multipurpose Field,None,Multipurpose Field - C,C,WHITE HAVEN PARK - Multipurpose Field
4012,18114,573,Sport Field,sport,Soccer Field - C,C,WHITE HAVEN PARK - Soccer Field (  1)
4013,18115,573,Sport Field,sport,Soccer Field - C,C,WHITE HAVEN PARK - Soccer Field (  2)
4014,34138,573,Playground,None,Playground Site,None,WHITE HAVEN PARK - Playground E
4015,42661,573,Playground,None,Playground Site,None,WHITE HAVEN PARK - Playground W
4016,103209,573,Bottle Filling Station,None,Water Bottle Filling Count,None,WHITE HAVEN PARK - Drinking Water Source
4017,17985,574,Ball Diamond,sport,Baseball Diamond Field - C,C,GARY HOLMES SOFTBALL DIAMOND
4018,18228,574,Sport Field,sport,Soccer Field - C,C,WICKSON TRAIL PARK - Soccer Field (  1)
4019,18229,574,Sport Field,sport,Soccer Field - C,C,WICKSON TRAIL PARK - Soccer Field (  2)
4020,18230,574,Sport Field,sport,Soccer Field - C,C,WICKSON TRAIL PARK - Soccer Field (  3)
4021,18231,574,Sport Field,sport,Soccer Field - C,C,WICKSON TRAIL PARK - Soccer Field (  4)
4022,24375,574,Bike Trail,None,Bike Trail,None,WICKSON TRAIL PARK TRAIL (  1)
4023,24376,574,Bike Trail,None,Bike Trail,None,WICKSON TRAIL PARK TRAIL ( 10)
4024,24377,574,Bike Trail,None,Bike Trail,None,WICKSON TRAIL PARK TRAIL ( 11)
4025,24378,574,Bike Trail,None,Bike Trail,None,WICKSON TRAIL PARK TRAIL ( 12)
4026,24379,574,Bike Trail,None,Bike Trail,None,WICKSON TRAIL PARK TRAIL (  2)
4027,24380,574,Bike Trail,None,Bike Trail,None,WICKSON TRAIL PARK TRAIL (  3)
4028,24381,574,Bike Trail,None,Bike Trail,None,WICKSON TRAIL PARK TRAIL (  4)
4029,24382,574,Bike Trail,None,Bike Trail,None,WICKSON TRAIL PARK TRAIL (  5)
4030,24383,574,Bike Trail,None,Bike Trail,None,WICKSON TRAIL PARK TRAIL (  6)
4031,24384,574,Bike Trail,None,Bike Trail,None,WICKSON TRAIL PARK TRAIL (  7)
4032,24385,574,Bike Trail,None,Bike Trail,None,WICKSON TRAIL PARK TRAIL (  8)
4033,24386,574,Bike Trail,None,Bike Trail,None,WICKSON TRAIL PARK TRAIL (  9)
4034,34141,574,Playground,None,Playground Site,None,WICKSON TRAIL PARK - Playground
4035,4525,575,Outdoor Pool,pool,Outdoor Pool Tank,None,DRIFTWOOD COMMUNITY RECREATION CENTRE - Outdoor Pool Tank
4036,29805,575,Kitchen,room,Kitchen - B,B,DRIFTWOOD COMMUNITY RECREATION CENTRE - Kitchen
4037,30185,575,Dressing Room,None,Change Room,None,DRIFTWOOD COMMUNITY RECREATION CENTRE - Dressing Room - Female
4038,30187,575,Dressing Room,None,Change Room,None,DRIFTWOOD COMMUNITY RECREATION CENTRE - Dressing Room - Male
4039,41309,575,Gymnasium,gym,Gymnasium - A,A,DRIFTWOOD COMMUNITY RECREATION CENTRE - Gymnasium
4040,47972,575,Multipurpose Room,room,Room - C,C,DRIFTWOOD COMMUNITY RECREATION CENTRE - Multipurpose Room (  1)
4041,47973,575,Enhanced Youth Space,None,Room - C,C,DRIFTWOOD COMMUNITY RECREATION CENTRE - Enhanced Youth Space
4042,47976,575,Multipurpose Room,room,Room - C,C,DRIFTWOOD COMMUNITY RECREATION CENTRE - Multipurpose Room (  2)
4043,48198,575,Fitness/Dance Studio,None,Room - C,C,DRIFTWOOD COMMUNITY RECREATION CENTRE -Fitness/Dance Studio
4044,48199,575,Multipurpose Room,room,Room - C,C,DRIFTWOOD COMMUNITY RECREATION CENTRE - Multipurpose Room (  3)
4045,96203,575,Weight/Cardio Room,None,Room-Fitness/Weight,None,DRIFTWOOD COMMUNITY RECREATION CENTRE - Weight Room
4046,849441,575,Recording Studio,None,Room,None,DRIFTWOOD COMMUNITY RECREATION CENTRE - Recording Studio
4047,2390,576,Drinking Fountain,None,Drinking Fountain Count,None,CORVETTE PARK - Drinking Water Source
4048,4644,576,Splash Pad,None,Splash/Spray Pad,None,CORVETTE PARK - Splash/Spray Pad
4049,18143,576,Ball Diamond,sport,Baseball Diamond Field - C,C,CORVETTE PARK - Ball Diamond Field (  1)
4050,18144,576,Ball Diamond,sport,Baseball Diamond Field - C,C,CORVETTE PARK - Ball Diamond Field (  2)
4051,18145,576,Ball Diamond,sport,Baseball Diamond Field - C,C,CORVETTE PARK - Ball Diamond Field (  3)
4052,29347,576,Washroom Facility,None,Washroom Building,None,CORVETTE PARK - Washroom Building
4053,34432,576,Playground,None,Playground Site,None,CORVETTE PARK - Playground
4054,3480,578,Outdoor Tennis Court,None,Outdoor Tennis Court,None,BRIDLEWOOD PARK - Outdoor Tennis Court (  1)
4055,3481,578,Outdoor Tennis Court,None,Outdoor Tennis Court,None,BRIDLEWOOD PARK - Outdoor Tennis Court (  2)
4056,3482,578,Outdoor Tennis Court,None,Outdoor Tennis Court,None,BRIDLEWOOD PARK - Outdoor Tennis Court (  3)
4057,4787,578,Splash Pad,None,Splash/Spray Pad,None,BRIDLEWOOD PARK - Splash/Spray Pad
4058,17691,578,Ball Diamond,sport,Baseball Diamond Field - C,C,BRIDLEWOOD PARK - Ball Diamond Field
4059,29309,578,Washroom Facility,None,Washroom Building,None,BRIDLEWOOD PARK - Fieldhouse
4060,29309,578,Fieldhouse,None,Fieldhouse,None,BRIDLEWOOD PARK - Fieldhouse
4061,34360,578,Playground,None,Playground Site,None,BRIDLEWOOD PARK - Playground S
4062,42732,578,Playground,None,Playground Site,None,BRIDLEWOOD PARK - Playground N
4063,103284,578,Drinking Fountain,None,Drinking Fountain Count,None,BRIDLEWOOD PARK - Drinking Water Source (  1)
4064,970508,578,Drinking Fountain,None,Drinking Fountain Count,None,BRIDLEWOOD PARK - Drinking Water Source (  2)
4065,970508,578,Bottle Filling Station,None,Water Bottle Filling Count,None,BRIDLEWOOD PARK - Drinking Water Source (  2)
4066,34362,580,Playground,None,Playground Site,None,BRIMLEY WOODS - Playground
4067,79429,580,Outdoor Fitness Equipment,None,Outdoor Fitness Equipment,None,BRIMLEY WOODS - Outdoor Fitness Equipment Area - Outdoor Fitness Equipment (  1)
4068,79430,580,Outdoor Fitness Equipment,None,Outdoor Fitness Equipment,None,BRIMLEY WOODS - Outdoor Fitness Equipment Area - Outdoor Fitness Equipment (  2)
4069,79431,580,Outdoor Fitness Equipment,None,Outdoor Fitness Equipment,None,BRIMLEY WOODS - Outdoor Fitness Equipment Area - Outdoor Fitness Equipment (  3)
4070,79432,580,Outdoor Fitness Equipment,None,Outdoor Fitness Equipment,None,BRIMLEY WOODS - Outdoor Fitness Equipment Area - Outdoor Fitness Equipment (  4)
4071,79433,580,Outdoor Fitness Equipment,None,Outdoor Fitness Equipment,None,BRIMLEY WOODS - Outdoor Fitness Equipment Area - Outdoor Fitness Equipment (  5)
4072,79434,580,Outdoor Fitness Equipment,None,Outdoor Fitness Equipment,None,BRIMLEY WOODS - Outdoor Fitness Equipment Area - Outdoor Fitness Equipment (  6)
4073,79435,580,Outdoor Fitness Equipment,None,Outdoor Fitness Equipment,None,BRIMLEY WOODS - Outdoor Fitness Equipment Area - Outdoor Fitness Equipment (  7)
4074,79436,580,Outdoor Fitness Equipment,None,Outdoor Fitness Equipment,None,BRIMLEY WOODS - Outdoor Fitness Equipment Area - Outdoor Fitness Equipment (  8)
4075,79437,580,Outdoor Fitness Equipment,None,Outdoor Fitness Equipment,None,BRIMLEY WOODS - Outdoor Fitness Equipment Area - Outdoor Fitness Equipment (  9)
4076,79438,580,Outdoor Fitness Equipment,None,Outdoor Fitness Equipment,None,BRIMLEY WOODS - Outdoor Fitness Equipment Area - Outdoor Fitness Equipment ( 10)
4077,101881,580,Outdoor Fitness Equipment,None,Outdoor Fitness Equipment,None,BRIMLEY WOODS - Outdoor Fitness Equipment Area - Outdoor Fitness Equipment ( 11)
4078,3246,582,Pickleball Court,None,None,None,ANGELA JAMES ARENA - Tennis Court Area
4079,3246,582,Pickleball Court,None,None,None,ANGELA JAMES ARENA - Tennis Court Area
4080,3246,582,Pickleball Court,None,None,None,ANGELA JAMES ARENA - Tennis Court Area
4081,3246,582,Pickleball Court,None,None,None,ANGELA JAMES ARENA - Tennis Court Area
4082,3247,582,Outdoor Tennis Court,None,Outdoor Tennis Court,None,ANGELA JAMES ARENA - Outdoor Tennis Court (  1)
4083,3248,582,Outdoor Tennis Court,None,Outdoor Tennis Court,None,ANGELA JAMES ARENA - Outdoor Tennis Court (  2)
4084,3249,582,Outdoor Tennis Court,None,Outdoor Tennis Court,None,ANGELA JAMES ARENA - Outdoor Tennis Court (  3)
4085,3250,582,Outdoor Tennis Court,None,Outdoor Tennis Court,None,ANGELA JAMES ARENA - Outdoor Tennis Court (  4)
4086,17325,582,Indoor Rink,ice,Indoor Ice Pad - A,A,ANGELA JAMES ARENA - Indoor Ice Pad
4087,29766,582,Kitchen,room,Kitchen,None,ANGELA JAMES ARENA - Kitchen
4088,32532,582,Parking Lot,None,Outdoor Parking Lot,None,ANGELA JAMES ARENA - Building Grounds - Outdoor Parking Lot
4089,29829,583,Kitchen,room,Kitchen - C,C,FLEMINGDON COMMUNITY CENTRE - Kitchen
4090,31263,583,Playroom,room,Room,None,FLEMINGDON COMMUNITY CENTRE - Playground Paradise
4091,48256,583,Multipurpose Room,room,Room - C,C,FLEMINGDON COMMUNITY CENTRE AND PLAYGROUND PARADISE - Multipurpose Room (  1)
4092,48257,583,Multipurpose Room,room,Room - C,C,FLEMINGDON COMMUNITY CENTRE AND PLAYGROUND PARADISE - Multipurpose Room (  2)
4093,48258,583,Multipurpose Room,room,Room - C,C,FLEMINGDON COMMUNITY CENTRE AND PLAYGROUND PARADISE - Multipurpose Room (  3)
4094,48259,583,Multipurpose Room,room,Room - C,C,FLEMINGDON COMMUNITY CENTRE AND PLAYGROUND PARADISE - Multipurpose Room (  4)
4095,48260,583,Multipurpose Room,room,Room - C,C,FLEMINGDON COMMUNITY CENTRE AND PLAYGROUND PARADISE - Multipurpose Room (  5)
4096,988459,583,Playground,None,Playground Site,None,FLEMINGDON COMMUNITY CENTRE - Playground Paradise - Playground
4097,29936,584,Kitchen,room,Kitchen - B,B,WEST ROUGE COMMUNITY CENTRE - Kitchen (  1)
4098,29937,584,Kitchen,room,Kitchen - B,B,WEST ROUGE COMMUNITY CENTRE - Kitchen (  2)
4099,48082,584,Meeting Room,None,None,None,WEST ROUGE COMMUNITY CENTRE - Meeting Room
4100,48516,584,Gallery,room,Gallery/Hall  - B,B,WEST ROUGE COMMUNITY CENTRE - Gallery/Hall (  1)
4101,48517,584,Gallery,room,Gallery/Hall  - Premier,P,WEST ROUGE COMMUNITY CENTRE - Gallery/Hall (  2)
4102,48518,584,Preschool,room,Preschool - C,C,WEST ROUGE COMMUNITY CENTRE - Preschool
4103,3243,585,Ball Hockey Pad,None,Ball Hockey Pad,None,FLEMINGDON PARK - Ball Hockey
4104,3244,585,Outdoor Basketball Court,None,Basketball Court,None,FLEMINGDON PARK - Basketball Court (  1)
4105,28383,585,Outdoor Basketball Court,None,Basketball Court,None,FLEMINGDON PARK - Basketball Court (  2)
4106,32305,585,Parking Lot,None,Outdoor Parking Lot,None,FLEMINGDON PARK - Outdoor Parking Lot (  1)
4107,32306,585,Parking Lot,None,Outdoor Parking Lot,None,FLEMINGDON PARK - Outdoor Parking Lot (  2)
4108,32546,585,Parking Lot,None,Outdoor Parking Lot,None,FLEMINGDON PARK - Outdoor Parking Lot (  3)
4109,34070,585,Playground,None,Playground Site,None,FLEMINGDON PARK - Playground N
4110,36647,585,Ball Diamond,sport,Baseball Diamond Field - C,C,FLEMINGDON PARK - Ball Diamond Field (  1)
4111,36648,585,Ball Diamond,sport,Baseball Diamond Field - C,C,FLEMINGDON PARK - Ball Diamond Field (  2)
4112,36649,585,Outdoor Basketball Court,None,Basketball Court,None,FLEMINGDON PARK - Basketball Court (  3)
4113,36650,585,Outdoor Basketball Court,None,Basketball Court,None,FLEMINGDON PARK - Basketball Court (  4)
4114,36654,585,Cricket Pitch Field,sport,Cricket Pitch Field - C,C,FLEMINGDON PARK - Cricket Pitch Field
4115,36655,585,Multipurpose Field,None,Multipurpose Field - C,C,FLEMINGDON PARK - Multipurpose Field
4116,36655,585,Outdoor track,None,Outdoor Track - C,C,FLEMINGDON PARK - Multipurpose Field
4117,36665,585,Sport Field,sport,Soccer Field - C,C,FLEMINGDON PARK - Soccer Field (  1)
4118,36666,585,Sport Field,sport,Soccer Field - C,C,FLEMINGDON PARK - Soccer Field (  2)
4119,36667,585,Sport Field,sport,Soccer Field - C,C,FLEMINGDON PARK - Soccer Field (  3)
4120,42705,585,Playground,None,Playground Site,None,FLEMINGDON PARK - Playground NE
4121,42706,585,Playground,None,Playground Site,None,FLEMINGDON PARK - Playground W
4122,43228,585,Playground,None,Playground Site,None,FLEMINGDON PARK - Playground SE
4123,43663,585,Sports Pad Area,None,Sportspad Area,None,FLEMINGDON PARK - Sportspad Area
4124,45562,585,Sport Field,sport,Soccer Field - C,C,FLEMINGDON PARK - Soccer Field (  4)
4125,45563,585,Sport Field,sport,Soccer Field - C,C,FLEMINGDON PARK - Soccer Field (  5)
4126,45564,585,Sport Field,sport,Soccer Field - C,C,FLEMINGDON PARK - Soccer Field (  6)
4127,45565,585,Sport Field,sport,Soccer Field - C,C,FLEMINGDON PARK - Soccer Field (  7)
4128,45566,585,Sport Field,sport,Soccer Field - C,C,FLEMINGDON PARK - Soccer Field (  8)
4129,47142,585,Outdoor track,None,Outdoor Track,None,FLEMINGDON PARK - Outdoor Track
4130,77317,585,Drinking Fountain,None,Drinking Fountain Count,None,FLEMINGDON PARK - Drinking Water Source
4131,93903,585,Splash Pad,None,Splash/Spray Pad,None,FLEMINGDON PARK - Splash/Spray Pad (  2)
4132,967754,585,Picnic Shelter,picnic,Shelter,None,FLEMINGDON PARK - Shade Structure (  2)
4133,967755,585,Picnic Shelter,picnic,Shelter,None,FLEMINGDON PARK - Shade Structure (  3)
4134,967756,585,Picnic Shelter,picnic,Shelter,None,FLEMINGDON PARK - Shade Structure (  4)
4135,967757,585,Picnic Shelter,picnic,Shelter,None,FLEMINGDON PARK - Shade Structure (  5)
4136,967758,585,Picnic Shelter,picnic,Shelter,None,FLEMINGDON PARK - Shade Structure (  6)
4137,967759,585,Picnic Shelter,picnic,Shelter,None,FLEMINGDON PARK - Shade Structure (  7)
4138,3700,586,Outdoor Tennis Court,None,Outdoor Tennis Court,None,WISHING WELL PARK - Outdoor Tennis Court (  1)
4139,3701,586,Outdoor Tennis Court,None,Outdoor Tennis Court,None,WISHING WELL PARK - Outdoor Tennis Court (  2)
4140,3702,586,Outdoor Tennis Court,None,Outdoor Tennis Court,None,WISHING WELL PARK - Outdoor Tennis Court (  3)
4141,18232,586,Ball Diamond,sport,Baseball Diamond Field - C,C,WISHING WELL PARK - Ball Diamond Field (  3)
4142,18233,586,Ball Diamond,sport,Baseball Diamond Field - A,A,WISHING WELL PARK - Ball Diamond Field (  2)
4143,18234,586,Ball Diamond,sport,Baseball Diamond Field - A,A,WISHING WELL PARK - Ball Diamond Field (  1)
4144,18235,586,Ball Diamond,sport,Baseball Diamond Field - C,C,WISHING WELL PARK - Ball Diamond Field (  4)
4145,29746,586,Fieldhouse,None,Fieldhouse,None,WISHING WELL PARK - Fieldhouse
4146,29746,586,Washroom Facility,None,Washroom Building,None,WISHING WELL PARK - Fieldhouse
4147,32507,586,Parking Lot,None,Outdoor Parking Lot,None,WISHING WELL PARK - Outdoor Parking Lot
4148,34152,586,Playground,None,Playground Site,None,WISHING WELL PARK - Playground
4149,103364,586,Bottle Filling Station,None,Water Bottle Filling Count,None,WISHING WELL PARK - Drinking Water Source
4150,17729,587,Ball Diamond,sport,Baseball Diamond Field - C,C,DEAN PARK - Ball Diamond Field
4151,17730,587,Sport Field,sport,Soccer Field - C,C,DEAN PARK - Soccer Field
4152,33990,587,Playground,None,Playground Site,None,DEAN PARK - Playground
4153,3242,588,Outdoor Basketball Court,None,Basketball Court,None,FLEMINGTON PARK - Basketball Court
4154,4457,588,Splash Pad,None,Splash/Spray Pad,None,FLEMINGTON PARK - Splash/Spray Pad (  1)
4155,5388,588,Splash Pad,None,Splash/Spray Pad,None,FLEMINGTON PARK - Splash/Spray Pad (  2)
4156,17766,588,Ball Diamond,sport,Baseball Diamond Field - C,C,FLEMINGTON PARK - Ball Diamond Field
4157,34071,588,Playground,None,Playground Site,None,FLEMINGTON PARK - Playground E
4158,42707,588,Playground,None,Playground Site,None,FLEMINGTON PARK - Playground W
4159,18028,589,Ball Diamond,sport,Baseball Diamond Field - B,B,DENSGROVE PARK - Ball Diamond Field
4160,33998,589,Playground,None,Playground Site,None,DENSGROVE PARK - Playground
4161,3742,590,Outdoor Tennis Court,None,Outdoor Tennis Court,None,SEVEN OAKS PARK - Outdoor Tennis Court (  1)
4162,3743,590,Outdoor Tennis Court,None,Outdoor Tennis Court,None,SEVEN OAKS PARK - Outdoor Tennis Court (  2)
4163,3744,590,Outdoor Tennis Court,None,Outdoor Tennis Court,None,SEVEN OAKS PARK - Outdoor Tennis Court (  3)
4164,18094,590,Ball Diamond,sport,Baseball Diamond Field - C,C,SEVEN OAKS PARK - Ball Diamond Field (  1)
4165,18095,590,Ball Diamond,sport,Baseball Diamond Field - C,C,SEVEN OAKS PARK - Ball Diamond Field (  2)
4166,29634,590,Washroom Facility,None,Washroom Building,None,SEVEN OAKS PARK - Fieldhouse
4167,29634,590,Fieldhouse,None,Fieldhouse,None,SEVEN OAKS PARK - Fieldhouse
4168,32450,590,Parking Lot,None,Outdoor Parking Lot,None,SEVEN OAKS PARK - Outdoor Parking Lot (  1)
4169,32451,590,Parking Lot,None,Outdoor Parking Lot,None,SEVEN OAKS PARK - Outdoor Parking Lot (  2)
4170,33924,590,Playground,None,Playground Site,None,SEVEN OAKS PARK - Playground
4171,49142,590,Splash Pad,None,Splash/Spray Pad,None,SEVEN OAKS PARK - Splash/Spray Pad
4172,79117,590,Picnic Shelter,picnic,Shelter,None,SEVEN OAKS PARK - Shade Structure
4173,102044,590,Bottle Filling Station,None,Water Bottle Filling Count,None,SEVEN OAKS PARK - Drinking Water Source
4174,1001987,590,Outdoor Basketball Court,None,Basketball Court,None,SEVEN OAKS PARK - Basketball Court
4175,29783,591,Kitchen,room,Kitchen - B,B,BURROWS HALL COMMUNITY CENTRE - Kitchen
4176,47939,591,Meeting Room,None,None,None,BURROWS HALL COMMUNITY CENTRE - Meeting Room
4177,47940,591,Multipurpose Room,room,Room - A,A,BURROWS HALL COMMUNITY CENTRE - Multipurpose Room (  1)
4178,47941,591,Multipurpose Room,room,Room - B,B,BURROWS HALL COMMUNITY CENTRE - Multipurpose Room (  2)
4179,48152,591,Multipurpose Room,room,Room - C,C,BURROWS HALL COMMUNITY CENTRE - Multipurpose Room (  3)
4180,17695,592,Ball Diamond,sport,Baseball Diamond Field - A,A,BURROWS HALL PARK - Ball Diamond Field
4181,34372,592,Playground,None,Playground Site,None,BURROWS HALL PARK - Playground
4182,3239,593,Outdoor Tennis Court,None,Outdoor Tennis Court,None,FOUNTAINHEAD PARK - Outdoor Tennis Court (  1)
4183,3240,593,Outdoor Tennis Court,None,Outdoor Tennis Court,None,FOUNTAINHEAD PARK - Outdoor Tennis Court (  2)
4184,3241,593,Outdoor Tennis Court,None,Outdoor Tennis Court,None,FOUNTAINHEAD PARK - Outdoor Tennis Court (  3)
4185,32307,593,Parking Lot,None,Outdoor Parking Lot,None,FOUNTAINHEAD PARK - Outdoor Parking Lot
4186,34075,593,Playground,None,Playground Site,None,FOUNTAINHEAD PARK - Playground
4187,49722,593,Outdoor Table Tennis,None,Outdoor Table Tennis,None,FOUNTAINHEAD PARK - Outdoor Table Tennis
4188,76603,593,Gazebo,None,Gazebo,None,FOUNTAINHEAD PARK - Shade Structure
4189,80105,593,Bottle Filling Station,None,Water Bottle Filling Count,None,FOUNTAINHEAD PARK - Drinking Water Source
4190,3295,594,Outdoor Tennis Court,None,Outdoor Tennis Court,None,ELIZABETH SIMCOE PARK - Outdoor Tennis Court (  1)
4191,3296,594,Outdoor Tennis Court,None,Outdoor Tennis Court,None,ELIZABETH SIMCOE PARK - Outdoor Tennis Court (  2)
4192,3297,594,Outdoor Tennis Court,None,Outdoor Tennis Court,None,ELIZABETH SIMCOE PARK - Outdoor Tennis Court (  3)
4193,3298,594,Outdoor Tennis Court,None,Outdoor Tennis Court,None,ELIZABETH SIMCOE PARK - Outdoor Tennis Court (  4)
4194,17753,594,Multipurpose Field,None,Multipurpose Field - C,C,ELIZABETH SIMCOE PARK - Multipurpose Field (  1)
4195,22465,594,Bike Trail,None,Bike Trail,None,ELIZABETH SIMCOE PARK TRAIL (  1)
4196,22466,594,Bike Trail,None,Bike Trail,None,ELIZABETH SIMCOE PARK TRAIL (  2)
4197,22467,594,Bike Trail,None,Bike Trail,None,ELIZABETH SIMCOE PARK TRAIL (  3)
4198,22468,594,Bike Trail,None,Bike Trail,None,ELIZABETH SIMCOE PARK TRAIL (  4)
4199,34043,594,Playground,None,Playground Site,None,ELIZABETH SIMCOE PARK - Playground
4200,43743,594,Multipurpose Field,None,Multipurpose Field - C,C,ELIZABETH SIMCOE PARK - Multipurpose Field (  2)
4201,49782,594,Splash Pad,None,Splash/Spray Pad,None,ELIZABETH SIMCOE PARK - Splash/Spray Pad
4202,102034,594,Bottle Filling Station,None,Water Bottle Filling Count,None,ELIZABETH SIMCOE PARK - Drinking Water Source
4203,849961,594,Parking Lot,None,Outdoor Parking Lot,None,ELIZABETH SIMCOE PARK - Outdoor Parking Lot
4204,967831,594,Gazebo,None,Gazebo,None,ELIZABETH SIMCOE PARK - Shade Structure
4205,17698,595,Ball Diamond,sport,Baseball Diamond Field - C,C,CANMORE PARK - Ball Diamond Field
4206,17699,595,Sport Field,sport,Soccer Field - B,B,CANMORE PARK - Soccer Field
4207,102216,595,Drinking Fountain,None,Drinking Fountain Count,None,CANMORE PARK - Drinking Water Source
4208,5118,598,Splash Pad,None,Splash/Spray Pad,None,"SHAWN ""BLU"" ROSE PARK - Splash/Spray Pad"
4209,17925,598,Ball Diamond,sport,Baseball Diamond Field - C,C,"SHAWN ""BLU"" ROSE PARK - Ball Diamond Field"
4210,33925,598,Playground,None,Playground Site,None,"SHAWN ""BLU"" ROSE PARK - Playground"
4211,29784,600,Kitchen,room,Kitchen - C,C,CEDARBROOK COMMUNITY CENTRE - Kitchen
4212,47945,600,Craft Room,room,Room-Craft - C,C,CEDARBROOK COMMUNITY CENTRE - Craft Room
4213,47946,600,Meeting Room,None,None,None,CEDARBROOK COMMUNITY CENTRE - Meeting Room
4214,48158,600,Multipurpose Room,room,Room - C,C,CEDARBROOK COMMUNITY CENTRE - Multipurpose Room (  1)
4215,48159,600,Multipurpose Room,room,Room - C,C,CEDARBROOK COMMUNITY CENTRE - Multipurpose Room (  2)
4216,48160,600,Multipurpose Room,room,Room - C,C,CEDARBROOK COMMUNITY CENTRE - Multipurpose Room (  3)
4217,48161,600,Multipurpose Room,room,Room - A,A,CEDARBROOK COMMUNITY CENTRE - Multipurpose Room (  4)
4218,17740,601,Ball Diamond,sport,Baseball Diamond Field - C,C,DONWOOD PARK - Ball Diamond Field
4219,34006,601,Playground,None,Playground Site,None,DONWOOD PARK - Playground
4220,17741,602,Ball Diamond,sport,Baseball Diamond Field - C,C,DORSET PARK - Ball Diamond Field
4221,34007,602,Playground,None,Playground Site,None,DORSET PARK - Playground
4222,967678,602,Gazebo,None,Gazebo,None,DORSET PARK - Shade Structure
4223,4560,605,Splash Pad,None,Splash/Spray Pad,None,DUNLOP PARK - Splash/Spray Pad
4224,29383,605,Washroom Facility,None,Washroom Building,None,DUNLOP PARK - Washroom Building
4225,34020,605,Playground,None,Playground Site,None,DUNLOP PARK - Playground
4226,908458,605,Ball Diamond,sport,Baseball Diamond Field,None,DUNLOP PARK - Ball Diamond Field
4227,3507,606,Outdoor Basketball Court,None,Basketball Court,None,BERT ROBINSON PARK - Basketball Court
4228,17681,606,Sport Field,sport,Soccer Field - C,C,BERT ROBINSON PARK - Soccer Field
4229,34341,606,Playground,None,Playground Site,None,BERT ROBINSON PARK - Playground
4230,74582,606,Drinking Fountain,None,Drinking Fountain Count,None,BERT ROBINSON PARK - Drinking Water Source
4231,74583,606,Splash Pad,None,Splash/Spray Pad,None,BERT ROBINSON PARK - Splash/Spray Pad
4232,24235,607,Bike Trail,None,Bike Trail,None,WEST HIGHLAND CREEK TRAIL ( 33)
4233,24236,607,Bike Trail,None,Bike Trail,None,WEST HIGHLAND CREEK TRAIL ( 34)
4234,24237,607,Bike Trail,None,Bike Trail,None,WEST HIGHLAND CREEK TRAIL ( 35)
4235,24238,607,Bike Trail,None,Bike Trail,None,WEST HIGHLAND CREEK TRAIL ( 36)
4236,24239,607,Bike Trail,None,Bike Trail,None,WEST HIGHLAND CREEK TRAIL ( 37)
4237,24240,607,Bike Trail,None,Bike Trail,None,WEST HIGHLAND CREEK TRAIL ( 38)
4238,24241,607,Bike Trail,None,Bike Trail,None,WEST HIGHLAND CREEK TRAIL ( 39)
4239,24243,607,Bike Trail,None,Bike Trail,None,WEST HIGHLAND CREEK TRAIL ( 40)
4240,24244,607,Bike Trail,None,Bike Trail,None,WEST HIGHLAND CREEK TRAIL ( 41)
4241,24245,607,Bike Trail,None,Bike Trail,None,WEST HIGHLAND CREEK TRAIL ( 42)
4242,32234,607,Parking Lot,None,Outdoor Parking Lot,None,CEDARBROOK PARK - Outdoor Parking Lot
4243,34387,607,Playground,None,Playground Site,None,CEDARBROOK PARK - Playground
4244,43862,607,Picnic Shelter,picnic,Shelter,None,CEDARBROOK PARK - Shade Structure
4245,132460,607,Outdoor Fitness Equipment,None,Outdoor Fitness Equipment,None,CEDARBROOK PARK - Outdoor Fitness Equipment (  1)
4246,132461,607,Outdoor Fitness Equipment,None,Outdoor Fitness Equipment,None,CEDARBROOK PARK - Outdoor Fitness Equipment (  2)
4247,132462,607,Outdoor Fitness Equipment,None,Outdoor Fitness Equipment,None,CEDARBROOK PARK - Outdoor Fitness Equipment (  3)
4248,132463,607,Outdoor Fitness Equipment,None,Outdoor Fitness Equipment,None,CEDARBROOK PARK - Outdoor Fitness Equipment (  4)
4249,132464,607,Outdoor Fitness Equipment,None,Outdoor Fitness Equipment,None,CEDARBROOK PARK - Outdoor Fitness Equipment (  5)
4250,3595,608,Outdoor Basketball Court,None,Basketball Court,None,WOODBOROUGH PARK - Basketball Court
4251,17989,608,Ball Diamond,sport,Baseball Diamond Field - C,C,WOODBOROUGH PARK - Ball Diamond Field
4252,34159,608,Playground,None,Playground Site,None,WOODBOROUGH PARK - Playground
4253,17750,609,Sport Field,sport,Soccer Field - C,C,EDGE PARK - Soccer Field
4254,34037,609,Playground,None,Playground Site,None,EDGE PARK - Playground
4255,2353,610,Drinking Fountain,None,Drinking Fountain Count,None,WALLACE C. SWANEK PARK - Drinking Water Source
4256,17970,610,Ball Diamond,sport,Baseball Diamond Field - C,C,WALLACE C. SWANEK PARK - Ball Diamond Field
4257,34311,610,Playground,None,Playground Site,None,WALLACE C. SWANEK PARK - Playground
4258,2381,611,Drinking Fountain,None,Drinking Fountain Count,None,CRUICKSHANK PARK - Drinking Water Source
4259,22871,611,Bike Trail,None,Bike Trail,None,HUMBER RIVER RECREATIONAL TRAIL ( 10)
4260,22904,611,Bike Trail,None,Bike Trail,None,HUMBER RIVER RECREATIONAL TRAIL ( 13)
4261,23029,611,Bike Trail,None,Bike Trail,None,HUMBER RIVER RECREATIONAL TRAIL (  5)
4262,23051,611,Bike Trail,None,Bike Trail,None,HUMBER RIVER RECREATIONAL TRAIL (  7)
4263,23073,611,Bike Trail,None,Bike Trail,None,HUMBER RIVER RECREATIONAL TRAIL (  9)
4264,33935,611,Playground,None,Playground Site,None,CRUICKSHANK PARK - Playground
4265,46203,611,Outdoor Fitness Equipment,None,Outdoor Fitness Equipment,None,CRUICKSHANK PARK - Outdoor Fitness Equipment Area - Outdoor Fitness Equipment (  1)
4266,46204,611,Outdoor Fitness Equipment,None,Outdoor Fitness Equipment,None,CRUICKSHANK PARK - Outdoor Fitness Equipment Area - Outdoor Fitness Equipment (  2)
4267,46205,611,Outdoor Fitness Equipment,None,Outdoor Fitness Equipment,None,CRUICKSHANK PARK - Outdoor Fitness Equipment Area - Outdoor Fitness Equipment (  3)
4268,46207,611,Outdoor Fitness Equipment,None,Outdoor Fitness Equipment,None,CRUICKSHANK PARK - Outdoor Fitness Equipment Area - Outdoor Fitness Equipment (  4)
4269,46208,611,Outdoor Fitness Equipment,None,Outdoor Fitness Equipment,None,CRUICKSHANK PARK - Outdoor Fitness Equipment Area - Outdoor Fitness Equipment (  5)
4270,46209,611,Outdoor Fitness Equipment,None,Outdoor Fitness Equipment,None,CRUICKSHANK PARK - Outdoor Fitness Equipment Area - Outdoor Fitness Equipment (  6)
4271,46222,611,Outdoor Fitness Equipment,None,Outdoor Fitness Equipment,None,CRUICKSHANK PARK - Outdoor Fitness Equipment Area - Outdoor Fitness Equipment (  7)
4272,49644,611,Picnic Site,picnic,Picnic Site,None,CRUICKSHANK PARK - Picnic Site
4273,132501,611,Outdoor Fitness Equipment,None,Outdoor Fitness Equipment,None,CRUICKSHANK PARK - Outdoor Fitness Equipment Area - Outdoor Fitness Equipment (  8)
4274,17751,612,Sport Field,sport,Soccer Field - C,C,EDGEWOOD PARK - Soccer Field
4275,34039,612,Playground,None,Playground Site,None,EDGEWOOD PARK - Playground
4276,132469,612,Outdoor Fitness Equipment,None,Outdoor Fitness Equipment,None,EDGEWOOD PARK - Outdoor Fitness Equipment (  1)
4277,132494,612,Outdoor Fitness Equipment,None,Outdoor Fitness Equipment,None,EDGEWOOD PARK - Outdoor Fitness Equipment (  2)
4278,132522,612,Outdoor Fitness Equipment,None,Outdoor Fitness Equipment,None,EDGEWOOD PARK - Outdoor Fitness Equipment (  3)
4279,132523,612,Outdoor Fitness Equipment,None,Outdoor Fitness Equipment,None,EDGEWOOD PARK - Outdoor Fitness Equipment (  4)
4280,132524,612,Outdoor Fitness Equipment,None,Outdoor Fitness Equipment,None,EDGEWOOD PARK - Outdoor Fitness Equipment (  5)
4281,132525,612,Outdoor Fitness Equipment,None,Outdoor Fitness Equipment,None,EDGEWOOD PARK - Outdoor Fitness Equipment (  6)
4282,17843,613,Ball Diamond,sport,Baseball Diamond Field - C,C,LITTLES ROAD PARK - Ball Diamond Field
4283,17844,613,Sport Field,sport,Soccer Field - C,C,LITTLES ROAD PARK - Soccer Field
4284,23193,613,Bike Trail,None,Bike Trail,None,LITTLES ROAD PARK TRAIL (  1)
4285,23194,613,Bike Trail,None,Bike Trail,None,LITTLES ROAD PARK TRAIL (  2)
4286,23195,613,Bike Trail,None,Bike Trail,None,LITTLES ROAD PARK TRAIL (  3)
4287,23196,613,Bike Trail,None,Bike Trail,None,LITTLES ROAD PARK TRAIL (  4)
4288,28541,613,Community Garden,None,Community Garden,None,LITTLES ROAD PARK COMMUNITY GARDEN
4289,33778,613,Playground,None,Playground Site,None,LITTLES ROAD PARK - Playground
4290,102231,613,Drinking Fountain,None,Drinking Fountain Count,None,LITTLES ROAD PARK - Drinking Water Source
4291,17845,614,Ball Diamond,sport,Baseball Diamond Field - C,C,LOCHLEVEN PARK - Ball Diamond Field
4292,33781,614,Playground,None,Playground Site,None,LOCHLEVEN PARK - Playground
4293,78214,614,Drinking Fountain,None,Drinking Fountain Count,None,LOCHLEVEN PARK - Drinking Water Source
4294,17768,615,Ball Diamond,sport,Baseball Diamond Field - C,C,FUNDY BAY PARK - Ball Diamond Field
4295,17769,615,Sport Field,sport,Soccer Field - C,C,FUNDY BAY PARK - Soccer Field
4296,22595,615,Bike Trail,None,Bike Trail,None,FUNDY BAY PARK TRAIL (  1)
4297,34082,615,Playground,None,Playground Site,None,FUNDY BAY PARK - Playground
4298,40439,615,Bike Trail,None,Bike Trail,None,FUNDY BAY PARK TRAIL (  2)
4299,76283,615,Skateboard Area,None,Skateboard Area,None,FUNDY BAY PARK - Skateboard Area
4300,22691,616,Bike Trail,None,Bike Trail,None,GATINEAU HYDRO CORRIDOR TRAIL (  4)
4301,33784,616,Playground,None,Playground Site,None,LORD ROBERTS WOODS - Playground
4302,29819,617,Kitchen,room,Kitchen - A,A,ELLESMERE COMMUNITY RECREATION CENTRE - Kitchen
4303,40839,617,Weight/Cardio Room,None,Room-Fitness/Weight,None,ELLESMERE COMMUNITY RECREATION CENTRE - Fitness Centre
4304,41314,617,Gymnasium,gym,Gymnasium - B,B,ELLESMERE COMMUNITY RECREATION CENTRE - Gymnasium
4305,48230,617,Craft Room,room,Room-Craft - C,C,ELLESMERE COMMUNITY RECREATION CENTRE - Craft Room
4306,48231,617,Gallery,room,Gallery/Hall  - B,B,ELLESMERE COMMUNITY RECREATION CENTRE - Gallery/Hall
4307,48232,617,Preschool,room,Preschool - C,C,ELLESMERE COMMUNITY RECREATION CENTRE - Preschool
4308,988933,617,Meeting Room,None,None,None,ELLESMERE COMMUNITY RECREATION CENTRE - Meeting Room
4309,28320,618,Picnic Site,picnic,Picnic Site,None,LYNNDALE PARKETTE - Picnic Site
4310,17846,619,Ball Diamond,sport,Baseball Diamond Field - C,C,LYNNGATE PARK - Ball Diamond Field
4311,33792,619,Playground,None,Playground Site,None,LYNNGATE PARK - Playground
4312,103212,619,Drinking Fountain,None,Drinking Fountain Count,None,LYNNGATE PARK - Drinking Water Source
4313,18216,621,Multipurpose Field,None,Multipurpose Field - C,C,JIM MCPHERSON PARK - Multipurpose Field (  1)
4314,18217,621,Multipurpose Field,None,Multipurpose Field - C,C,JIM MCPHERSON PARK - Multipurpose Field (  2)
4315,18218,621,Multipurpose Field,None,Multipurpose Field - C,C,JIM MCPHERSON PARK - Multipurpose Field (  3)
4316,18219,621,Sport Field,sport,Soccer Field - C,C,JIM MCPHERSON PARK - Soccer Field
4317,34534,621,Playground,None,Playground Site,None,JIM MCPHERSON PARK - Playground
4318,4232,622,Splash Pad,None,Splash/Spray Pad,None,JOHN TABOR PARK - Splash/Spray Pad
4319,17816,622,Ball Diamond,sport,Baseball Diamond Field - C,C,JOHN TABOR PARK - Ball Diamond Field
4320,17817,622,Sport Field,sport,Soccer Field - C,C,JOHN TABOR PARK - Soccer Field
4321,29923,623,Kitchen,room,Kitchen - C,C,TALL PINES COMMUNITY CENTRE - Kitchen
4322,48064,623,Lounge,room,Room - A,A,TALL PINES COMMUNITY CENTRE - Lounge
4323,48482,623,Gallery,room,Gallery/Hall  - B,B,TALL PINES COMMUNITY CENTRE - Gallery/Hall
4324,29924,624,Kitchen,room,Kitchen,None,TAM HEATHER CURLING AND TENNIS CLUB - Kitchen
4325,49024,624,Curling Rink,None,Curling Rink,None,TAM HEATHER CURLING AND TENNIS CLUB - Curling Rink
4326,17912,625,Ball Diamond,sport,Baseball Diamond Field - C,C,RON WATSON PARK - Ball Diamond Field
4327,18242,625,Multipurpose Field,None,Multipurpose Field - C,C,RON WATSON PARK - Multipurpose Field (  2)
4328,18243,625,Multipurpose Field,None,Multipurpose Field - C,C,RON WATSON PARK - Multipurpose Field (  3)
4329,18244,625,Multipurpose Field,None,Multipurpose Field - C,C,RON WATSON PARK - Multipurpose Field (  4)
4330,18245,625,Sport Field,sport,Soccer Field - C,C,RON WATSON PARK - Soccer Field
4331,24162,625,Bike Trail,None,Bike Trail,None,WEST HIGHLAND CREEK TRAIL (113)
4332,24163,625,Bike Trail,None,Bike Trail,None,WEST HIGHLAND CREEK TRAIL (114)
4333,32433,625,Parking Lot,None,Outdoor Parking Lot,None,RON WATSON PARK - Outdoor Parking Lot
4334,33891,625,Playground,None,Playground Site,None,RON WATSON PARK - Playground
4335,5004,626,Splash Pad,None,Splash/Spray Pad,None,TERRAVIEW PARK - Splash/Spray Pad
4336,6057,626,Gazebo,None,Gazebo,None,TERRAVIEW PARK - Shade Structure
4337,17953,626,Sport Field,sport,Soccer Field - C,C,TERRAVIEW PARK - Soccer Field
4338,34276,626,Playground,None,Playground Site,None,TERRAVIEW PARK - Playground
4339,43684,626,Pond,None,Open Water,None,TERRAVIEW PARK - POND - Open Water
4340,102279,626,Drinking Fountain,None,Drinking Fountain Count,None,TERRAVIEW PARK - Drinking Water Source
4341,17709,627,Ball Diamond,sport,Baseball Diamond Field - C,C,CHARTWELL PARK - Ball Diamond Field
4342,17710,627,Sport Field,sport,Soccer Field - C,C,CHARTWELL PARK - Soccer Field
4343,34401,627,Playground,None,Playground Site,None,CHARTWELL PARK - Playground
4344,36522,628,Sport Field,sport,Soccer Field - C,C,FAIRGLEN PARK - Soccer Field (  1)
4345,36523,628,Sport Field,sport,Soccer Field - C,C,FAIRGLEN PARK - Soccer Field (  2)
4346,36524,628,Sport Field,sport,Soccer Field - C,C,FAIRGLEN PARK - Soccer Field (  3)
4347,36525,628,Sport Field,sport,Soccer Field - C,C,FAIRGLEN PARK - Soccer Field (  4)
4348,2432,629,Dog Fountain,None,Dog Fountain Count,None,CEDARVALE PARK - Drinking Water Source (  1)
4349,2432,629,Drinking Fountain,None,Drinking Fountain Count,None,CEDARVALE PARK - Drinking Water Source (  1)
4350,2781,629,Community Garden,None,Community Garden,None,CEDARVALE PARK COMMUNITY CHILDREN'S GARDEN
4351,2828,629,Dogs Off-Leash Area,None,Off Leash Area,None,CEDARVALE PARK - Off Leash Area
4352,3451,629,Pickleball Court,None,None,None,CEDARVALE PARK - Tennis Court Area
4353,3451,629,Pickleball Court,None,None,None,CEDARVALE PARK - Tennis Court Area
4354,3452,629,Outdoor Tennis Court,None,Outdoor Tennis Court,None,CEDARVALE PARK - Outdoor Tennis Court (  1)
4355,3453,629,Outdoor Tennis Court,None,Outdoor Tennis Court,None,CEDARVALE PARK - Outdoor Tennis Court (  2)
4356,3454,629,Outdoor Tennis Court,None,Outdoor Tennis Court,None,CEDARVALE PARK - Outdoor Tennis Court (  3)
4357,3455,629,Outdoor Tennis Court,None,Outdoor Tennis Court,None,CEDARVALE PARK - Outdoor Tennis Court (  4)
4358,17703,629,Ball Diamond,sport,Baseball Diamond Field - C,C,CEDARVALE PARK - Ball Diamond Field
4359,17704,629,Cricket Pitch Field,sport,Cricket Pitch Field - C,C,CEDARVALE PARK - Cricket Pitch Field
4360,21813,629,Bike Trail,None,Bike Trail,None,BELTLINE TRAIL (  1)
4361,21814,629,Bike Trail,None,Bike Trail,None,BELTLINE TRAIL ( 10)
4362,21815,629,Bike Trail,None,Bike Trail,None,BELTLINE TRAIL ( 11)
4363,21816,629,Bike Trail,None,Bike Trail,None,BELTLINE TRAIL ( 12)
4364,21817,629,Bike Trail,None,Bike Trail,None,BELTLINE TRAIL ( 13)
4365,21818,629,Bike Trail,None,Bike Trail,None,BELTLINE TRAIL ( 14)
4366,21819,629,Bike Trail,None,Bike Trail,None,BELTLINE TRAIL ( 15)
4367,21824,629,Bike Trail,None,Bike Trail,None,BELTLINE TRAIL (  2)
4368,21835,629,Bike Trail,None,Bike Trail,None,BELTLINE TRAIL (  3)
4369,21846,629,Bike Trail,None,Bike Trail,None,BELTLINE TRAIL (  4)
4370,21857,629,Bike Trail,None,Bike Trail,None,BELTLINE TRAIL (  5)
4371,21868,629,Bike Trail,None,Bike Trail,None,BELTLINE TRAIL (  6)
4372,21879,629,Bike Trail,None,Bike Trail,None,BELTLINE TRAIL (  7)
4373,21890,629,Bike Trail,None,Bike Trail,None,BELTLINE TRAIL (  8)
4374,21901,629,Bike Trail,None,Bike Trail,None,BELTLINE TRAIL (  9)
4375,32236,629,Parking Lot,None,Outdoor Parking Lot,None,CEDARVALE PARK - Outdoor Parking Lot (  1)
4376,34389,629,Playground,None,Playground Site,None,CEDARVALE PARK - Playground
4377,40935,629,Sport Field,sport,Soccer Field - B,B,CEDARVALE PARK - Soccer Field
4378,43562,629,Outdoor Rink,ice,Outdoor Ice Pad,None,CEDARVALE PARK - Outdoor Ice Pad
4379,49762,629,Splash Pad,None,Splash/Spray Pad,None,CEDARVALE PARK - Splash/Spray Pad
4380,72684,629,Picnic Shelter,picnic,Shelter,None,CEDARVALE PARK - Shade Structure
4381,78119,629,Bottle Filling Station,None,Water Bottle Filling Count,None,CEDARVALE PARK - Drinking Water Source (  2)
4382,78151,629,Drinking Fountain,None,Drinking Fountain Count,None,CEDARVALE PARK - Drinking Water Source (  3)
4383,78151,629,Dog Fountain,None,Dog Fountain Count,None,CEDARVALE PARK - Drinking Water Source (  3)
4384,850074,629,Parking Lot,None,Outdoor Parking Lot,None,CEDARVALE PARK - Outdoor Parking Lot (  2)
4385,34467,631,Playground,None,Playground Site,None,GUILDWOOD VILLAGE PARK - Playground
4386,3448,632,Pickleball Court,None,None,None,CHALKFARM PARK - Tennis Court Area
4387,3449,632,Outdoor Tennis Court,None,Outdoor Tennis Court,None,CHALKFARM PARK - Outdoor Tennis Court (  1)
4388,3450,632,Outdoor Tennis Court,None,Outdoor Tennis Court,None,CHALKFARM PARK - Outdoor Tennis Court (  2)
4389,4714,632,Splash Pad,None,Splash/Spray Pad,None,CHALKFARM PARK - Splash/Spray Pad
4390,21935,632,Bike Trail,None,Bike Trail,None,BLACK CREEK TRAIL ( 10)
4391,21936,632,Bike Trail,None,Bike Trail,None,BLACK CREEK TRAIL ( 11)
4392,21937,632,Bike Trail,None,Bike Trail,None,BLACK CREEK TRAIL ( 12)
4393,21938,632,Bike Trail,None,Bike Trail,None,BLACK CREEK TRAIL ( 13)
4394,21996,632,Bike Trail,None,Bike Trail,None,BLACK CREEK TRAIL (  8)
4395,21997,632,Bike Trail,None,Bike Trail,None,BLACK CREEK TRAIL (  9)
4396,34393,632,Playground,None,Playground Site,None,CHALKFARM PARK - Playground
4397,74303,632,Outdoor Fitness Equipment,None,Outdoor Fitness Equipment,None,CHALKFARM PARK - Outdoor Fitness Equipment Area - Outdoor Fitness Equipment (  1)
4398,74304,632,Outdoor Fitness Equipment,None,Outdoor Fitness Equipment,None,CHALKFARM PARK - Outdoor Fitness Equipment Area - Outdoor Fitness Equipment (  2)
4399,74305,632,Outdoor Fitness Equipment,None,Outdoor Fitness Equipment,None,CHALKFARM PARK - Outdoor Fitness Equipment Area - Outdoor Fitness Equipment (  3)
4400,74306,632,Outdoor Fitness Equipment,None,Outdoor Fitness Equipment,None,CHALKFARM PARK - Outdoor Fitness Equipment Area - Outdoor Fitness Equipment (  4)
4401,74307,632,Outdoor Fitness Equipment,None,Outdoor Fitness Equipment,None,CHALKFARM PARK - Outdoor Fitness Equipment Area - Outdoor Fitness Equipment (  5)
4402,74308,632,Outdoor Fitness Equipment,None,Outdoor Fitness Equipment,None,CHALKFARM PARK - Outdoor Fitness Equipment Area - Outdoor Fitness Equipment (  6)
4403,4332,633,Outdoor Pool,pool,Outdoor Pool Tank,None,HERON PARK COMMUNITY RECREATION CENTRE - Outdoor Pool Tank
4404,17368,633,Indoor Rink,ice,Indoor Ice Pad - B,B,HERON PARK COMMUNITY RECREATION CENTRE - Indoor Ice Pad (  1)
4405,17368,633,Indoor Dry Pad,ice,Indoor Dry Pad - B,B,HERON PARK COMMUNITY RECREATION CENTRE - Indoor Ice Pad (  1)
4406,29842,633,Kitchen,room,Kitchen - B,B,HERON PARK COMMUNITY RECREATION CENTRE - Kitchen
4407,41349,633,Gymnasium,gym,Gymnasium - A,A,HERON PARK COMMUNITY RECREATION CENTRE - Gymnasium
4408,44348,633,Indoor Rink,ice,Indoor Ice Pad - C,C,HERON PARK COMMUNITY RECREATION CENTRE - Indoor Ice Pad (  2)
4409,44348,633,Indoor Dry Pad,ice,Indoor Dry Pad - C,C,HERON PARK COMMUNITY RECREATION CENTRE - Indoor Ice Pad (  2)
4410,48003,633,Enhanced Youth Space,None,Room - C,C,HERON PARK COMMUNITY RECREATION CENTRE - Enhanced Youth Space
4411,48288,633,Gallery,room,Gallery/Hall  - B,B,HERON PARK COMMUNITY RECREATION CENTRE - Gallery/Hall
4412,48289,633,Preschool,room,Preschool - C,C,HERON PARK COMMUNITY RECREATION CENTRE - Preschool
4413,17793,635,Ball Diamond,sport,Baseball Diamond Field - B,B,HIGHLAND CREEK COMMUNITY PARK - Ball Diamond Field
4414,22783,635,Bike Trail,None,Bike Trail,None,HIGHLAND CREEK TRAIL ( 10)
4415,22784,635,Bike Trail,None,Bike Trail,None,HIGHLAND CREEK TRAIL ( 11)
4416,22785,635,Bike Trail,None,Bike Trail,None,HIGHLAND CREEK TRAIL ( 12)
4417,22786,635,Bike Trail,None,Bike Trail,None,HIGHLAND CREEK TRAIL ( 13)
4418,22787,635,Bike Trail,None,Bike Trail,None,HIGHLAND CREEK TRAIL ( 14)
4419,22788,635,Bike Trail,None,Bike Trail,None,HIGHLAND CREEK TRAIL ( 15)
4420,22789,635,Bike Trail,None,Bike Trail,None,HIGHLAND CREEK TRAIL ( 16)
4421,22790,635,Bike Trail,None,Bike Trail,None,HIGHLAND CREEK TRAIL ( 17)
4422,22791,635,Bike Trail,None,Bike Trail,None,HIGHLAND CREEK TRAIL ( 18)
4423,22792,635,Bike Trail,None,Bike Trail,None,HIGHLAND CREEK TRAIL ( 19)
4424,34491,635,Playground,None,Playground Site,None,HIGHLAND CREEK COMMUNITY PARK - Playground
4425,49518,635,Parking Lot,None,Outdoor Parking Lot,None,HIGHLAND CREEK COMMUNITY PARK - Outdoor Parking Lot
4426,102215,635,Drinking Fountain,None,Drinking Fountain Count,None,HIGHLAND CREEK COMMUNITY PARK - Drinking Water Source
4427,17794,636,Ball Diamond,sport,Baseball Diamond Field - C,C,HIGHLAND HEIGHTS PARK - Ball Diamond Field
4428,34492,636,Playground,None,Playground Site,None,HIGHLAND HEIGHTS PARK - Playground
4429,2304,637,Drinking Fountain,None,Drinking Fountain Count,None,GILTSPUR PARK - Drinking Water Source
4430,3224,637,Outdoor Bocce Court,None,Outdoor Bocce Court,None,GILTSPUR PARK - Outdoor Bocce Court (  1)
4431,3225,637,Outdoor Bocce Court,None,Outdoor Bocce Court,None,GILTSPUR PARK - Outdoor Bocce Court (  2)
4432,3226,637,Outdoor Bocce Court,None,Outdoor Bocce Court,None,GILTSPUR PARK - Outdoor Bocce Court (  3)
4433,3227,637,Outdoor Bocce Court,None,Outdoor Bocce Court,None,GILTSPUR PARK - Outdoor Bocce Court (  4)
4434,17774,637,Ball Diamond,sport,Baseball Diamond Field - C,C,GILTSPUR PARK - Ball Diamond Field
4435,34436,637,Playground,None,Playground Site,None,GILTSPUR PARK - Playground
4436,2074,638,Washroom Facility,None,Washroom Building,None,GLEN LONG COMMUNITY CENTRE
4437,4412,638,Outdoor Pool,pool,Outdoor Pool Tank,None,GLEN LONG COMMUNITY CENTRE - Outdoor Pool Tank
4438,29831,638,Kitchen,room,Kitchen - B,B,GLEN LONG COMMUNITY CENTRE - Kitchen
4439,30238,638,Dressing Room,None,Change Room,None,GLEN LONG COMMUNITY CENTRE - Dressing Room - Male (  1)
4440,30239,638,Dressing Room,None,Change Room,None,GLEN LONG COMMUNITY CENTRE - Dressing Room - Female (  1)
4441,30240,638,Dressing Room,None,Change Room,None,GLEN LONG COMMUNITY CENTRE - Dressing Room - Male (  2)
4442,30241,638,Dressing Room,None,Change Room,None,GLEN LONG COMMUNITY CENTRE - Dressing Room - Female (  2)
4443,41337,638,Gymnasium,gym,Gymnasium - B,B,GLEN LONG COMMUNITY CENTRE - Gymnasium
4444,43585,638,Outdoor Rink,ice,Outdoor Ice Pad - A,A,GLEN LONG COMMUNITY CENTRE - Outdoor Ice Pad
4445,43585,638,Outdoor Dry Pad,ice,Outdoor Dry Pad - A,A,GLEN LONG COMMUNITY CENTRE - Outdoor Ice Pad
4446,48262,638,Meeting Room,None,None,None,GLEN LONG COMMUNITY CENTRE - Meeting Room
4447,60264,638,Indoor Bocce Court,None,Indoor Bocce Court,None,GLEN LONG COMMUNITY CENTRE - Indoor Bocce Court (  1)
4448,60265,638,Indoor Bocce Court,None,Indoor Bocce Court,None,GLEN LONG COMMUNITY CENTRE - Indoor Bocce Court (  2)
4449,32318,639,Parking Lot,None,Outdoor Parking Lot,None,GLEN LONG PARK - Outdoor Parking Lot (  1)
4450,32553,639,Parking Lot,None,Outdoor Parking Lot,None,GLEN LONG PARK - Outdoor Parking Lot (  2)
4451,34443,639,Playground,None,Playground Site,None,GLEN LONG PARK - Playground
4452,3213,640,Pickleball Court,None,None,None,GLENDORA PARK - Tennis Court Area
4453,3213,640,Pickleball Court,None,None,None,GLENDORA PARK - Tennis Court Area
4454,3214,640,Outdoor Tennis Court,None,Outdoor Tennis Court,None,GLENDORA PARK - Outdoor Tennis Court (  1)
4455,3215,640,Outdoor Tennis Court,None,Outdoor Tennis Court,None,GLENDORA PARK - Outdoor Tennis Court (  2)
4456,22744,640,Bike Trail,None,Bike Trail,None,GLENDORA PARK TRAIL (  1)
4457,22745,640,Bike Trail,None,Bike Trail,None,GLENDORA PARK TRAIL (  2)
4458,22746,640,Bike Trail,None,Bike Trail,None,GLENDORA PARK TRAIL (  3)
4459,22747,640,Bike Trail,None,Bike Trail,None,GLENDORA PARK TRAIL (  4)
4460,34445,640,Playground,None,Playground Site,None,GLENDORA PARK - Playground
4461,71362,640,Splash Pad,None,Splash/Spray Pad,None,GLENDORA PARK - Splash/Spray Pad
4462,102041,640,Bottle Filling Station,None,Water Bottle Filling Count,None,GLENDORA PARK - Drinking Water Source
4463,908456,640,Ball Diamond,sport,Baseball Diamond Field,None,GLENDORA PARK - Ball Diamond Field
4464,17778,641,Sport Field,sport,Soccer Field - B,B,GODSTONE PARK - Soccer Field
4465,72291,641,Playground,None,Playground Site,None,GODSTONE PARK - Playground
4466,76548,641,Outdoor Fitness Equipment,None,Outdoor Fitness Equipment,None,GODSTONE PARK - Outdoor Fitness Equipment Area - Outdoor Fitness Equipment (  1)
4467,76549,641,Outdoor Fitness Equipment,None,Outdoor Fitness Equipment,None,GODSTONE PARK - Outdoor Fitness Equipment Area - Outdoor Fitness Equipment (  2)
4468,76550,641,Outdoor Fitness Equipment,None,Outdoor Fitness Equipment,None,GODSTONE PARK - Outdoor Fitness Equipment Area - Outdoor Fitness Equipment (  3)
4469,76551,641,Outdoor Fitness Equipment,None,Outdoor Fitness Equipment,None,GODSTONE PARK - Outdoor Fitness Equipment Area - Outdoor Fitness Equipment (  4)
4470,76552,641,Outdoor Fitness Equipment,None,Outdoor Fitness Equipment,None,GODSTONE PARK - Outdoor Fitness Equipment Area - Outdoor Fitness Equipment (  5)
4471,102121,641,Bottle Filling Station,None,Water Bottle Filling Count,None,GODSTONE PARK - Drinking Water Source
4472,132495,641,Outdoor Fitness Equipment,None,Outdoor Fitness Equipment,None,GODSTONE PARK - Outdoor Fitness Equipment Area - Outdoor Fitness Equipment (  6)
4473,132496,641,Outdoor Fitness Equipment,None,Outdoor Fitness Equipment,None,GODSTONE PARK - Outdoor Fitness Equipment Area - Outdoor Fitness Equipment (  7)
4474,132497,641,Outdoor Fitness Equipment,None,Outdoor Fitness Equipment,None,GODSTONE PARK - Outdoor Fitness Equipment Area - Outdoor Fitness Equipment (  8)
4475,132498,641,Outdoor Fitness Equipment,None,Outdoor Fitness Equipment,None,GODSTONE PARK - Outdoor Fitness Equipment Area - Outdoor Fitness Equipment (  9)
4476,132499,641,Outdoor Fitness Equipment,None,Outdoor Fitness Equipment,None,GODSTONE PARK - Outdoor Fitness Equipment Area - Outdoor Fitness Equipment ( 10)
4477,132500,641,Outdoor Fitness Equipment,None,Outdoor Fitness Equipment,None,GODSTONE PARK - Outdoor Fitness Equipment Area - Outdoor Fitness Equipment ( 11)
4478,134754,641,Outdoor Table Tennis,None,Outdoor Table Tennis,None,GODSTONE PARK - Outdoor Table Tennis
4479,134755,641,Picnic Shelter,picnic,Shelter,None,GODSTONE PARK - Shade Structure (  1)
4480,4397,642,Outdoor Pool,pool,Outdoor Pool Tank,None,GORD AND IRENE RISK COMMUNITY RECREATION CENTRE - Outdoor Pool Tank
4481,17367,642,Indoor Rink,ice,Indoor Ice Pad - A,A,GORD AND IRENE RISK COMMUNITY RECREATION CENTRE - Indoor Ice Pad
4482,17367,642,Indoor Dry Pad,ice,Indoor Dry Pad - A,A,GORD AND IRENE RISK COMMUNITY RECREATION CENTRE - Indoor Ice Pad
4483,29832,642,Kitchen,room,Kitchen - A,A,GORD AND IRENE RISK COMMUNITY RECREATION CENTRE - Kitchen
4484,30242,642,Dressing Room,None,Change Room,None,GORD AND IRENE RISK COMMUNITY RECREATION CENTRE - Dressing Room - Female
4485,30243,642,Dressing Room,None,Change Room,None,GORD AND IRENE RISK COMMUNITY RECREATION CENTRE - Dressing Room - Male
4486,30244,642,Dressing Room,None,Change Room,None,GORD AND IRENE RISK COMMUNITY RECREATION CENTRE - Dressing Room - Unisex (  1)
4487,30246,642,Dressing Room,None,Change Room,None,GORD AND IRENE RISK COMMUNITY RECREATION CENTRE - Dressing Room - Unisex (  2)
4488,30247,642,Dressing Room,None,Change Room,None,GORD AND IRENE RISK COMMUNITY RECREATION CENTRE - Dressing Room - Unisex (  3)
4489,47990,642,Meeting Room,None,None,None,GORD AND IRENE RISK COMMUNITY RECREATION CENTRE - Meeting Room (  1)
4490,47991,642,Meeting Room,None,None,None,GORD AND IRENE RISK COMMUNITY RECREATION CENTRE - Meeting Room (  2)
4491,48263,642,Lounge,room,Room - C,C,GORD AND IRENE RISK COMMUNITY RECREATION CENTRE - Lounge
4492,48264,642,Meeting Room,None,None,None,GORD AND IRENE RISK COMMUNITY RECREATION CENTRE - Meeting Room (  3)
4493,48265,642,Multipurpose Room,room,Room - C,C,GORD AND IRENE RISK COMMUNITY RECREATION CENTRE - Multipurpose Room (  1)
4494,48266,642,Multipurpose Room,room,Room - C,C,GORD AND IRENE RISK COMMUNITY RECREATION CENTRE - Multipurpose Room (  2)
4495,48267,642,Preschool,room,Preschool - B,B,GORD AND IRENE RISK COMMUNITY RECREATION CENTRE - Preschool
4496,60082,642,Indoor Bocce Court,None,Indoor Bocce Court,None,GORD AND IRENE RISK COMMUNITY RECREATION CENTRE - Indoor Bocce Court (  1)
4497,60083,642,Indoor Bocce Court,None,Indoor Bocce Court,None,GORD AND IRENE RISK COMMUNITY RECREATION CENTRE - Indoor Bocce Court (  2)
4498,60084,642,Indoor Bocce Court,None,Indoor Bocce Court,None,GORD AND IRENE RISK COMMUNITY RECREATION CENTRE - Indoor Bocce Court (  3)
4499,60085,642,Indoor Bocce Court,None,Indoor Bocce Court,None,GORD AND IRENE RISK COMMUNITY RECREATION CENTRE - Indoor Bocce Court (  4)
4500,4395,643,Outdoor Pool,pool,Outdoor Pool Tank,None,GOULDING COMMUNITY CENTRE - Outdoor Pool Tank
4501,17356,643,Indoor Rink,ice,Indoor Ice Pad - A,A,GOULDING COMMUNITY CENTRE - Indoor Ice Pad
4502,29833,643,Kitchen,room,Kitchen - B,B,GOULDING COMMUNITY CENTRE - Kitchen
4503,30249,643,Dressing Room,None,Change Room,None,GOULDING COMMUNITY CENTRE - Dressing Room - Unisex
4504,41341,643,Gymnasium,gym,Gymnasium - B,B,GOULDING COMMUNITY CENTRE - Gymnasium
4505,47993,643,Multipurpose Room,room,Room - C,C,GOULDING COMMUNITY CENTRE - Multipurpose Room (  1)
4506,47994,643,Multipurpose Room,room,Room - C,C,GOULDING COMMUNITY CENTRE - Multipurpose Room (  2)
4507,48268,643,Fitness/Dance Studio,None,Room - C,C,GOULDING COMMUNITY CENTRE - Fitness/Dance Studio
4508,48269,643,Gallery,room,Gallery/Hall  - C,C,GOULDING COMMUNITY CENTRE - Gallery/Hall
4509,48270,643,Multipurpose Room,room,Room - C,C,GOULDING COMMUNITY CENTRE - Multipurpose Room (  3)
4510,48271,643,Preschool,room,Preschool - C,C,GOULDING COMMUNITY CENTRE - Preschool
4511,3205,644,Outdoor Bocce Court,None,Outdoor Bocce Court,None,GOULDING PARK - Outdoor Bocce Court (  1)
4512,3206,644,Outdoor Bocce Court,None,Outdoor Bocce Court,None,GOULDING PARK - Outdoor Bocce Court (  2)
4513,3207,644,Outdoor Bocce Court,None,Outdoor Bocce Court,None,GOULDING PARK - Outdoor Bocce Court (  3)
4514,3209,644,Outdoor Tennis Court,None,Outdoor Tennis Court,None,GOULDING PARK - Outdoor Tennis Court (  1)
4515,3210,644,Outdoor Tennis Court,None,Outdoor Tennis Court,None,GOULDING PARK - Outdoor Tennis Court (  2)
4516,3211,644,Outdoor Tennis Court,None,Outdoor Tennis Court,None,GOULDING PARK - Outdoor Tennis Court (  3)
4517,13271,644,Drinking Fountain,None,Drinking Fountain Count,None,GOULDING PARK - Drinking Water Source (  1)
4518,13272,644,Drinking Fountain,None,Drinking Fountain Count,None,GOULDING PARK - Drinking Water Source (  2)
4519,13273,644,Drinking Fountain,None,Drinking Fountain Count,None,GOULDING PARK - Drinking Water Source (  3)
4520,18042,644,Ball Diamond,sport,Baseball Diamond Field - A,A,GOULDING PARK - Ball Diamond Field (  1)
4521,18043,644,Ball Diamond,sport,Baseball Diamond Field - A,A,GOULDING PARK - Ball Diamond Field (  2)
4522,32323,644,Parking Lot,None,Outdoor Parking Lot,None,GOULDING PARK - Outdoor Parking Lot
4523,34452,644,Playground,None,Playground Site,None,GOULDING PARK - Playground
4524,49323,644,Outdoor Table Tennis,None,Outdoor Table Tennis,None,GOULDING PARK - Outdoor Table Tennis
4525,2292,645,Drinking Fountain,None,Drinking Fountain Count,None,GRACEDALE PARK - Drinking Water Source
4526,3198,645,Outdoor Bocce Court,None,Outdoor Bocce Court,None,GRACEDALE PARK - Outdoor Bocce Court (  1)
4527,3199,645,Outdoor Bocce Court,None,Outdoor Bocce Court,None,GRACEDALE PARK - Outdoor Bocce Court (  2)
4528,3200,645,Outdoor Bocce Court,None,Outdoor Bocce Court,None,GRACEDALE PARK - Outdoor Bocce Court (  3)
4529,3201,645,Pickleball Court,None,None,None,GRACEDALE PARK - Tennis Court Area
4530,3202,645,Outdoor Tennis Court,None,Outdoor Tennis Court,None,GRACEDALE PARK - Outdoor Tennis Court (  1)
4531,3203,645,Outdoor Tennis Court,None,Outdoor Tennis Court,None,GRACEDALE PARK - Outdoor Tennis Court (  2)
4532,3204,645,Outdoor Tennis Court,None,Outdoor Tennis Court,None,GRACEDALE PARK - Outdoor Tennis Court (  3)
4533,4394,645,Splash Pad,None,Splash/Spray Pad,None,GRACEDALE PARK - Splash/Spray Pad
4534,34453,645,Playground,None,Playground Site,None,GRACEDALE PARK - Playground
4535,37062,645,Practice Wicket,None,Practice Wicket - C,C,GRACEDALE PARK - Practice Wicket
4536,95351,645,Outdoor Fitness Equipment,None,Outdoor Fitness Equipment,None,GRACEDALE PARK - Outdoor Fitness Equipment Area - Outdoor Fitness Equipment (  1)
4537,95352,645,Outdoor Fitness Equipment,None,Outdoor Fitness Equipment,None,GRACEDALE PARK - Outdoor Fitness Equipment Area - Outdoor Fitness Equipment (  2)
4538,95353,645,Outdoor Fitness Equipment,None,Outdoor Fitness Equipment,None,GRACEDALE PARK - Outdoor Fitness Equipment Area - Outdoor Fitness Equipment (  3)
4539,95354,645,Outdoor Fitness Equipment,None,Outdoor Fitness Equipment,None,GRACEDALE PARK - Outdoor Fitness Equipment Area - Outdoor Fitness Equipment (  4)
4540,95355,645,Outdoor Fitness Equipment,None,Outdoor Fitness Equipment,None,GRACEDALE PARK - Outdoor Fitness Equipment Area - Outdoor Fitness Equipment (  5)
4541,95356,645,Outdoor Fitness Equipment,None,Outdoor Fitness Equipment,None,GRACEDALE PARK - Outdoor Fitness Equipment Area - Outdoor Fitness Equipment (  6)
4542,95357,645,Outdoor Fitness Equipment,None,Outdoor Fitness Equipment,None,GRACEDALE PARK - Outdoor Fitness Equipment Area - Outdoor Fitness Equipment (  7)
4543,989572,645,Gazebo,None,Gazebo,None,GRACEDALE PARK - Shade Structure
4544,4385,647,Outdoor Pool,pool,Outdoor Pool Tank,None,GRANDRAVINE COMMUNITY RECREATION CENTRE - Outdoor Pool Tank
4545,17357,647,Indoor Dry Pad,ice,Indoor Dry Pad - A,A,GRANDRAVINE COMMUNITY RECREATION CENTRE - Indoor Ice Pad
4546,17357,647,Indoor Rink,ice,Indoor Ice Pad - A,A,GRANDRAVINE COMMUNITY RECREATION CENTRE - Indoor Ice Pad
4547,29834,647,Kitchen,room,Kitchen - B,B,GRANDRAVINE COMMUNITY RECREATION CENTRE - Kitchen (  1)
4548,29835,647,Kitchen,room,Kitchen - B,B,GRANDRAVINE COMMUNITY RECREATION CENTRE - Kitchen (  2)
4549,47995,647,Multipurpose Room,room,Room - B,B,GRANDRAVINE COMMUNITY RECREATION CENTRE - Multipurpose Room (  1) - Central
4550,48272,647,Dressing Room,None,Change Room,None,GRANDRAVINE COMMUNITY RECREATION CENTRE - Dressing Room - Female
4551,48273,647,Dressing Room,None,Change Room,None,GRANDRAVINE COMMUNITY RECREATION CENTRE - Dressing Room - Male
4552,48274,647,Multipurpose Room,room,Room,None,GRANDRAVINE COMMUNITY RECREATION CENTRE - Multipurpose Room (  2)
4553,48275,647,Multipurpose Room,room,Room,None,GRANDRAVINE COMMUNITY RECREATION CENTRE - Multipurpose Room (  3) - First Aid
4554,48276,647,Multipurpose Room,room,Room - C,C,GRANDRAVINE COMMUNITY RECREATION CENTRE - Multipurpose Room (  1) - West
4555,48277,647,Fitness/Dance Studio,None,Room - C,C,GRANDRAVINE COMMUNITY RECREATION CENTRE - Fitness/Dance Studio
4556,48278,647,Multipurpose Room,room,Room - C,C,GRANDRAVINE COMMUNITY RECREATION CENTRE - Multipurpose Room (  1) - East
4557,69542,647,Indoor Bocce Court,None,Indoor Bocce Court,None,GRANDRAVINE COMMUNITY RECREATION CENTRE - Indoor Bocce Court (  1)
4558,69543,647,Indoor Bocce Court,None,Indoor Bocce Court,None,GRANDRAVINE COMMUNITY RECREATION CENTRE - Indoor Bocce Court ( 2)
4559,69544,647,Indoor Bocce Court,None,Indoor Bocce Court,None,GRANDRAVINE COMMUNITY RECREATION CENTRE - Indoor Bocce Court ( 3)
4560,69545,647,Indoor Bocce Court,None,Indoor Bocce Court,None,GRANDRAVINE COMMUNITY RECREATION CENTRE - Indoor Bocce Court ( 4)
4561,1002170,647,Multipurpose Room,room,Room - A,A,GRANDRAVINE COMMUNITY RECREATION CENTRE - Multipurpose Room ( 1)
4562,2290,648,Drinking Fountain,None,Drinking Fountain Count,None,GRANDRAVINE PARK - Drinking Water Source
4563,3187,648,Outdoor Basketball Court,None,Basketball Court,None,GRANDRAVINE PARK - Basketball Court
4564,3193,648,Outdoor Tennis Court,None,Outdoor Tennis Court,None,GRANDRAVINE PARK - Outdoor Tennis Court (  1)
4565,3194,648,Outdoor Tennis Court,None,Outdoor Tennis Court,None,GRANDRAVINE PARK - Outdoor Tennis Court (  2)
4566,3195,648,Outdoor Tennis Court,None,Outdoor Tennis Court,None,GRANDRAVINE PARK - Outdoor Tennis Court (  3)
4567,17780,648,Ball Diamond,sport,Baseball Diamond Field - B,B,GRANDRAVINE PARK - Ball Diamond Field
4568,32324,648,Parking Lot,None,Outdoor Parking Lot,None,GRANDRAVINE PARK - Outdoor Parking Lot (  1)
4569,32325,648,Parking Lot,None,Outdoor Parking Lot,None,GRANDRAVINE PARK - Outdoor Parking Lot (  2)
4570,34457,648,Playground,None,Playground Site,None,GRANDRAVINE PARK - Playground
4571,132742,648,Outdoor Table Tennis,None,Outdoor Table Tennis,None,GRANDRAVINE PARK - Outdoor Table Tennis
4572,1001006,648,Sport Field,sport,Soccer Field - Premier,P,GRANDRAVINE PARK - Soccer Mini-Pitch
4573,3181,649,Outdoor Tennis Court,None,Outdoor Tennis Court,None,GRAYDON HALL PARK - Outdoor Tennis Court (  1)
4574,3182,649,Outdoor Tennis Court,None,Outdoor Tennis Court,None,GRAYDON HALL PARK - Outdoor Tennis Court (  2)
4575,3184,649,Outdoor Tennis Court,None,Outdoor Tennis Court,None,GRAYDON HALL PARK - Outdoor Tennis Court (  3)
4576,34460,649,Playground,None,Playground Site,None,GRAYDON HALL PARK - Playground
4577,49682,649,Splash Pad,None,Splash/Spray Pad,None,GRAYDON HALL PARK - Splash/Spray Pad
4578,968025,649,Picnic Shelter,picnic,Shelter,None,GRAYDON HALL PARK - Shade Structure
4579,17783,650,Ball Diamond,sport,Baseball Diamond Field - C,C,GULLIVER PARK - Ball Diamond Field
4580,34468,650,Playground,None,Playground Site,None,GULLIVER PARK - Playground
4581,74823,650,Outdoor Fitness Equipment,None,Outdoor Fitness Equipment,None,GULLIVER PARK - Outdoor Fitness Equipment Area - Outdoor Fitness Equipment (  1)
4582,74824,650,Outdoor Fitness Equipment,None,Outdoor Fitness Equipment,None,GULLIVER PARK - Outdoor Fitness Equipment Area - Outdoor Fitness Equipment (  2)
4583,74825,650,Outdoor Fitness Equipment,None,Outdoor Fitness Equipment,None,GULLIVER PARK - Outdoor Fitness Equipment Area - Outdoor Fitness Equipment (  3)
4584,74826,650,Outdoor Fitness Equipment,None,Outdoor Fitness Equipment,None,GULLIVER PARK - Outdoor Fitness Equipment Area - Outdoor Fitness Equipment (  4)
4585,74827,650,Outdoor Fitness Equipment,None,Outdoor Fitness Equipment,None,GULLIVER PARK - Outdoor Fitness Equipment Area - Outdoor Fitness Equipment (  5)
4586,3170,651,Outdoor Tennis Court,None,Outdoor Tennis Court,None,GWENDOLEN PARK - Outdoor Tennis Court (  1)
4587,3171,651,Outdoor Tennis Court,None,Outdoor Tennis Court,None,GWENDOLEN PARK - Outdoor Tennis Court
4588,3172,651,Outdoor Tennis Court,None,Outdoor Tennis Court,None,GWENDOLEN PARK - Outdoor Tennis Court (  3)
4589,3173,651,Outdoor Tennis Court,None,Outdoor Tennis Court,None,GWENDOLEN PARK - Outdoor Tennis Court (  2)
4590,17784,651,Ball Diamond,sport,Baseball Diamond Field - C,C,GWENDOLEN PARK - Ball Diamond Field
4591,34469,651,Playground,None,Playground Site,None,GWENDOLEN PARK - Playground
4592,49326,651,Outdoor Table Tennis,None,Outdoor Table Tennis,None,GWENDOLEN PARK - Outdoor Table Tennis
4593,71322,651,Outdoor Fitness Equipment,None,Outdoor Fitness Equipment,None,GWENDOLEN PARK - Outdoor Fitness Equipment Area (  1) - Outdoor Fitness Equipment (  1)
4594,71323,651,Outdoor Fitness Equipment,None,Outdoor Fitness Equipment,None,GWENDOLEN PARK - Outdoor Fitness Equipment Area (  1) - Outdoor Fitness Equipment (  2)
4595,71324,651,Outdoor Fitness Equipment,None,Outdoor Fitness Equipment,None,GWENDOLEN PARK - Outdoor Fitness Equipment Area (  1) - Outdoor Fitness Equipment (  3)
4596,71325,651,Outdoor Fitness Equipment,None,Outdoor Fitness Equipment,None,GWENDOLEN PARK - Outdoor Fitness Equipment Area (  2) - Outdoor Fitness Equipment (  1)
4597,71326,651,Outdoor Fitness Equipment,None,Outdoor Fitness Equipment,None,GWENDOLEN PARK - Outdoor Fitness Equipment Area (  2) - Outdoor Fitness Equipment (  2)
4598,71327,651,Outdoor Fitness Equipment,None,Outdoor Fitness Equipment,None,GWENDOLEN PARK - Outdoor Fitness Equipment Area (  2) - Outdoor Fitness Equipment (  3)
4599,71328,651,Outdoor Fitness Equipment,None,Outdoor Fitness Equipment,None,GWENDOLEN PARK - Outdoor Fitness Equipment Area (  3) - Outdoor Fitness Equipment (  1)
4600,71329,651,Outdoor Fitness Equipment,None,Outdoor Fitness Equipment,None,GWENDOLEN PARK - Outdoor Fitness Equipment Area (  3) - Outdoor Fitness Equipment (  2)
4601,71330,651,Outdoor Fitness Equipment,None,Outdoor Fitness Equipment,None,GWENDOLEN PARK - Outdoor Fitness Equipment Area (  3) - Outdoor Fitness Equipment (  3)
4602,102052,651,Bottle Filling Station,None,Water Bottle Filling Count,None,GWENDOLEN PARK - Drinking Water Source
4603,102052,651,Dog Fountain,None,Dog Fountain Count,None,GWENDOLEN PARK - Drinking Water Source
4604,102052,651,Drinking Fountain,None,Drinking Fountain Count,None,GWENDOLEN PARK - Drinking Water Source
4605,132470,651,Outdoor Fitness Equipment,None,Outdoor Fitness Equipment,None,GWENDOLEN PARK - Outdoor Fitness Equipment Area (  4) - Outdoor Fitness Equipment (  1)
4606,132471,651,Outdoor Fitness Equipment,None,Outdoor Fitness Equipment,None,GWENDOLEN PARK - Outdoor Fitness Equipment Area (  4) - Outdoor Fitness Equipment (  2)
4607,132472,651,Outdoor Fitness Equipment,None,Outdoor Fitness Equipment,None,GWENDOLEN PARK - Outdoor Fitness Equipment Area (  5) - Outdoor Fitness Equipment
4608,17336,652,Indoor Rink,ice,Indoor Ice Pad - A,A,HABITANT ARENA - Indoor Ice Pad
4609,17336,652,Indoor Dry Pad,ice,Indoor Dry Pad - A,A,HABITANT ARENA - Indoor Ice Pad
4610,29837,652,Kitchen,room,Kitchen,None,HABITANT ARENA - Kitchen (  1)
4611,30275,652,Dressing Room,None,Change Room,None,HABITANT ARENA - Dressing Room - Unisex (  1)
4612,30276,652,Dressing Room,None,Change Room,None,HABITANT ARENA - Dressing Room - Unisex (  2)
4613,30277,652,Dressing Room,None,Change Room,None,HABITANT ARENA - Dressing Room - Unisex (  3)
4614,47999,652,Dressing Room,None,Change Room,None,HABITANT ARENA - Dressing Room
4615,48000,652,Multipurpose Room,room,Room - C,C,HABITANT ARENA - Multipurpose Room (  1)
4616,48001,652,Multipurpose Room,room,Room - C,C,HABITANT ARENA - Multipurpose Room (  2)
4617,48281,652,Kitchen,room,Kitchen - C,C,HABITANT ARENA - Kitchen (  2)
4618,48282,652,Multipurpose Room,room,Room - C,C,HABITANT ARENA - Multipurpose Room (  3)
4619,22634,653,Bike Trail,None,Bike Trail,None,G. ROSS LORD PARK TRAIL ( 44)
4620,29142,653,Splash Pad,None,Splash/Spray Pad,None,HARRYETTA GARDENS - Splash/Spray Pad
4621,34474,653,Playground,None,Playground Site,None,HARRYETTA GARDENS - Playground
4622,71424,653,Bike Trail,None,Bike Trail,None,G. ROSS LORD PARK TRAIL ( 50)
4623,2278,654,Drinking Fountain,None,Drinking Fountain Count,None,HAVENBROOK PARK - Drinking Water Source
4624,3162,654,Outdoor Tennis Court,None,Outdoor Tennis Court,None,HAVENBROOK PARK - Outdoor Tennis Court (  1)
4625,3163,654,Outdoor Tennis Court,None,Outdoor Tennis Court,None,HAVENBROOK PARK - Outdoor Tennis Court (  2)
4626,3164,654,Outdoor Tennis Court,None,Outdoor Tennis Court,None,HAVENBROOK PARK - Outdoor Tennis Court (  3)
4627,3165,654,Outdoor Tennis Court,None,Outdoor Tennis Court,None,HAVENBROOK PARK - Outdoor Tennis Court (  4)
4628,17789,654,Ball Diamond,sport,Baseball Diamond Field - C,C,HAVENBROOK PARK - Ball Diamond Field
4629,34477,654,Playground,None,Playground Site,None,HAVENBROOK PARK - Playground
4630,60802,654,Kitchen,room,Kitchen,None,HAVENBROOK PARK TENNIS CLUBHOUSE - Kitchen
4631,29839,657,Kitchen,room,Kitchen,None,HAWKSBURY PARK TENNIS CLUBHOUSE - Kitchen
4632,21977,658,Bike Trail,None,Bike Trail,None,BLACK CREEK TRAIL ( 49)
4633,34519,658,Playground,None,Playground Site,None,HEATHROW PARK - Playground
4634,3150,659,Outdoor Tennis Court,None,Outdoor Tennis Court,None,HENDON PARK - Outdoor Tennis Court (  1)
4635,3151,659,Outdoor Tennis Court,None,Outdoor Tennis Court,None,HENDON PARK - Outdoor Tennis Court (  2)
4636,3152,659,Outdoor Tennis Court,None,Outdoor Tennis Court,None,HENDON PARK - Outdoor Tennis Court (  3)
4637,3153,659,Outdoor Tennis Court,None,Outdoor Tennis Court,None,HENDON PARK - Outdoor Tennis Court (  4)
4638,4337,659,Splash Pad,None,Splash/Spray Pad,None,HENDON PARK - Splash/Spray Pad
4639,13275,659,Drinking Fountain,None,Drinking Fountain Count,None,HENDON PARK - Drinking Water Source
4640,18048,659,Ball Diamond,sport,Baseball Diamond Field - A,A,HENDON PARK - Ball Diamond Field (  1)
4641,18049,659,Ball Diamond,sport,Baseball Diamond Field - A,A,HENDON PARK - Ball Diamond Field (  2)
4642,22530,659,Bike Trail,None,Bike Trail,None,FINCH CORRIDOR TRAIL ( 10)
4643,22531,659,Bike Trail,None,Bike Trail,None,FINCH CORRIDOR TRAIL ( 11)
4644,22593,659,Bike Trail,None,Bike Trail,None,FINCH CORRIDOR TRAIL (  8)
4645,22594,659,Bike Trail,None,Bike Trail,None,FINCH CORRIDOR TRAIL (  9)
4646,29453,659,Clubhouse,None,Clubhouse,None,HENDON PARK TENNIS CLUBHOUSE
4647,29453,659,Washroom Facility,None,Washroom Building,None,HENDON PARK TENNIS CLUBHOUSE
4648,32328,659,Parking Lot,None,Outdoor Parking Lot,None,HENDON PARK - Outdoor Parking Lot
4649,34520,659,Playground,None,Playground Site,None,HENDON PARK - Playground
4650,37085,659,Shop,room,Room,None,HENDON PARK TENNIS CLUBHOUSE - Concession Stand
4651,58322,659,Picnic Shelter,picnic,Shelter,None,HENDON PARK - Shade Structure (  1)
4652,71444,659,Bike Trail,None,Bike Trail,None,FINCH CORRIDOR TRAIL ( 19)
4653,71445,659,Bike Trail,None,Bike Trail,None,FINCH CORRIDOR TRAIL ( 20)
4654,71446,659,Bike Trail,None,Bike Trail,None,FINCH CORRIDOR TRAIL ( 21)
4655,71447,659,Bike Trail,None,Bike Trail,None,FINCH CORRIDOR TRAIL ( 22)
4656,13276,660,Dog Fountain,None,Dog Fountain Count,None,HIDDEN TRAIL PARK - Drinking Water Source
4657,13276,660,Drinking Fountain,None,Drinking Fountain Count,None,HIDDEN TRAIL PARK - Drinking Water Source
4658,34486,660,Playground,None,Playground Site,None,HIDDEN TRAIL PARK - Playground
4659,71400,660,Outdoor Table Tennis,None,Outdoor Table Tennis,None,HIDDEN TRAIL PARK - Outdoor Table Tennis
4660,71402,660,Gazebo,None,Gazebo,None,HIDDEN TRAIL PARK - Shade Structure
4661,71403,660,Outdoor Chess Table,None,Outdoor Chess Table,None,HIDDEN TRAIL PARK - Outdoor Chess Table (  1)
4662,71404,660,Outdoor Chess Table,None,Outdoor Chess Table,None,HIDDEN TRAIL PARK - Outdoor Chess Table (  2)
4663,17798,661,Ball Diamond,sport,Baseball Diamond Field - C,C,HOBART PARK - Ball Diamond Field
4664,34498,661,Playground,None,Playground Site,None,HOBART PARK - Playground
4665,3117,663,Pickleball Court,None,None,None,HULLMAR PARK - Tennis Court Area
4666,3117,663,Pickleball Court,None,None,None,HULLMAR PARK - Tennis Court Area
4667,3118,663,Outdoor Tennis Court,None,Outdoor Tennis Court,None,HULLMAR PARK - Outdoor Tennis Court (  1)
4668,3119,663,Outdoor Tennis Court,None,Outdoor Tennis Court,None,HULLMAR PARK - Outdoor Tennis Court (  2)
4669,3120,663,Outdoor Tennis Court,None,Outdoor Tennis Court,None,HULLMAR PARK - Outdoor Tennis Court (  3)
4670,13277,663,Drinking Fountain,None,Drinking Fountain Count,None,HULLMAR PARK - Drinking Water Source
4671,17802,663,Ball Diamond,sport,Baseball Diamond Field - C,C,HULLMAR PARK - Ball Diamond Field
4672,34502,663,Playground,None,Playground Site,None,HULLMAR PARK - Playground
4673,4248,664,Outdoor Pool,pool,Outdoor Pool Tank,None,IRVING W. CHAPLEY COMMUNITY CENTRE - Outdoor Pool Tank
4674,43590,664,Outdoor Rink,ice,Outdoor Ice Pad - A,A,IRVING W. CHAPLEY COMMUNITY CENTRE - Outdoor Ice Pad
4675,43590,664,Outdoor Dry Pad,ice,Outdoor Dry Pad - A,A,IRVING W. CHAPLEY COMMUNITY CENTRE - Outdoor Ice Pad
4676,48004,664,Multipurpose Room,room,Room - C,C,IRVING W. CHAPLEY COMMUNITY CENTRE - Multipurpose Room ( 2)
4677,48307,664,Multipurpose Room,room,Room - C,C,IRVING W. CHAPLEY COMMUNITY CENTRE - Multipurpose Room ( 1)
4678,3084,665,Ball Hockey Pad,None,Ball Hockey Pad,None,IRVING W. CHAPLEY PARK - Ball Hockey
4679,3085,665,Outdoor Basketball Court,None,Basketball Court,None,IRVING W. CHAPLEY PARK - Basketball Court (  2)
4680,3090,665,Pickleball Court,None,None,None,IRVING W. CHAPLEY PARK - Tennis Court Area
4681,3090,665,Pickleball Court,None,None,None,IRVING W. CHAPLEY PARK - Tennis Court Area
4682,3091,665,Outdoor Tennis Court,None,Outdoor Tennis Court,None,IRVING W. CHAPLEY PARK - Outdoor Tennis Court (  1)
4683,3092,665,Outdoor Tennis Court,None,Outdoor Tennis Court,None,IRVING W. CHAPLEY PARK - Outdoor Tennis Court (  2)
4684,4252,665,Splash Pad,None,Splash/Spray Pad,None,IRVING W. CHAPLEY PARK - Splash/Spray Pad
4685,18052,665,Ball Diamond,sport,Baseball Diamond Field - C,C,IRVING W. CHAPLEY PARK - Ball Diamond Field (  1)
4686,18053,665,Ball Diamond,sport,Baseball Diamond Field - C,C,IRVING W. CHAPLEY PARK - Ball Diamond Field (  2)
4687,28403,665,Outdoor Basketball Court,None,Basketball Court,None,IRVING W. CHAPLEY PARK - Basketball Court (  1)
4688,32365,665,Parking Lot,None,Outdoor Parking Lot,None,IRVING W. CHAPLEY PARK - Outdoor Parking Lot
4689,42733,665,Playground,None,Playground Site,None,IRVING W. CHAPLEY PARK - Playground
4690,43668,665,Sports Pad Area,None,Sportspad Area,None,IRVING W. CHAPLEY PARK - Sportspad Area
4691,58323,665,Picnic Shelter,picnic,Shelter,None,IRVING W. CHAPLEY PARK - Shade Structure (  1)
4692,102042,665,Dog Fountain,None,Dog Fountain Count,None,IRVING W. CHAPLEY PARK - Drinking Water Source
4693,102042,665,Bottle Filling Station,None,Water Bottle Filling Count,None,IRVING W. CHAPLEY PARK - Drinking Water Source
4694,102042,665,Drinking Fountain,None,Drinking Fountain Count,None,IRVING W. CHAPLEY PARK - Drinking Water Source
4695,24008,666,Bike Trail,None,Bike Trail,None,TERRY FOX PARK TRAIL (  5)
4696,24009,666,Bike Trail,None,Bike Trail,None,TERRY FOX PARK TRAIL (  1)
4697,34277,666,Playground,None,Playground Site,None,TERRY FOX PARK - Playground
4698,36527,666,Sport Field,sport,Soccer Field - C,C,TERRY FOX PARK - Soccer Field (  1)
4699,36528,666,Sport Field,sport,Soccer Field - C,C,TERRY FOX PARK - Soccer Field (  2)
4700,36529,666,Sport Field,sport,Soccer Field - C,C,TERRY FOX PARK - Soccer Field (  3)
4701,40559,666,Bike Trail,None,Bike Trail,None,TERRY FOX PARK TRAIL (  4)
4702,40560,666,Bike Trail,None,Bike Trail,None,TERRY FOX PARK TRAIL (  3)
4703,40561,666,Bike Trail,None,Bike Trail,None,TERRY FOX PARK TRAIL (  2)
4704,45582,666,Cricket Pitch Field,sport,Cricket Pitch Field - C,C,TERRY FOX PARK - Cricket Pitch Field
4705,967914,666,Picnic Shelter,picnic,Shelter,None,TERRY FOX PARK - Shade Structure
4706,17337,667,Indoor Rink,ice,Indoor Ice Pad - A,A,JOHN BOOTH MEMORIAL ARENA - Indoor Ice Pad
4707,17337,667,Indoor Dry Pad,ice,Indoor Dry Pad - A,A,JOHN BOOTH MEMORIAL ARENA - Indoor Ice Pad
4708,48007,667,Multipurpose Room,room,Room - C,C,JOHN BOOTH MEMORIAL ARENA - Multipurpose Room (  1)
4709,48008,667,Multipurpose Room,room,Room - C,C,JOHN BOOTH MEMORIAL ARENA - Multipurpose Room (  2)
4710,48321,667,Multipurpose Room,room,Room - C,C,JOHN BOOTH MEMORIAL ARENA - Multipurpose Room (  3)
4711,3223,668,Outdoor Basketball Court,None,Basketball Court,None,GLAMORGAN PARK - Basketball Court
4712,4420,668,Splash Pad,None,Splash/Spray Pad,None,GLAMORGAN PARK - Splash/Spray Pad
4713,17775,668,Ball Diamond,sport,Baseball Diamond Field - A,A,GLAMORGAN PARK - Ball Diamond Field
4714,34438,668,Playground,None,Playground Site,None,GLAMORGAN PARK - Playground
4715,41662,668,Washroom Facility,None,Washroom Building,None,GLAMORGAN PARK - Washroom Building
4716,132755,668,Outdoor Table Tennis,None,Outdoor Table Tennis,None,GLAMORGAN PARK - Outdoor Table Tennis
4717,967679,668,Gazebo,None,Gazebo,None,GLAMORGAN PARK - Shade Structure
4718,17776,669,Sport Field,sport,Soccer Field - C,C,GLEN RAVINE PARK - Soccer Field (  5)
4719,18212,669,Sport Field,sport,Soccer Field - C,C,GLEN RAVINE PARK - Soccer Field (  1)
4720,18213,669,Sport Field,sport,Soccer Field - C,C,GLEN RAVINE PARK - Soccer Field (  2)
4721,18214,669,Sport Field,sport,Soccer Field - C,C,GLEN RAVINE PARK - Soccer Field (  3)
4722,18215,669,Sport Field,sport,Soccer Field - C,C,GLEN RAVINE PARK - Soccer Field (  4)
4723,78917,669,Outdoor Fitness Equipment,None,Outdoor Fitness Equipment,None,GLEN RAVINE PARK - Outdoor Fitness Equipment Area - Outdoor Fitness Equipment (  1)
4724,78918,669,Outdoor Fitness Equipment,None,Outdoor Fitness Equipment,None,GLEN RAVINE PARK - Outdoor Fitness Equipment Area - Outdoor Fitness Equipment (  2)
4725,78919,669,Outdoor Fitness Equipment,None,Outdoor Fitness Equipment,None,GLEN RAVINE PARK - Outdoor Fitness Equipment Area - Outdoor Fitness Equipment (  3)
4726,78920,669,Outdoor Fitness Equipment,None,Outdoor Fitness Equipment,None,GLEN RAVINE PARK - Outdoor Fitness Equipment Area - Outdoor Fitness Equipment (  4)
4727,78921,669,Outdoor Fitness Equipment,None,Outdoor Fitness Equipment,None,GLEN RAVINE PARK - Outdoor Fitness Equipment Area - Outdoor Fitness Equipment (  5)
4728,78922,669,Outdoor Fitness Equipment,None,Outdoor Fitness Equipment,None,GLEN RAVINE PARK - Outdoor Fitness Equipment Area - Outdoor Fitness Equipment (  6)
4729,17781,670,Ball Diamond,sport,Baseball Diamond Field - C,C,GREENVALE PARK - Ball Diamond Field
4730,34464,670,Playground,None,Playground Site,None,GREENVALE PARK - Playground
4731,849949,670,Parking Lot,None,Outdoor Parking Lot,None,GREENVALE PARK - Outdoor Parking Lot
4732,17790,671,Ball Diamond,sport,Baseball Diamond Field - B,B,HAVENDALE PARK - Ball Diamond Field
4733,34478,671,Playground,None,Playground Site,None,HAVENDALE PARK - Playground
4734,3030,672,Pickleball Court,None,None,None,KIRKWOOD PARK - Tennis Court Area
4735,3030,672,Pickleball Court,None,None,None,KIRKWOOD PARK - Tennis Court Area
4736,3030,672,Pickleball Court,None,None,None,KIRKWOOD PARK - Tennis Court Area
4737,3030,672,Pickleball Court,None,None,None,KIRKWOOD PARK - Tennis Court Area
4738,3031,672,Outdoor Tennis Court,None,Outdoor Tennis Court,None,KIRKWOOD PARK - Outdoor Tennis Court (  1)
4739,3032,672,Outdoor Tennis Court,None,Outdoor Tennis Court,None,KIRKWOOD PARK - Outdoor Tennis Court (  2)
4740,3033,672,Outdoor Tennis Court,None,Outdoor Tennis Court,None,KIRKWOOD PARK - Outdoor Tennis Court (  3)
4741,3034,672,Outdoor Tennis Court,None,Outdoor Tennis Court,None,KIRKWOOD PARK - Outdoor Tennis Court (  4)
4742,34099,672,Playground,None,Playground Site,None,KIRKWOOD PARK - Playground
4743,2188,674,Drinking Fountain,None,Drinking Fountain Count,None,LANYARD PARK - Drinking Water Source
4744,2996,674,Outdoor Tennis Court,None,Outdoor Tennis Court,None,LANYARD PARK - Outdoor Tennis Court (  1)
4745,2997,674,Outdoor Tennis Court,None,Outdoor Tennis Court,None,LANYARD PARK - Outdoor Tennis Court (  2)
4746,2998,674,Outdoor Tennis Court,None,Outdoor Tennis Court,None,LANYARD PARK - Pickleball Court
4747,2998,674,Pickleball Court,None,None,None,LANYARD PARK - Pickleball Court
4748,2998,674,Pickleball Court,None,None,None,LANYARD PARK - Pickleball Court
4749,4176,674,Splash Pad,None,Splash/Spray Pad,None,LANYARD PARK - Splash/Spray Pad
4750,17526,674,Outdoor Basketball Court,None,Basketball Court,None,LANYARD PARK - Basketball Court
4751,17831,674,Ball Diamond,sport,Baseball Diamond Field - C,C,LANYARD PARK - Ball Diamond Field
4752,34113,674,Playground,None,Playground Site,None,LANYARD PARK - Playground
4753,138477,674,Outdoor Fitness Equipment,None,Outdoor Fitness Equipment,None,LANYARD PARK - Outdoor Fitness Equipment Area - Outdoor Fitness Equipment (  1)
4754,138478,674,Outdoor Fitness Equipment,None,Outdoor Fitness Equipment,None,LANYARD PARK - Outdoor Fitness Equipment Area - Outdoor Fitness Equipment (  2)
4755,138479,674,Outdoor Fitness Equipment,None,Outdoor Fitness Equipment,None,LANYARD PARK - Outdoor Fitness Equipment Area - Outdoor Fitness Equipment (  3)
4756,138480,674,Outdoor Fitness Equipment,None,Outdoor Fitness Equipment,None,LANYARD PARK - Outdoor Fitness Equipment Area - Outdoor Fitness Equipment (  4)
4757,138481,674,Outdoor Fitness Equipment,None,Outdoor Fitness Equipment,None,LANYARD PARK - Outdoor Fitness Equipment Area - Outdoor Fitness Equipment (  5)
4758,138482,674,Outdoor Fitness Equipment,None,Outdoor Fitness Equipment,None,LANYARD PARK - Outdoor Fitness Equipment Area - Outdoor Fitness Equipment (  6)
4759,4169,675,Outdoor Pool,pool,Outdoor Pool Tank,None,LAWRENCE HEIGHTS COMMUNITY CENTRE - Outdoor Pool Tank
4760,28542,675,Children's Garden,None,Children's Garden,None,LAWRENCE HEIGHTS COMMUNITY GARDEN
4761,28542,675,Community Garden,None,Community Garden,None,LAWRENCE HEIGHTS COMMUNITY GARDEN
4762,28944,675,Skateboard Area,None,Skateboard Area,None,LAWRENCE HEIGHTS SKATEBOARD PARK
4763,29865,675,Kitchen,room,Kitchen - B,B,LAWRENCE HEIGHTS COMMUNITY CENTRE - Kitchen
4764,40853,675,Weight/Cardio Room,None,Room-Fitness/Weight,None,LAWRENCE HEIGHTS COMMUNITY CENTRE - Fitness Room
4765,41411,675,Gymnasium,gym,Gymnasium - B,B,LAWRENCE HEIGHTS COMMUNITY CENTRE - Gymnasium
4766,48016,675,Multipurpose Room,room,Room - B,B,LAWRENCE HEIGHTS COMMUNITY CENTRE - Multipurpose Room (  1)
4767,48343,675,Computer/Training Room,room,Room-Computer/Training - C,C,LAWRENCE HEIGHTS COMMUNITY CENTRE - Computer-Training
4768,48344,675,Enhanced Youth Space,None,Room - C,C,LAWRENCE HEIGHTS COMMUNITY CENTRE - Enhanced Youth Space
4769,48345,675,Multipurpose Room,room,Room - C,C,LAWRENCE HEIGHTS COMMUNITY CENTRE - Multipurpose Room (  2)
4770,48346,675,Multipurpose Room,room,Room - C,C,LAWRENCE HEIGHTS COMMUNITY CENTRE - Multipurpose Room (  3)
4771,48347,675,Multipurpose Room,room,Room - C,C,LAWRENCE HEIGHTS COMMUNITY CENTRE - Multipurpose Room (  4)
4772,48348,675,Multipurpose Room,room,Room - C,C,LAWRENCE HEIGHTS COMMUNITY CENTRE - Multipurpose Room (  5)
4773,48349,675,Multipurpose Room,room,Room - C,C,LAWRENCE HEIGHTS COMMUNITY CENTRE - Multipurpose Room (  6)
4774,48350,675,Multipurpose Room,room,Room - C,C,LAWRENCE HEIGHTS COMMUNITY CENTRE - Multipurpose Room (  7)
4775,48351,675,Multipurpose Room,room,Room - C,C,LAWRENCE HEIGHTS COMMUNITY CENTRE - Multipurpose Room (  8)
4776,48352,675,Multipurpose Room,room,Room - C,C,LAWRENCE HEIGHTS COMMUNITY CENTRE - Multipurpose Room (  9)
4777,48353,675,Preschool,room,Preschool - C,C,LAWRENCE HEIGHTS COMMUNITY CENTRE - Preschool
4778,849435,675,Recording Studio,None,Room,None,LAWRENCE HEIGHTS COMMUNITY CENTRE - Media Studio
4779,4297,676,Wading Pool,None,Wading Pool,None,HIGHVIEW PARK - Wading Pool
4780,17795,676,Ball Diamond,sport,Baseball Diamond Field - A,A,HIGHVIEW PARK - Ball Diamond Field (  1)
4781,17796,676,Sport Field,sport,Soccer Field - A,A,HIGHVIEW PARK - Soccer Field
4782,29521,676,Fieldhouse,None,Fieldhouse,None,HIGHVIEW PARK - Fieldhouse
4783,29521,676,Washroom Facility,None,Washroom Building,None,HIGHVIEW PARK - Fieldhouse
4784,32352,676,Parking Lot,None,Outdoor Parking Lot,None,HIGHVIEW PARK - Outdoor Parking Lot (  1)
4785,49519,676,Parking Lot,None,Outdoor Parking Lot,None,HIGHVIEW PARK - Outdoor Parking Lot (  2)
4786,103247,676,Ball Diamond,sport,Baseball Diamond Field - B,B,ROY HALLADAY FIELD
4787,103285,676,Bottle Filling Station,None,Water Bottle Filling Count,None,HIGHVIEW PARK - Drinking Water Source (  1)
4788,103287,676,Bottle Filling Station,None,Water Bottle Filling Count,None,HIGHVIEW PARK - Drinking Water Source (  2)
4789,132519,676,Outdoor Fitness Equipment,None,Outdoor Fitness Equipment,None,HIGHVIEW PARK - Outdoor Fitness Equipment Area - Outdoor Fitness Equipment (  1)
4790,132520,676,Outdoor Fitness Equipment,None,Outdoor Fitness Equipment,None,HIGHVIEW PARK - Outdoor Fitness Equipment Area - Outdoor Fitness Equipment (  2)
4791,132521,676,Outdoor Fitness Equipment,None,Outdoor Fitness Equipment,None,HIGHVIEW PARK - Outdoor Fitness Equipment Area - Outdoor Fitness Equipment (  3)
4792,908459,676,Ball Diamond,sport,Baseball Diamond Field,None,HIGHVIEW PARK - Ball Diamond Field (  2)
4793,2241,677,Drinking Fountain,None,Drinking Fountain Count,None,HORSELEY HILL PARK - Drinking Water Source
4794,4283,677,Splash Pad,None,Splash/Spray Pad,None,HORSELEY HILL PARK - Splash/Spray Pad
4795,17799,677,Ball Diamond,sport,Baseball Diamond Field - C,C,HORSELEY HILL PARK - Ball Diamond Field
4796,17800,677,Sport Field,sport,Soccer Field - C,C,HORSELEY HILL PARK - Soccer Field
4797,34500,677,Playground,None,Playground Site,None,HORSELEY HILL PARK - Playground
4798,1847,678,Washroom Facility,None,Washroom Building,None,LEDBURY COMMUNITY CENTRE
4799,4160,678,Outdoor Pool,pool,Outdoor Pool Tank,None,LEDBURY PARK - Outdoor Pool Tank
4800,13280,678,Drinking Fountain,None,Drinking Fountain Count,None,LEDBURY PARK - Drinking Water Source (  1)
4801,13281,678,Drinking Fountain,None,Drinking Fountain Count,None,LEDBURY PARK - Drinking Water Source (  2)
4802,30395,678,Dressing Room,None,Change Room,None,LEDBURY PARK - Dressing Room
4803,32388,678,Parking Lot,None,Outdoor Parking Lot,None,LEDBURY PARK - Outdoor Parking Lot
4804,43564,678,Outdoor Rink,ice,Outdoor Ice Pad,None,LEDBURY PARK - Outdoor Ice Pad
4805,17801,679,Sport Field,sport,Soccer Field - C,C,HORTON PARK - Soccer Field
4806,34501,679,Playground,None,Playground Site,None,HORTON PARK - Playground
4807,17807,680,Ball Diamond,sport,Baseball Diamond Field - C,C,HUNTSMILL PARK - Ball Diamond Field
4808,17808,680,Sport Field,sport,Soccer Field - C,C,HUNTSMILL PARK - Soccer Field
4809,34509,680,Playground,None,Playground Site,None,HUNTSMILL PARK - Playground
4810,2967,681,Pickleball Court,None,None,None,LILLIAN PARK - Tennis Court Area
4811,2968,681,Outdoor Tennis Court,None,Outdoor Tennis Court,None,LILLIAN PARK - Outdoor Tennis Court (  1)
4812,2969,681,Outdoor Tennis Court,None,Outdoor Tennis Court,None,LILLIAN PARK - Outdoor Tennis Court (  2)
4813,2970,681,Outdoor Tennis Court,None,Outdoor Tennis Court,None,LILLIAN PARK - Outdoor Tennis Court (  3)
4814,34125,681,Playground,None,Playground Site,None,LILLIAN PARK - Playground
4815,3110,682,Outdoor Basketball Court,None,Basketball Court,None,VIOLA DESMOND PARK - Basketball Court
4816,17809,682,Ball Diamond,sport,Baseball Diamond Field - C,C,VIOLA DESMOND PARK - Ball Diamond Field
4817,17810,682,Sport Field,sport,Soccer Field - C,C,VIOLA DESMOND PARK - Soccer Field
4818,34510,682,Playground,None,Playground Site,None,VIOLA DESMOND PARK - Playground
4819,103366,682,Bottle Filling Station,None,Water Bottle Filling Count,None,VIOLA DESMOND PARK - Drinking Water Source
4820,2175,683,Drinking Fountain,None,Drinking Fountain Count,None,LINDYLOU PARK - Drinking Water Source
4821,2965,683,Outdoor Volleyball Court,None,Outdoor Volleyball Court,None,LINDYLOU PARK - Volleyball Court (  1)
4822,2966,683,Outdoor Volleyball Court,None,Outdoor Volleyball Court,None,LINDYLOU PARK - Volleyball Court (  2)
4823,5473,683,Picnic Shelter,picnic,Shelter,None,LINDYLOU PARK - Shade Structure (  1)
4824,5474,683,Picnic Shelter,picnic,Shelter,None,LINDYLOU PARK - Shade Structure (  2)
4825,34171,683,Playground,None,Playground Site,None,LINDYLOU PARK - Playground
4826,34514,684,Playground,None,Playground Site,None,INGLEWOOD HEIGHTS PARK - Playground
4827,13282,685,Drinking Fountain,None,Drinking Fountain Count,None,LISSOM PARK - Drinking Water Source
4828,33774,685,Playground,None,Playground Site,None,LISSOM PARK - Playground
4829,3095,686,Outdoor Tennis Court,None,Outdoor Tennis Court,None,IROQUOIS PARK - Outdoor Tennis Court (  1)
4830,3096,686,Outdoor Tennis Court,None,Outdoor Tennis Court,None,IROQUOIS PARK - Outdoor Tennis Court (  2)
4831,3097,686,Outdoor Tennis Court,None,Outdoor Tennis Court,None,IROQUOIS PARK - Outdoor Tennis Court (  3)
4832,3098,686,Outdoor Volleyball Court,None,Outdoor Volleyball Court,None,IROQUOIS PARK - Volleyball Court
4833,18050,686,Ball Diamond,sport,Baseball Diamond Field - C,C,IROQUOIS PARK - Ball Diamond Field (  1)
4834,18051,686,Ball Diamond,sport,Baseball Diamond Field - C,C,IROQUOIS PARK - Ball Diamond Field (  2)
4835,29536,686,Washroom Facility,None,Washroom Building,None,IROQUOIS PARK - Fieldhouse
4836,29536,686,Fieldhouse,None,Fieldhouse,None,IROQUOIS PARK - Fieldhouse
4837,32363,686,Parking Lot,None,Outdoor Parking Lot,None,IROQUOIS PARK - Outdoor Parking Lot
4838,34517,686,Playground,None,Playground Site,None,IROQUOIS PARK - Playground
4839,33783,687,Playground,None,Playground Site,None,LONGWOOD PARK - Playground
4840,2917,688,Outdoor Basketball Court,None,Basketball Court,None,MAPLE LEAF PARK - Basketball Court
4841,2919,688,Outdoor Bocce Court,None,Outdoor Bocce Court,None,MAPLE LEAF PARK - Outdoor Bocce Court (  1)
4842,2920,688,Outdoor Bocce Court,None,Outdoor Bocce Court,None,MAPLE LEAF PARK - Outdoor Bocce Court (  2)
4843,2921,688,Outdoor Bocce Court,None,Outdoor Bocce Court,None,MAPLE LEAF PARK - Outdoor Bocce Court (  3)
4844,2922,688,Pickleball Court,None,None,None,MAPLE LEAF PARK - Tennis Court Area
4845,2922,688,Pickleball Court,None,None,None,MAPLE LEAF PARK - Tennis Court Area
4846,2922,688,Pickleball Court,None,None,None,MAPLE LEAF PARK - Tennis Court Area
4847,2923,688,Pickleball Court,None,None,None,MAPLE LEAF PARK - Outdoor Tennis Court (  1)
4848,2923,688,Outdoor Tennis Court,None,Outdoor Tennis Court,None,MAPLE LEAF PARK - Outdoor Tennis Court (  1)
4849,2923,688,Pickleball Court,None,None,None,MAPLE LEAF PARK - Outdoor Tennis Court (  1)
4850,2924,688,Outdoor Tennis Court,None,Outdoor Tennis Court,None,MAPLE LEAF PARK - Outdoor Tennis Court (  2)
4851,2925,688,Outdoor Tennis Court,None,Outdoor Tennis Court,None,MAPLE LEAF PARK - Outdoor Tennis Court (  3)
4852,17852,688,Ball Diamond,sport,Baseball Diamond Field - C,C,MAPLE LEAF PARK - Ball Diamond Field
4853,33803,688,Playground,None,Playground Site,None,MAPLE LEAF PARK - Playground
4854,75023,688,Drinking Fountain,None,Drinking Fountain Count,None,MAPLE LEAF PARK - Drinking Water Source (  1)
4855,75024,688,Picnic Shelter,picnic,Shelter,None,MAPLE LEAF PARK - Shade Structure (  1)
4856,75025,688,Outdoor Chess Table,None,Outdoor Chess Table,None,MAPLE LEAF PARK - Outdoor Chess Table (  1)
4857,75026,688,Outdoor Chess Table,None,Outdoor Chess Table,None,MAPLE LEAF PARK - Outdoor Chess Table (  2)
4858,102106,688,Bottle Filling Station,None,Water Bottle Filling Count,None,MAPLE LEAF PARK - Drinking Water Source (  2)
4859,967588,688,Picnic Shelter,picnic,Shelter,None,MAPLE LEAF PARK - Shade Structure (  2)
4860,990759,688,Splash Pad,None,Splash/Spray Pad,None,MAPLE LEAF PARK - Splash/Spray Pad
4861,1001264,688,Outdoor Fitness Equipment,None,Outdoor Fitness Equipment,None,MAPLE LEAF PARK - Outdoor Fitness Equipment Area - Outdoor Fitness Equipment - Parallel Bars
4862,1001265,688,Outdoor Fitness Equipment,None,Outdoor Fitness Equipment,None,MAPLE LEAF PARK - Outdoor Fitness Equipment Area - Outdoor Fitness Equipment - Pull-Up Bars
4863,1001266,688,Outdoor Fitness Equipment,None,Outdoor Fitness Equipment,None,MAPLE LEAF PARK - Outdoor Fitness Equipment Area - Outdoor Fitness Equipment - Step Bench
4864,1001267,688,Outdoor Fitness Equipment,None,Outdoor Fitness Equipment,None,MAPLE LEAF PARK - Outdoor Fitness Equipment Area - Outdoor Fitness Equipment - Push-Up Bars
4865,1001268,688,Outdoor Fitness Equipment,None,Outdoor Fitness Equipment,None,MAPLE LEAF PARK - Outdoor Fitness Equipment Area - Outdoor Fitness Equipment - Alpine V1 Rock Wall
4866,1001269,688,Outdoor Fitness Equipment,None,Outdoor Fitness Equipment,None,MAPLE LEAF PARK - Outdoor Fitness Equipment Area - Outdoor Fitness Equipment - Bamboo Jungle
4867,1001270,688,Outdoor Fitness Equipment,None,Outdoor Fitness Equipment,None,MAPLE LEAF PARK - Outdoor Fitness Equipment Area - Outdoor Fitness Equipment - Dip Station
4868,1001552,688,Picnic Site,picnic,Picnic Site,None,MAPLE LEAF PARK - Picnic Shelter
4869,2881,689,Outdoor Basketball Court,None,Basketball Court,None,MCNICOLL PARK - Basketball Court
4870,2883,689,Outdoor Tennis Court,None,Outdoor Tennis Court,None,MCNICOLL PARK - Outdoor Tennis Court (  1)
4871,2884,689,Outdoor Tennis Court,None,Outdoor Tennis Court,None,MCNICOLL PARK - Outdoor Tennis Court (  2)
4872,2885,689,Outdoor Tennis Court,None,Outdoor Tennis Court,None,MCNICOLL PARK - Outdoor Tennis Court (  3)
4873,4042,689,Splash Pad,None,Splash/Spray Pad,None,MCNICOLL PARK - Splash/Spray Pad
4874,17856,689,Multipurpose Field,None,Multipurpose Field - Premier,P,MCNICOLL PARK - Multipurpose Field
4875,33823,689,Playground,None,Playground Site,None,MCNICOLL PARK - Playground
4876,58229,689,Outdoor Table Tennis,None,Outdoor Table Tennis,None,MCNICOLL PARK - Outdoor Table Tennis (  1)
4877,58230,689,Outdoor Table Tennis,None,Outdoor Table Tennis,None,MCNICOLL PARK - Outdoor Table Tennis (  2)
4878,75144,689,Bottle Filling Station,None,Water Bottle Filling Count,None,MCNICOLL PARK - Drinking Water Source
4879,3028,690,Ball Hockey Pad,None,Ball Hockey Pad,None,KNOB HILL PARK - Ball Hockey
4880,3029,690,Outdoor Basketball Court,None,Basketball Court,None,KNOB HILL PARK - Basketball Court
4881,4193,690,Outdoor Pool,pool,Outdoor Pool Tank,None,KNOB HILL PARK - Outdoor Pool Tank
4882,4195,690,Wading Pool,None,Wading Pool,None,KNOB HILL PARK - Wading Pool
4883,5511,690,Washroom Facility,None,Washroom Building,None,KNOB HILL POOL
4884,24256,690,Bike Trail,None,Bike Trail,None,WEST HIGHLAND CREEK TRAIL ( 52)
4885,24257,690,Bike Trail,None,Bike Trail,None,WEST HIGHLAND CREEK TRAIL ( 53)
4886,24258,690,Bike Trail,None,Bike Trail,None,WEST HIGHLAND CREEK TRAIL ( 54)
4887,24259,690,Bike Trail,None,Bike Trail,None,WEST HIGHLAND CREEK TRAIL ( 55)
4888,24260,690,Bike Trail,None,Bike Trail,None,WEST HIGHLAND CREEK TRAIL ( 56)
4889,32373,690,Parking Lot,None,Outdoor Parking Lot,None,KNOB HILL PARK - Outdoor Parking Lot
4890,43670,690,Sports Pad Area,None,Sportspad Area,None,KNOB HILL PARK - Sportspad Area
4891,79545,690,Playground,None,Playground Site,None,KNOB HILL PARK - Playground W
4892,134752,690,Playground,None,Playground Site,None,KNOB HILL PARK - Playground E
4893,29382,691,Clubhouse,None,Clubhouse,None,DUNLACE PARK TENNIS AND BOCCE CLUBHOUSE
4894,17827,692,Sport Field,sport,Soccer Field - C,C,KNOTT PARK - Soccer Field
4895,34103,692,Playground,None,Playground Site,None,KNOTT PARK - Playground
4896,4020,693,Outdoor Pool,pool,Outdoor Pool Tank,None,MITCHELL FIELD COMMUNITY CENTRE - Outdoor Pool Tank
4897,17359,693,Indoor Rink,ice,Indoor Ice Pad - A,A,MITCHELL FIELD COMMUNITY CENTRE - Indoor Ice Pad
4898,17359,693,Indoor Dry Pad,ice,Indoor Dry Pad - A,A,MITCHELL FIELD COMMUNITY CENTRE - Indoor Ice Pad
4899,29877,693,Kitchen,room,Kitchen,None,MITCHELL FIELD COMMUNITY CENTRE - Kitchen (  2)
4900,29878,693,Kitchen,room,Kitchen - Premier,P,MITCHELL FIELD COMMUNITY CENTRE - Kitchen (  1)
4901,41436,693,Gymnasium,gym,Gymnasium - A,A,MITCHELL FIELD COMMUNITY CENTRE - Gymnasium
4902,48030,693,Craft Room,room,Room-Craft - C,C,MITCHELL FIELD COMMUNITY CENTRE - Craft Room
4903,48031,693,Multipurpose Room,room,Room - C,C,MITCHELL FIELD COMMUNITY CENTRE - Multipurpose Room (  1)
4904,48032,693,Multipurpose Room,room,Room - C,C,MITCHELL FIELD COMMUNITY CENTRE - Multipurpose Room (  2)
4905,48033,693,Multipurpose Room,room,Room - C,C,MITCHELL FIELD COMMUNITY CENTRE - Multipurpose Room (  3)
4906,48386,693,Weight/Cardio Room,None,Room-Fitness/Weight,None,MITCHELL FIELD COMMUNITY CENTRE - Weight Room
4907,48387,693,Meeting Room,None,None,None,MITCHELL FIELD COMMUNITY CENTRE - Meeting Room
4908,57503,693,Indoor Track,None,Indoor Track,None,MITCHELL FIELD COMMUNITY CENTRE - Indoor Track
4909,17861,694,Sport Field,sport,Soccer Field - A,A,MOATFIELD FARM PARK - Soccer Field
4910,49526,694,Parking Lot,None,Outdoor Parking Lot,None,MOATFIELD FARM PARK - Outdoor Parking Lot (  1)
4911,49542,694,Parking Lot,None,Outdoor Parking Lot,None,MOATFIELD FARM PARK - Outdoor Parking Lot (  2)
4912,2856,695,Outdoor Tennis Court,None,Outdoor Tennis Court,None,MOORE PARK - Outdoor Tennis Court (  1)
4913,2857,695,Outdoor Tennis Court,None,Outdoor Tennis Court,None,MOORE PARK - Outdoor Tennis Court (  2)
4914,2858,695,Outdoor Tennis Court,None,Outdoor Tennis Court,None,MOORE PARK - Outdoor Tennis Court (  3)
4915,18076,695,Sport Field,sport,Soccer Field - C,C,MOORE PARK - Soccer Field (  3)
4916,18077,695,Sport Field,sport,Soccer Field - C,C,MOORE PARK - Soccer Field (  4)
4917,18078,695,Sport Field,sport,Soccer Field - C,C,MOORE PARK - Soccer Field (  1)
4918,18079,695,Sport Field,sport,Soccer Field - C,C,MOORE PARK - Soccer Field (  2)
4919,34199,695,Playground,None,Playground Site,None,MOORE PARK - Playground
4920,2733,696,Drinking Fountain,None,Drinking Fountain Count,None,MUIRHEAD PARK - Drinking Water Source
4921,17867,696,Ball Diamond,sport,Baseball Diamond Field - C,C,MUIRHEAD PARK - Ball Diamond Field
4922,34209,696,Playground,None,Playground Site,None,MUIRHEAD PARK - Playground
4923,79392,696,Outdoor Fitness Equipment,None,Outdoor Fitness Equipment,None,MUIRHEAD PARK - Outdoor Fitness Equipment Area - Outdoor Fitness Equipment (  1)
4924,79393,696,Outdoor Fitness Equipment,None,Outdoor Fitness Equipment,None,MUIRHEAD PARK - Outdoor Fitness Equipment Area - Outdoor Fitness Equipment (  2)
4925,79394,696,Outdoor Fitness Equipment,None,Outdoor Fitness Equipment,None,MUIRHEAD PARK - Outdoor Fitness Equipment Area - Outdoor Fitness Equipment (  3)
4926,79395,696,Outdoor Fitness Equipment,None,Outdoor Fitness Equipment,None,MUIRHEAD PARK - Outdoor Fitness Equipment Area - Outdoor Fitness Equipment (  4)
4927,79396,696,Outdoor Fitness Equipment,None,Outdoor Fitness Equipment,None,MUIRHEAD PARK - Outdoor Fitness Equipment Area - Outdoor Fitness Equipment (  5)
4928,79397,696,Outdoor Fitness Equipment,None,Outdoor Fitness Equipment,None,MUIRHEAD PARK - Outdoor Fitness Equipment Area - Outdoor Fitness Equipment (  6)
4929,132503,696,Outdoor Fitness Equipment,None,Outdoor Fitness Equipment,None,MUIRHEAD PARK - Outdoor Fitness Equipment Area - Outdoor Fitness Equipment (  7)
4930,132504,696,Outdoor Fitness Equipment,None,Outdoor Fitness Equipment,None,MUIRHEAD PARK - Outdoor Fitness Equipment Area - Outdoor Fitness Equipment (  8)
4931,132512,696,Outdoor Fitness Equipment,None,Outdoor Fitness Equipment,None,MUIRHEAD PARK - Outdoor Fitness Equipment Area - Outdoor Fitness Equipment (  9)
4932,2192,698,Drinking Fountain,None,Drinking Fountain Count,None,L'AMOREAUX SPORTS COMPLEX - Drinking Water Source (  1)
4933,2193,698,Drinking Fountain,None,Drinking Fountain Count,None,L'AMOREAUX SPORTS COMPLEX - Drinking Water Source (  2)
4934,2194,698,Drinking Fountain,None,Drinking Fountain Count,None,L'AMOREAUX SPORTS COMPLEX - Drinking Water Source (  3)
4935,13850,698,Washroom Facility,None,Washroom Building,None,L'AMOREAUX SPORTS CENTRE
4936,17829,698,Ball Diamond,sport,Baseball Diamond Field - B,B,L'AMOREAUX SPORTS COMPLEX - Ball Diamond Field (  1)
4937,18058,698,Ball Diamond,sport,Baseball Diamond Field - Premier,P,L'AMOREAUX SPORTS COMPLEX - Ball Diamond Field (  2)
4938,18161,698,Sport Field,sport,Soccer Field - Premier,P,L'AMOREAUX SPORTS COMPLEX - Soccer Field (  1)
4939,18162,698,Sport Field,sport,Soccer Field - Premier,P,L'AMOREAUX SPORTS COMPLEX - Soccer Field (  2)
4940,18163,698,Sport Field,sport,Soccer Field - Premier,P,L'AMOREAUX SPORTS COMPLEX - Soccer Field (  3)
4941,24149,698,Bike Trail,None,Bike Trail,None,WEST HIGHLAND CREEK TRAIL (101)
4942,24150,698,Bike Trail,None,Bike Trail,None,WEST HIGHLAND CREEK TRAIL (102)
4943,24151,698,Bike Trail,None,Bike Trail,None,WEST HIGHLAND CREEK TRAIL (103)
4944,24152,698,Bike Trail,None,Bike Trail,None,WEST HIGHLAND CREEK TRAIL (104)
4945,24153,698,Bike Trail,None,Bike Trail,None,WEST HIGHLAND CREEK TRAIL (105)
4946,24154,698,Bike Trail,None,Bike Trail,None,WEST HIGHLAND CREEK TRAIL (106)
4947,24155,698,Bike Trail,None,Bike Trail,None,WEST HIGHLAND CREEK TRAIL (107)
4948,24156,698,Bike Trail,None,Bike Trail,None,WEST HIGHLAND CREEK TRAIL (108)
4949,24157,698,Bike Trail,None,Bike Trail,None,WEST HIGHLAND CREEK TRAIL (109)
4950,28316,698,Picnic Site,picnic,Picnic Site,None,L'AMOREAUX SPORTS COMPLEX - Picnic Site 1(A)
4951,29022,698,Ball Diamond,sport,Baseball Diamond Field - B,B,L'AMOREAUX SPORTS COMPLEX - Ball Diamond Field (  3)
4952,32380,698,Parking Lot,None,Outdoor Parking Lot,None,L'AMOREAUX SPORTS COMPLEX - Outdoor Parking Lot (  1)
4953,32381,698,Parking Lot,None,Outdoor Parking Lot,None,L'AMOREAUX SPORTS COMPLEX - Outdoor Parking Lot (  2)
4954,32382,698,Parking Lot,None,Outdoor Parking Lot,None,L'AMOREAUX SPORTS COMPLEX - Outdoor Parking Lot (  3)
4955,32383,698,Parking Lot,None,Outdoor Parking Lot,None,L'AMOREAUX SPORTS COMPLEX - Outdoor Parking Lot (  4)
4956,32384,698,Parking Lot,None,Outdoor Parking Lot,None,L'AMOREAUX SPORTS COMPLEX - Outdoor Parking Lot (  5)
4957,32385,698,Parking Lot,None,Outdoor Parking Lot,None,L'AMOREAUX SPORTS COMPLEX - Outdoor Parking Lot (  6)
4958,34110,698,Playground,None,Playground Site,None,L'AMOREAUX SPORTS COMPLEX - Playground NW
4959,36264,698,Washroom Facility,None,Washroom Building,None,KIDSTOWN
4960,36264,698,Change Room Facility,None,Changeroom Building,None,KIDSTOWN
4961,36526,698,Sport Field,sport,Soccer Field - Premier,P,L'AMOREAUX SPORTS COMPLEX - Soccer Field (  4)
4962,41109,698,Bottle Filling Station,None,Water Bottle Filling Count,None,L'AMOREAUX SPORTS COMPLEX - Drinking Water Source (  4)
4963,41109,698,Bottle Filling Station,None,Water Bottle Filling Count,None,L'AMOREAUX SPORTS COMPLEX - Drinking Water Source (  4)
4964,42658,698,Playground,None,Playground Site,None,L'AMOREAUX SPORTS COMPLEX - Playground SE
4965,47903,698,Multipurpose Room,room,Room - B,B,L'AMOREAUX SPORTS CENTRE  - Multipurpose Room
4966,49572,698,Picnic Site,picnic,Picnic Site,None,KIDSTOWN WATER PARK - Picnic Site (  1)
4967,49573,698,Picnic Site,picnic,Picnic Site,None,KIDSTOWN WATER PARK - Picnic Site (  2)
4968,49574,698,Picnic Site,picnic,Picnic Site,None,KIDSTOWN WATER PARK - Picnic Site (  3)
4969,57682,698,Picnic Shelter,picnic,Shelter,None,L'AMOREAUX SPORTS COMPLEX - Shade Structure (  1)
4970,850094,698,Parking Lot,None,Outdoor Parking Lot,None,L'AMOREAUX SPORTS COMPLEX - Outdoor Parking Lot (  7)
4971,850095,698,Parking Lot,None,Outdoor Parking Lot,None,L'AMOREAUX SPORTS COMPLEX - Outdoor Parking Lot (  8)
4972,850096,698,Parking Lot,None,Outdoor Parking Lot,None,L'AMOREAUX SPORTS COMPLEX - Outdoor Parking Lot (  9)
4973,967730,698,Gazebo,None,Gazebo,None,L'AMOREAUX SPORTS COMPLEX - Shade Structure (  2)
4974,3013,699,Outdoor Tennis Court,None,Outdoor Tennis Court,None,L'AMOREAUX SPORTS COMPLEX - Outdoor Tennis Court (  5)
4975,3020,699,Outdoor Tennis Court,None,Outdoor Tennis Court,None,L'AMOREAUX SPORTS COMPLEX - Outdoor Tennis Court (  4)
4976,3022,699,Outdoor Tennis Court,None,Outdoor Tennis Court,None,L'AMOREAUX SPORTS COMPLEX - Outdoor Tennis Court (  2)
4977,3024,699,Outdoor Tennis Court,None,Outdoor Tennis Court,None,L'AMOREAUX SPORTS COMPLEX - Outdoor Tennis Court (  3)
4978,3026,699,Outdoor Tennis Court,None,Outdoor Tennis Court,None,L'AMOREAUX SPORTS COMPLEX - Outdoor Tennis Court (  1)
4979,13045,699,Washroom Facility,None,Washroom Building,None,L'AMOREAUX TENNIS CENTRE
4980,13852,699,Indoor Tennis Court,None,Indoor Tennis Court,None,L'AMOREAUX TENNIS CENTRE - Indoor Tennis Court (  1)
4981,13853,699,Indoor Tennis Court,None,Indoor Tennis Court,None,L'AMOREAUX TENNIS CENTRE - Indoor Tennis Court (  2)
4982,13854,699,Indoor Tennis Court,None,Indoor Tennis Court,None,L'AMOREAUX TENNIS CENTRE - Indoor Tennis Court (  3)
4983,13855,699,Indoor Tennis Court,None,Indoor Tennis Court,None,L'AMOREAUX TENNIS CENTRE - Indoor Tennis Court (  4)
4984,13857,699,Indoor Tennis Court,None,Indoor Tennis Court,None,L'AMOREAUX TENNIS DOME - Indoor Tennis Court (  1)
4985,13858,699,Indoor Tennis Court,None,Indoor Tennis Court,None,L'AMOREAUX TENNIS DOME - Indoor Tennis Court (  2)
4986,13859,699,Indoor Tennis Court,None,Indoor Tennis Court,None,L'AMOREAUX TENNIS DOME - Indoor Tennis Court (  3)
4987,13860,699,Indoor Tennis Court,None,Indoor Tennis Court,None,L'AMOREAUX TENNIS DOME - Indoor Tennis Court (  4)
4988,13861,699,Indoor Tennis Court,None,Indoor Tennis Court,None,L'AMOREAUX TENNIS DOME - Indoor Tennis Court (  5)
4989,3970,700,Outdoor Tennis Court,None,Outdoor Tennis Court,None,NORTH PARK - Outdoor Tennis Court (  1)
4990,3971,700,Outdoor Tennis Court,None,Outdoor Tennis Court,None,NORTH PARK - Outdoor Tennis Court (  2)
4991,23649,700,Bike Trail,None,Bike Trail,None,NORTH PARK TRAIL (  1)
4992,23650,700,Bike Trail,None,Bike Trail,None,NORTH PARK TRAIL (  2)
4993,23651,700,Bike Trail,None,Bike Trail,None,NORTH PARK TRAIL (  3)
4994,23652,700,Bike Trail,None,Bike Trail,None,NORTH PARK TRAIL (  4)
4995,23653,700,Bike Trail,None,Bike Trail,None,NORTH PARK TRAIL (  5)
4996,23654,700,Bike Trail,None,Bike Trail,None,NORTH PARK TRAIL (  6)
4997,23655,700,Bike Trail,None,Bike Trail,None,NORTH PARK TRAIL (  7)
4998,23656,700,Bike Trail,None,Bike Trail,None,NORTH PARK TRAIL (  8)
4999,23657,700,Bike Trail,None,Bike Trail,None,NORTH PARK TRAIL (  9)
5000,34225,700,Playground,None,Playground Site,None,NORTH PARK - Playground
5001,102251,700,Drinking Fountain,None,Drinking Fountain Count,None,NORTH PARK - Drinking Water Source
5002,850028,700,Parking Lot,None,Outdoor Parking Lot,None,NORTH PARK - Outdoor Parking Lot
5003,17847,701,Ball Diamond,sport,Baseball Diamond Field - C,C,MAIDAVALE PARK - Ball Diamond Field
5004,33797,701,Playground,None,Playground Site,None,MAIDAVALE PARK - Playground
5005,17369,702,Indoor Dry Pad,ice,Indoor Dry Pad - A,A,MALVERN RECREATION CENTRE - Indoor Ice Pad (  1)
5006,17369,702,Indoor Rink,ice,Indoor Ice Pad - A,A,MALVERN RECREATION CENTRE - Indoor Ice Pad (  1)
5007,29867,702,Kitchen,room,Kitchen - A,A,MALVERN RECREATION CENTRE - Kitchen (  2)
5008,29868,702,Kitchen,room,Kitchen,None,MALVERN RECREATION CENTRE - Kitchen (  1)
5009,41418,702,Gymnasium,gym,Gymnasium - A,A,MALVERN RECREATION CENTRE - Gymnasium
5010,44342,702,Indoor Dry Pad,ice,Indoor Dry Pad - A,A,MALVERN RECREATION CENTRE - Indoor Ice Pad (  2)
5011,44342,702,Indoor Rink,ice,Indoor Ice Pad - A,A,MALVERN RECREATION CENTRE - Indoor Ice Pad (  2)
5012,48018,702,Multipurpose Room,room,Room - B,B,MALVERN RECREATION CENTRE - Multipurpose Room (  1)
5013,48355,702,Computer/Training Room,room,Room-Computer/Training - C,C,MALVERN RECREATION CENTRE - Computer-Training
5014,48356,702,Lounge,room,Room - C,C,MALVERN RECREATION CENTRE - Lounge
5015,48357,702,Multipurpose Room,room,Room - C,C,MALVERN RECREATION CENTRE - Multipurpose Room (  2)
5016,48358,702,Multipurpose Room,room,Room - C,C,MALVERN RECREATION CENTRE - Multipurpose Room (  3)
5017,57522,702,Skateboard Area,None,Skateboard Area,None,MALVERN RECREATION CENTRE - Indoor Skateboard Area
5018,5319,703,Outdoor Pool,pool,Outdoor Pool Tank,None,NORTHWOOD COMMUNITY CENTRE - Outdoor Pool Tank
5019,29891,703,Kitchen,room,Kitchen,None,NORTHWOOD COMMUNITY CENTRE - Kitchen (  3)
5020,29892,703,Kitchen,room,Kitchen,None,NORTHWOOD COMMUNITY CENTRE - Kitchen (  2)
5021,29893,703,Kitchen,room,Kitchen - B,B,NORTHWOOD COMMUNITY CENTRE - Kitchen (  1)
5022,30550,703,Dressing Room,None,Change Room,None,NORTHWOOD COMMUNITY CENTRE - Dressing Room - Female
5023,30551,703,Dressing Room,None,Change Room,None,NORTHWOOD COMMUNITY CENTRE - Dressing Room - Male
5024,40862,703,Weight/Cardio Room,None,Room-Fitness/Weight,None,NORTHWOOD COMMUNITY CENTRE - Weight Room
5025,41446,703,Gymnasium,gym,Gymnasium - B,B,NORTHWOOD COMMUNITY CENTRE - Gymnasium
5026,48040,703,Enhanced Youth Space,None,Room - C,C,NORTHWOOD COMMUNITY CENTRE - Enhanced Youth Space
5027,48397,703,Gallery,room,Gallery/Hall  - A,A,NORTHWOOD COMMUNITY CENTRE - Gallery/Hall
5028,48398,703,Meeting Room,None,None,None,NORTHWOOD COMMUNITY CENTRE - Meeting Room
5029,48399,703,Multipurpose Room,room,Room - C,C,NORTHWOOD COMMUNITY CENTRE - Multipurpose Room (  1)
5030,48400,703,Multipurpose Room,room,Room - C,C,NORTHWOOD COMMUNITY CENTRE - Multipurpose Room (  2)
5031,48401,703,Multipurpose Room,room,Room - C,C,NORTHWOOD COMMUNITY CENTRE - Multipurpose Room (  3)
5032,48402,703,Multipurpose Room,room,Room - C,C,NORTHWOOD COMMUNITY CENTRE - Multipurpose Room (  4)
5033,48403,703,Multipurpose Room,room,Room - C,C,NORTHWOOD COMMUNITY CENTRE - Multipurpose Room (  5)
5034,48405,703,Preschool,room,Preschool - C,C,NORTHWOOD COMMUNITY CENTRE - Preschool
5035,2136,704,Drinking Fountain,None,Drinking Fountain Count,None,MARYVALE PARK - Drinking Water Source
5036,2908,704,Outdoor Tennis Court,None,Outdoor Tennis Court,None,MARYVALE PARK - Outdoor Tennis Court (  1)
5037,2909,704,Outdoor Tennis Court,None,Outdoor Tennis Court,None,MARYVALE PARK - Outdoor Tennis Court (  2)
5038,2910,704,Outdoor Tennis Court,None,Outdoor Tennis Court,None,MARYVALE PARK - Outdoor Tennis Court (  3)
5039,4069,704,Outdoor Pool,pool,Outdoor Pool Tank,None,MARYVALE PARK - Outdoor Pool Tank
5040,4071,704,Wading Pool,None,Wading Pool,None,MARYVALE PARK - Wading Pool
5041,5445,704,Washroom Facility,None,Washroom Building,None,MARYVALE PARK OUTDOOR POOL BUILDING
5042,18164,704,Ball Diamond,sport,Baseball Diamond Field - C,C,MARYVALE PARK - Ball Diamond Field (  1)
5043,18165,704,Ball Diamond,sport,Baseball Diamond Field - C,C,MARYVALE PARK - Ball Diamond Field (  2)
5044,18166,704,Ball Diamond,sport,Baseball Diamond Field - C,C,MARYVALE PARK - Ball Diamond Field (  3)
5045,32393,704,Parking Lot,None,Outdoor Parking Lot,None,MARYVALE PARK - Outdoor Parking Lot
5046,33810,704,Playground,None,Playground Site,None,MARYVALE PARK - Playground
5047,29929,705,Kitchen,room,Kitchen - B,B,TRACE MANES PARK COMMUNITY CENTRE - Kitchen (  2)
5048,29930,705,Kitchen,room,Kitchen - B,B,TRACE MANES PARK COMMUNITY CENTRE - Kitchen (  1)
5049,48069,705,Lounge,room,Room - C,C,TRACE MANES PARK COMMUNITY CENTRE - Lounge
5050,48070,705,Meeting Room,None,None,None,TRACE MANES PARK COMMUNITY CENTRE - Meeting Room
5051,48491,705,Multipurpose Room,room,Room - C,C,TRACE MANES PARK COMMUNITY CENTRE - Multipurpose Room (  1)
5052,48492,705,Multipurpose Room,room,Room - C,C,TRACE MANES PARK COMMUNITY CENTRE - Multipurpose Room (  2)
5053,17851,706,Sport Field,sport,Soccer Field - C,C,MANHATTAN PARK - Soccer Field
5054,18060,706,Ball Diamond,sport,Baseball Diamond Field - C,C,MANHATTAN PARK - Ball Diamond Field (  1)
5055,18061,706,Ball Diamond,sport,Baseball Diamond Field - C,C,MANHATTAN PARK - Ball Diamond Field (  2)
5056,33801,706,Playground,None,Playground Site,None,MANHATTAN PARK - Playground
5057,24159,707,Bike Trail,None,Bike Trail,None,WEST HIGHLAND CREEK TRAIL (110)
5058,24160,707,Bike Trail,None,Bike Trail,None,WEST HIGHLAND CREEK TRAIL (111)
5059,33820,707,Playground,None,Playground Site,None,MCCOWAN PARK - Playground N
5060,76287,707,Dogs Off-Leash Area,None,Off Leash Area,None,MCCOWAN PARK - Off Leash Area
5061,76289,707,Playground,None,Playground Site,None,MCCOWAN PARK - Playground S
5062,2860,708,Outdoor Tennis Court,None,Outdoor Tennis Court,None,MAJOR ABBAS ALI PARK - Outdoor Tennis Court (  1)
5063,2861,708,Outdoor Tennis Court,None,Outdoor Tennis Court,None,MAJOR ABBAS ALI PARK - Outdoor Tennis Court (  2)
5064,2862,708,Outdoor Tennis Court,None,Outdoor Tennis Court,None,MAJOR ABBAS ALI PARK - Outdoor Tennis Court (  3)
5065,18074,708,Sport Field,sport,Soccer Field - A,A,MAJOR ABBAS ALI PARK - Soccer Field (  1)
5066,18075,708,Sport Field,sport,Soccer Field - A,A,MAJOR ABBAS ALI PARK - Soccer Field (  2)
5067,32405,708,Parking Lot,None,Outdoor Parking Lot,None,MAJOR ABBAS ALI PARK - Outdoor Parking Lot
5068,102015,708,Bottle Filling Station,None,Water Bottle Filling Count,None,MAJOR ABBAS ALI PARK - Drinking Water Source (  2)
5069,3956,709,Outdoor Basketball Court,None,Basketball Court,None,OAKDALE PARK - Basketball Court (  1)
5070,28538,709,Community Garden,None,Community Garden,None,OAKDALE COMMUNITY GARDEN
5071,29003,709,Outdoor Basketball Court,None,Basketball Court,None,OAKDALE PARK - Basketball Court (  2)
5072,32416,709,Parking Lot,None,Outdoor Parking Lot,None,OAKDALE PARK - Outdoor Parking Lot
5073,34231,709,Playground,None,Playground Site,None,OAKDALE PARK - Playground
5074,49723,709,Outdoor Table Tennis,None,Outdoor Table Tennis,None,OAKDALE PARK - Outdoor Table Tennis
5075,67043,709,Outdoor Chess Table,None,Outdoor Chess Table,None,OAKDALE PARK - Outdoor Chess Table (  1)
5076,67044,709,Outdoor Chess Table,None,Outdoor Chess Table,None,OAKDALE PARK - Outdoor Chess Table (  2)
5077,78897,709,Outdoor Fitness Equipment,None,Outdoor Fitness Equipment,None,OAKDALE PARK - Outdoor Fitness Equipment Area - Outdoor Fitness Equipment (  1)
5078,78898,709,Outdoor Fitness Equipment,None,Outdoor Fitness Equipment,None,OAKDALE PARK - Outdoor Fitness Equipment Area - Outdoor Fitness Equipment (  2)
5079,78899,709,Outdoor Fitness Equipment,None,Outdoor Fitness Equipment,None,OAKDALE PARK - Outdoor Fitness Equipment Area - Outdoor Fitness Equipment (  3)
5080,78900,709,Outdoor Fitness Equipment,None,Outdoor Fitness Equipment,None,OAKDALE PARK - Outdoor Fitness Equipment Area - Outdoor Fitness Equipment (  4)
5081,78901,709,Outdoor Fitness Equipment,None,Outdoor Fitness Equipment,None,OAKDALE PARK - Outdoor Fitness Equipment Area - Outdoor Fitness Equipment (  5)
5082,78902,709,Outdoor Fitness Equipment,None,Outdoor Fitness Equipment,None,OAKDALE PARK - Outdoor Fitness Equipment Area - Outdoor Fitness Equipment (  6)
5083,78903,709,Outdoor Fitness Equipment,None,Outdoor Fitness Equipment,None,OAKDALE PARK - Outdoor Fitness Equipment Area - Outdoor Fitness Equipment (  7)
5084,78904,709,Outdoor Fitness Equipment,None,Outdoor Fitness Equipment,None,OAKDALE PARK - Outdoor Fitness Equipment Area - Outdoor Fitness Equipment (  8)
5085,79965,709,Picnic Shelter,picnic,Shelter,None,OAKDALE PARK - Shade Structure (  1)
5086,93842,709,Outdoor Chess Table,None,Outdoor Chess Table,None,OAKDALE PARK - Outdoor Chess Table (  3)
5087,2878,710,Outdoor Bocce Court,None,Outdoor Bocce Court,None,MEGAN PARK - Outdoor Bocce Court (  1)
5088,2879,710,Outdoor Bocce Court,None,Outdoor Bocce Court,None,MEGAN PARK - Outdoor Bocce Court (  2)
5089,2880,710,Outdoor Bocce Court,None,Outdoor Bocce Court,None,MEGAN PARK - Outdoor Bocce Court (  3)
5090,33824,710,Playground,None,Playground Site,None,MEGAN PARK - Playground
5091,34233,711,Playground,None,Playground Site,None,OLD ORCHARD PARK - Playground
5092,102056,711,Bottle Filling Station,None,Water Bottle Filling Count,None,OLD ORCHARD PARK - Drinking Water Source
5093,17366,712,Indoor Dry Pad,ice,Indoor Dry Pad - A,A,DON MONTGOMERY COMMUNITY RECREATION CENTRE - Indoor Ice Pad (  1)
5094,17366,712,Indoor Rink,ice,Indoor Ice Pad - A,A,DON MONTGOMERY COMMUNITY RECREATION CENTRE - Indoor Ice Pad (  1)
5095,29801,712,Kitchen,room,Kitchen - A,A,DON MONTGOMERY COMMUNITY RECREATION CENTRE - Kitchen
5096,41306,712,Gymnasium,gym,Gymnasium - B,B,DON MONTGOMERY COMMUNITY RECREATION CENTRE - Gymnasium
5097,44343,712,Indoor Rink,ice,Indoor Ice Pad - A,A,DON MONTGOMERY COMMUNITY RECREATION CENTRE - Indoor Ice Pad (  2)
5098,44343,712,Indoor Dry Pad,ice,Indoor Dry Pad - A,A,DON MONTGOMERY COMMUNITY RECREATION CENTRE - Indoor Ice Pad (  2)
5099,46422,712,ProShop,room,Proshop,None,DON MONTGOMERY COMMUNITY RECREATION CENTRE - ProShop
5100,47963,712,Games Room,room,Games Room - C,C,DON MONTGOMERY COMMUNITY RECREATION CENTRE - Games Room
5101,47964,712,Enhanced Youth Space,None,Room - C,C,DON MONTGOMERY COMMUNITY RECREATION CENTRE - Enhanced Youth Space
5102,47965,712,Multipurpose Room,room,Room - C,C,DON MONTGOMERY COMMUNITY RECREATION CENTRE - Multipurpose Room (  1)
5103,48188,712,Fitness/Dance Studio,None,Room - C,C,DON MONTGOMERY COMMUNITY RECREATION CENTRE - Fitness/Dance Studio
5104,48189,712,Lounge,room,Room - C,C,DON MONTGOMERY COMMUNITY RECREATION CENTRE - Lounge (  1)
5105,48190,712,Meeting Room,None,None,None,DON MONTGOMERY COMMUNITY RECREATION CENTRE - Meeting Room
5106,48191,712,Multipurpose Room,room,Room - C,C,DON MONTGOMERY COMMUNITY RECREATION CENTRE - Multipurpose Room (  2)
5107,48192,712,Multipurpose Room,room,Room - C,C,DON MONTGOMERY COMMUNITY RECREATION CENTRE - Multipurpose Room (  3)
5108,48193,712,Multipurpose Room,room,Room - B,B,DON MONTGOMERY COMMUNITY RECREATION CENTRE - Multipurpose Room (  4)
5109,48194,712,Multipurpose Room,room,Room - C,C,DON MONTGOMERY COMMUNITY RECREATION CENTRE - Multipurpose Room (  5)
5110,849434,712,Recording Studio,None,Room,None,DON MONTGOMERY COMMUNITY RECREATION CENTRE - Recording Studio
5111,17980,713,Ball Diamond,sport,Baseball Diamond Field - C,C,WESTLAKE PARK - Ball Diamond Field
5112,34130,713,Playground,None,Playground Site,None,WESTLAKE PARK - Playground
5113,116979,713,Dog Fountain,None,Dog Fountain Count,None,WESTLAKE PARK - Drinking Water Source
5114,116979,713,Bottle Filling Station,None,Water Bottle Filling Count,None,WESTLAKE PARK - Drinking Water Source
5115,116979,713,Drinking Fountain,None,Drinking Fountain Count,None,WESTLAKE PARK - Drinking Water Source
5116,850045,713,Parking Lot,None,Outdoor Parking Lot,None,WESTLAKE PARK - Outdoor Parking Lot
5117,5301,714,Outdoor Pool,pool,Outdoor Pool Tank,None,ORIOLE COMMUNITY RECREATION CENTRE - Outdoor Pool Tank
5118,17371,714,Indoor Dry Pad,ice,Indoor Dry Pad - A,A,ORIOLE COMMUNITY RECREATION CENTRE - Indoor Ice Pad
5119,17371,714,Indoor Rink,ice,Indoor Ice Pad - A,A,ORIOLE COMMUNITY RECREATION CENTRE - Indoor Ice Pad
5120,29898,714,Kitchen,room,Kitchen - A,A,ORIOLE COMMUNITY RECREATION CENTRE - Kitchen
5121,40865,714,Weight/Cardio Room,None,Room-Fitness/Weight,None,ORIOLE COMMUNITY RECREATION CENTRE - Weight Room
5122,41451,714,Gymnasium,gym,Gymnasium - B,B,ORIOLE COMMUNITY RECREATION CENTRE - Gymnasium
5123,48041,714,Multipurpose Room,room,Room - C,C,ORIOLE COMMUNITY RECREATION CENTRE - Multipurpose Room (  8)
5124,48042,714,Multipurpose Room,room,Room - C,C,ORIOLE COMMUNITY RECREATION CENTRE - Multipurpose Room (  4)
5125,48044,714,Multipurpose Room,room,Room,None,ORIOLE COMMUNITY RECREATION CENTRE - Multipurpose Room (  1)
5126,48045,714,Multipurpose Room,room,Room - B,B,ORIOLE COMMUNITY RECREATION CENTRE - Multipurpose Room (  2)
5127,48046,714,Multipurpose Room,room,Room - C,C,ORIOLE COMMUNITY RECREATION CENTRE - Multipurpose Room (  3)
5128,48411,714,Multipurpose Room,room,Room - C,C,ORIOLE COMMUNITY RECREATION CENTRE - Multipurpose Room (  6)
5129,48412,714,Multipurpose Room,room,Room - C,C,ORIOLE COMMUNITY RECREATION CENTRE - Multipurpose Room (  7)
5130,48413,714,Multipurpose Room,room,Room - B,B,ORIOLE COMMUNITY RECREATION CENTRE - Multipurpose Room (  5)
5131,1002150,714,Fitness/Dance Studio,None,Room - C,C,ORIOLE COMMUNITY RECREATION CENTRE - Fitness/Dance Studio
5132,17821,715,Ball Diamond,sport,Baseball Diamond Field - A,A,NORTH KEELESDALE PARK - Ball Diamond Field
5133,29546,715,Change Room Facility,None,Changeroom Building,None,NORTH KEELESDALE PARK - Fieldhouse
5134,29546,715,Fieldhouse,None,Fieldhouse,None,NORTH KEELESDALE PARK - Fieldhouse
5135,102117,715,Bottle Filling Station,None,Water Bottle Filling Count,None,NORTH KEELESDALE PARK - Drinking Water Source (  2)
5136,850038,715,Parking Lot,None,Outdoor Parking Lot,None,NORTH KEELESDALE PARK - Outdoor Parking Lot
5137,2936,716,Outdoor Basketball Court,None,Basketball Court,None,MAGWOOD PARK - Basketball Court
5138,17757,716,Ball Diamond,sport,Baseball Diamond Field - C,C,MAGWOOD PARK - Ball Diamond Field
5139,23022,716,Bike Trail,None,Bike Trail,None,HUMBER RIVER RECREATIONAL TRAIL ( 43)
5140,23023,716,Bike Trail,None,Bike Trail,None,HUMBER RIVER RECREATIONAL TRAIL ( 44)
5141,33796,716,Playground,None,Playground Site,None,MAGWOOD PARK - Playground
5142,17887,718,Ball Diamond,sport,Baseball Diamond Field - C,C,PARKWAY FOREST PARK - Ball Diamond Field
5143,17888,718,Sport Field,sport,Soccer Field - C,C,PARKWAY FOREST PARK - Soccer Field
5144,34244,718,Playground,None,Playground Site,None,PARKWAY FOREST PARK - Playground S
5145,60387,718,Outdoor Pool,pool,Outdoor Pool Tank,None,PARKWAY FOREST OUTDOOR POOL - Outdoor Pool Tank (  1)
5146,60388,718,Outdoor Pool,pool,Outdoor Pool Tank,None,PARKWAY FOREST OUTDOOR POOL - Outdoor Pool Tank (  2)
5147,70642,718,Splash Pad,None,Splash/Spray Pad,None,PARKWAY FOREST PARK - Splash/Spray Pad
5148,79420,718,Outdoor Fitness Equipment,None,Outdoor Fitness Equipment,None,PARKWAY FOREST PARK - Outdoor Fitness Equipment Area - Outdoor Fitness Equipment (  1)
5149,79421,718,Outdoor Fitness Equipment,None,Outdoor Fitness Equipment,None,PARKWAY FOREST PARK - Outdoor Fitness Equipment Area - Outdoor Fitness Equipment (  2)
5150,79422,718,Outdoor Fitness Equipment,None,Outdoor Fitness Equipment,None,PARKWAY FOREST PARK - Outdoor Fitness Equipment Area - Outdoor Fitness Equipment (  3)
5151,79423,718,Outdoor Fitness Equipment,None,Outdoor Fitness Equipment,None,PARKWAY FOREST PARK - Outdoor Fitness Equipment Area - Outdoor Fitness Equipment (  4)
5152,850048,718,Parking Lot,None,Outdoor Parking Lot,None,PARKWAY FOREST PARK - Outdoor Parking Lot (  1)
5153,850049,718,Parking Lot,None,Outdoor Parking Lot,None,PARKWAY FOREST PARK - Outdoor Parking Lot (  2)
5154,988530,718,Dogs Off-Leash Area,None,Off Leash Area,None,PARKWAY FOREST PARK - Off Leash Area
5155,989133,718,Bottle Filling Station,None,Water Bottle Filling Count,None,PARKWAY FOREST PARK -  Drinking Water Source (  1)
5156,989134,718,Bottle Filling Station,None,Water Bottle Filling Count,None,PARKWAY FOREST PARK -  Drinking Water Source (  2)
5157,990699,718,Outdoor Basketball Court,None,Basketball Court,None,PARKWAY FOREST PARK - Basketball Court
5158,3924,719,Outdoor Basketball Court,None,Basketball Court,None,PARMA PARK - Basketball Court
5159,5282,719,Splash Pad,None,Splash/Spray Pad,None,PARMA PARK - Splash/Spray Pad
5160,32556,719,Parking Lot,None,Outdoor Parking Lot,None,PARMA PARK - Outdoor Parking Lot
5161,102173,719,Drinking Fountain,None,Drinking Fountain Count,None,PARMA PARK - Drinking Water Source
5162,17868,721,Ball Diamond,sport,Baseball Diamond Field - C,C,MUIRLANDS PARK - Ball Diamond Field
5163,17869,721,Sport Field,sport,Soccer Field - C,C,MUIRLANDS PARK - Soccer Field
5164,34210,721,Playground,None,Playground Site,None,MUIRLANDS PARK - Playground
5165,29901,722,Kitchen,room,Kitchen - C,C,PELMO PARK COMMUNITY CENTRE - Kitchen
5166,48421,722,Multipurpose Room,room,Room - B,B,PELMO PARK COMMUNITY CENTRE  - Multipurpose Room (  1)
5167,48422,722,Multipurpose Room,room,Room - C,C,PELMO PARK COMMUNITY CENTRE  - Multipurpose Room (  2)
5168,2704,723,Drinking Fountain,None,Drinking Fountain Count,None,PELMO PARK - Drinking Water Source
5169,3916,723,Ball Hockey Pad,None,Ball Hockey Pad,None,PELMO PARK - Ball Hockey (  1)
5170,3917,723,Ball Hockey Pad,None,Ball Hockey Pad,None,PELMO PARK - Ball Hockey (  2)
5171,3919,723,Pickleball Court,None,None,None,PELMO PARK - Tennis Court Area
5172,3919,723,Pickleball Court,None,None,None,PELMO PARK - Tennis Court Area
5173,3919,723,Pickleball Court,None,None,None,PELMO PARK - Tennis Court Area
5174,3920,723,Outdoor Tennis Court,None,Outdoor Tennis Court,None,PELMO PARK - Outdoor Tennis Court (  1)
5175,3921,723,Outdoor Tennis Court,None,Outdoor Tennis Court,None,PELMO PARK - Outdoor Tennis Court (  2)
5176,3922,723,Outdoor Tennis Court,None,Outdoor Tennis Court,None,PELMO PARK - Outdoor Tennis Court (  3)
5177,17893,723,Ball Diamond,sport,Baseball Diamond Field - C,C,PELMO PARK - Ball Diamond Field
5178,23671,723,Bike Trail,None,Bike Trail,None,PELMO PARK TRAIL
5179,32420,723,Parking Lot,None,Outdoor Parking Lot,None,PELMO PARK - Outdoor Parking Lot
5180,34249,723,Playground,None,Playground Site,None,PELMO PARK - Playground
5181,43665,723,Sports Pad Area,None,Sportspad Area,None,PELMO PARK - Sportspad Area
5182,990763,723,Splash Pad,None,Splash/Spray Pad,None,PELMO PARK - Splash/Spray Pad
5183,17870,724,Ball Diamond,sport,Baseball Diamond Field - C,C,MURISON PARK - Ball Diamond Field
5184,17871,724,Sport Field,sport,Soccer Field - C,C,MURISON PARK - Soccer Field
5185,34212,724,Playground,None,Playground Site,None,MURISON PARK - Playground
5186,17874,725,Sport Field,sport,Soccer Field - C,C,NORTH AGINCOURT PARK - Soccer Field
5187,3974,726,Outdoor Tennis Court,None,Outdoor Tennis Court,None,NORTH BENDALE PARK - Outdoor Tennis Court (  1)
5188,3975,726,Outdoor Tennis Court,None,Outdoor Tennis Court,None,NORTH BENDALE PARK - Outdoor Tennis Court (  2)
5189,3976,726,Outdoor Tennis Court,None,Outdoor Tennis Court,None,NORTH BENDALE PARK - Outdoor Tennis Court (  3)
5190,17875,726,Ball Diamond,sport,Baseball Diamond Field - C,C,NORTH BENDALE PARK - Ball Diamond Field
5191,34221,726,Playground,None,Playground Site,None,NORTH BENDALE PARK - Playground
5192,102184,726,Drinking Fountain,None,Drinking Fountain Count,None,NORTH BENDALE PARK - Drinking Water Source
5193,17876,727,Ball Diamond,sport,Baseball Diamond Field - C,C,NORTH BRIDLEWOOD PARK - Ball Diamond Field
5194,34222,727,Playground,None,Playground Site,None,NORTH BRIDLEWOOD PARK - Playground
5195,17896,729,Ball Diamond,sport,Baseball Diamond Field - C,C,PINTO PARK - Ball Diamond Field
5196,18703,729,Drinking Fountain,None,Drinking Fountain Count,None,PINTO PARK - Drinking Water Source
5197,34256,729,Playground,None,Playground Site,None,PINTO PARK - Playground
5198,29884,730,Kitchen,room,Kitchen,None,NEILSON HOUSE - Kitchen
5199,29897,731,Kitchen,room,Kitchen - A,A,OAKRIDGE COMMUNITY RECREATION CENTRE - Kitchen
5200,40863,731,Weight/Cardio Room,None,Room-Fitness/Weight,None,OAKRIDGE COMMUNITY RECREATION CENTRE - Fitness Centre
5201,46448,731,Preschool,room,Preschool,None,OAKRIDGE COMMUNITY RECREATION CENTRE - Preschool (  1)
5202,46449,731,Preschool,room,Preschool,None,OAKRIDGE COMMUNITY RECREATION CENTRE - Preschool (  2)
5203,48409,731,Craft Room,room,Room-Craft - C,C,OAKRIDGE COMMUNITY RECREATION CENTRE - Craft Room
5204,48410,731,Gallery,room,Gallery/Hall  - B,B,OAKRIDGE COMMUNITY RECREATION CENTRE - Gallery/Hall
5205,994036,731,Sauna,None,Sauna,None,OAKRIDGE COMMUNITY RECREATION CENTRE - Sauna
5206,2097,732,Washroom Facility,None,Washroom Building,None,PLEASANTVIEW COMMUNITY CENTRE
5207,4751,732,Outdoor Pool,pool,Outdoor Pool Tank,None,PLEASANTVIEW COMMUNITY CENTRE - Outdoor Pool Tank
5208,17372,732,Indoor Rink,ice,Indoor Ice Pad - A,A,PLEASANTVIEW COMMUNITY CENTRE - Indoor Ice Pad
5209,17372,732,Indoor Dry Pad,ice,Indoor Dry Pad - A,A,PLEASANTVIEW COMMUNITY CENTRE - Indoor Ice Pad
5210,29902,732,Kitchen,room,Kitchen - C,C,PLEASANTVIEW COMMUNITY CENTRE - Kitchen
5211,46450,732,ProShop,room,Proshop,None,PLEASANTVIEW COMMUNITY CENTRE - ProShop
5212,48049,732,Multipurpose Room,room,Room - A,A,PLEASANTVIEW COMMUNITY CENTRE - Multipurpose Room (  1)
5213,48424,732,Multipurpose Room,room,Room - C,C,PLEASANTVIEW COMMUNITY CENTRE - Multipurpose Room (  2)
5214,48425,732,Multipurpose Room,room,Room - C,C,PLEASANTVIEW COMMUNITY CENTRE - Multipurpose Room (  3)
5215,60362,732,Indoor Bocce Court,None,Indoor Bocce Court,None,PLEASANTVIEW COMMUNITY CENTRE - Indoor Bocce Court (  1)
5216,60363,732,Indoor Bocce Court,None,Indoor Bocce Court,None,PLEASANTVIEW COMMUNITY CENTRE - Indoor Bocce Court (  2)
5217,60364,732,Indoor Bocce Court,None,Indoor Bocce Court,None,PLEASANTVIEW COMMUNITY CENTRE - Indoor Bocce Court (  3)
5218,60365,732,Indoor Bocce Court,None,Indoor Bocce Court,None,PLEASANTVIEW COMMUNITY CENTRE - Indoor Bocce Court (  4)
5219,3897,733,Pickleball Court,None,None,None,PRAIRIE DRIVE PARK - Tennis Court Area
5220,3898,733,Outdoor Tennis Court,None,Outdoor Tennis Court,None,PRAIRIE DRIVE PARK - Outdoor Tennis Court (  1)
5221,3899,733,Outdoor Tennis Court,None,Outdoor Tennis Court,None,PRAIRIE DRIVE PARK - Outdoor Tennis Court (  2)
5222,3900,733,Outdoor Tennis Court,None,Outdoor Tennis Court,None,PRAIRIE DRIVE PARK - Outdoor Tennis Court (  3)
5223,4458,733,Wading Pool,None,Wading Pool,None,PRAIRIE DRIVE PARK - Wading Pool
5224,28537,733,Community Garden,None,Community Garden,None,PRAIRIE DRIVE PARK COMMUNITY GARDEN (  1)
5225,29600,733,Washroom Facility,None,Washroom Building,None,PRAIRIE DRIVE PARK - Washroom Building
5226,32424,733,Parking Lot,None,Outdoor Parking Lot,None,PRAIRIE DRIVE PARK - Outdoor Parking Lot
5227,34265,733,Playground,None,Playground Site,None,PRAIRIE DRIVE PARK - Playground
5228,49383,733,Community Garden,None,Community Garden,None,PRAIRIE DRIVE PARK COMMUNITY GARDEN (  2)
5229,49577,733,Picnic Site,picnic,Picnic Site,None,PRAIRIE DRIVE PARK - Picnic Site
5230,102146,733,Bottle Filling Station,None,Water Bottle Filling Count,None,PRAIRIE DRIVE PARK - Drinking Water Source
5231,102146,733,Bottle Filling Station,None,Water Bottle Filling Count,None,PRAIRIE DRIVE PARK - Drinking Water Source
5232,2697,734,Drinking Fountain,None,Drinking Fountain Count,None,PLUNKETT PARK - Drinking Water Source
5233,3902,734,Outdoor Bocce Court,None,Outdoor Bocce Court,None,PLUNKETT PARK - Outdoor Bocce Court (  1)
5234,3903,734,Outdoor Bocce Court,None,Outdoor Bocce Court,None,PLUNKETT PARK - Outdoor Bocce Court (  2)
5235,3904,734,Outdoor Bocce Court,None,Outdoor Bocce Court,None,PLUNKETT PARK - Outdoor Bocce Court (  3)
5236,6187,734,Picnic Shelter,picnic,Shelter,None,PLUNKETT PARK - Shade Structure
5237,34259,734,Playground,None,Playground Site,None,PLUNKETT PARK - Playground
5238,2688,735,Drinking Fountain,None,Drinking Fountain Count,None,PRINCE CHARLES PARK - Drinking Water Source
5239,34269,735,Playground,None,Playground Site,None,PRINCE CHARLES PARK - Playground
5240,23708,736,Bike Trail,None,Bike Trail,None,QUEEN'S GREENBELT TRAIL (  1)
5241,23709,736,Bike Trail,None,Bike Trail,None,QUEEN'S GREENBELT TRAIL (  2)
5242,23710,736,Bike Trail,None,Bike Trail,None,QUEEN'S GREENBELT TRAIL (  3)
5243,74525,736,Drinking Fountain,None,Drinking Fountain Count,None,QUEEN'S GREENBELT - Drinking Water Source (  1)
5244,17903,737,Sport Field,sport,Soccer Field - C,C,REGENTS PARK - Soccer Field
5245,34340,737,Playground,None,Playground Site,None,REGENTS PARK - Playground
5246,17906,738,Sport Field,sport,Soccer Field - C,C,RICHMOND PARK - Soccer Field
5247,18090,738,Ball Diamond,sport,Baseball Diamond Field - C,C,RICHMOND PARK - Ball Diamond Field (  1)
5248,33835,738,Playground,None,Playground Site,None,RICHMOND PARK - Playground
5249,132502,738,Outdoor Fitness Equipment,None,Outdoor Fitness Equipment,None,RICHMOND PARK - Outdoor Fitness Equipment
5250,908460,738,Ball Diamond,sport,Baseball Diamond Field,None,RICHMOND PARK - Ball Diamond Field (  2)
5251,2461,739,Drinking Fountain,None,Drinking Fountain Count,None,BOB HUNTER PARK - Drinking Water Source
5252,4795,739,Splash Pad,None,Splash/Spray Pad,None,BOB HUNTER PARK - Splash/Spray Pad
5253,17688,739,Ball Diamond,sport,Baseball Diamond Field - C,C,BOB HUNTER PARK - Ball Diamond Field
5254,28554,739,Community Garden,None,Community Garden,None,BOB HUNTER GREEN SPACE COMMUNITY GARDEN
5255,971838,739,Dogs Off-Leash Area,None,Off Leash Area,None,BOB HUNTER PARK - Off Leash Area
5256,23772,740,Bike Trail,None,Bike Trail,None,RIPPLETON PARK TRAIL (  1)
5257,23773,740,Bike Trail,None,Bike Trail,None,RIPPLETON PARK TRAIL (  2)
5258,23774,740,Bike Trail,None,Bike Trail,None,RIPPLETON PARK TRAIL (  3)
5259,23775,740,Bike Trail,None,Bike Trail,None,RIPPLETON PARK TRAIL (  4)
5260,5139,741,Splash Pad,None,Splash/Spray Pad,None,SANDOWN PARK - Splash/Spray Pad
5261,17920,741,Sport Field,sport,Soccer Field - C,C,SANDOWN PARK - Soccer Field
5262,33911,741,Playground,None,Playground Site,None,SANDOWN PARK - Playground
5263,102149,741,Bottle Filling Station,None,Water Bottle Filling Count,None,SANDOWN PARK - Drinking Water Source
5264,3826,742,Ball Hockey Pad,None,Ball Hockey Pad,None,ROCKFORD PARK - Ball Hockey
5265,3827,742,Outdoor Basketball Court,None,Basketball Court,None,ROCKFORD PARK - Basketball Court
5266,3829,742,Outdoor Tennis Court,None,Outdoor Tennis Court,None,ROCKFORD PARK - Outdoor Tennis Court (  1)
5267,3830,742,Outdoor Tennis Court,None,Outdoor Tennis Court,None,ROCKFORD PARK - Outdoor Tennis Court (  2)
5268,28536,742,Community Garden,None,Community Garden,None,ROCKFORD PARK COMMUNITY GARDEN
5269,32431,742,Parking Lot,None,Outdoor Parking Lot,None,ROCKFORD PARK - Outdoor Parking Lot
5270,33889,742,Playground,None,Playground Site,None,ROCKFORD PARK - Playground
5271,43666,742,Sports Pad Area,None,Sportspad Area,None,ROCKFORD PARK - Sportspad Area
5272,27682,743,Indoor Rink,ice,Indoor Ice Pad - A,A,SCARBOROUGH VILLAGE RECREATION CENTRE - Indoor Ice Pad
5273,27682,743,Indoor Dry Pad,ice,Indoor Dry Pad - A,A,SCARBOROUGH VILLAGE RECREATION CENTRE - Indoor Ice Pad
5274,29912,743,Kitchen,room,Kitchen - C,C,SCARBOROUGH VILLAGE RECREATION CENTRE - Kitchen
5275,48059,743,Lounge,room,Room - C,C,SCARBOROUGH VILLAGE RECREATION CENTRE - Lounge
5276,48060,743,Multipurpose Room,room,Room - B,B,SCARBOROUGH VILLAGE RECREATION CENTRE - Multipurpose Room (  1)
5277,48458,743,Craft Room,room,Room-Craft - B,B,SCARBOROUGH VILLAGE RECREATION CENTRE - Craft Room
5278,48459,743,Multipurpose Room,room,Room - C,C,SCARBOROUGH VILLAGE RECREATION CENTRE - Multipurpose Room (  2)
5279,48460,743,Multipurpose Room,room,Room - A,A,SCARBOROUGH VILLAGE RECREATION CENTRE - Multipurpose Room (  3)
5280,5175,744,Outdoor Pool,pool,Outdoor Pool Tank,None,RODING COMMUNITY CENTRE - Outdoor Pool Tank
5281,27683,744,Indoor Dry Pad,ice,Indoor Dry Pad - A,A,RODING COMMUNITY CENTRE - Indoor Ice Pad
5282,27683,744,Indoor Rink,ice,Indoor Ice Pad - A,A,RODING COMMUNITY CENTRE - Indoor Ice Pad
5283,29908,744,Kitchen,room,Kitchen,None,RODING COMMUNITY CENTRE - Kitchen (  2)
5284,29909,744,Kitchen,room,Kitchen,None,RODING COMMUNITY CENTRE - Kitchen (  1)
5285,30629,744,Dressing Room,None,Change Room,None,RODING COMMUNITY CENTRE - Dressing Room - Male
5286,30630,744,Dressing Room,None,Change Room,None,RODING COMMUNITY CENTRE - Dressing Room - Female
5287,30634,744,Dressing Room,None,Change Room,None,RODING COMMUNITY CENTRE - Dressing Room - Unisex
5288,41465,744,Gymnasium,gym,Gymnasium - B,B,RODING COMMUNITY CENTRE - Gymnasium
5289,48055,744,Meeting Room,None,None,None,RODING COMMUNITY CENTRE - Meeting Room
5290,48056,744,Multipurpose Room,room,Room - B,B,RODING COMMUNITY CENTRE - Multipurpose Room (  1)
5291,48446,744,Computer/Training Room,room,Room-Computer/Training - C,C,RODING COMMUNITY CENTRE - Computer-Training
5292,48447,744,Multipurpose Room,room,Room - C,C,RODING COMMUNITY CENTRE - Multipurpose Room (  2)
5293,48448,744,Multipurpose Room,room,Room - C,C,RODING COMMUNITY CENTRE - Multipurpose Room (  3)
5294,48449,744,Multipurpose Room,room,Room - C,C,RODING COMMUNITY CENTRE - Multipurpose Room (  4)
5295,48450,744,Multipurpose Room,room,Room - C,C,RODING COMMUNITY CENTRE - Multipurpose Room (  5)
5296,3819,745,Outdoor Bocce Court,None,Outdoor Bocce Court,None,RODING PARK - Outdoor Bocce Court (  1)
5297,3820,745,Outdoor Bocce Court,None,Outdoor Bocce Court,None,RODING PARK - Outdoor Bocce Court (  2)
5298,3821,745,Outdoor Bocce Court,None,Outdoor Bocce Court,None,RODING PARK - Outdoor Bocce Court (  3)
5299,3822,745,Outdoor Bocce Court,None,Outdoor Bocce Court,None,RODING PARK - Outdoor Bocce Court (  4)
5300,13293,745,Drinking Fountain,None,Drinking Fountain Count,None,RODING PARK - Drinking Water Source
5301,17911,745,Ball Diamond,sport,Baseball Diamond Field - C,C,RODING PARK - Ball Diamond Field
5302,32432,745,Parking Lot,None,Outdoor Parking Lot,None,RODING PARK - Outdoor Parking Lot
5303,33890,745,Playground,None,Playground Site,None,RODING PARK - Playground
5304,76559,745,Outdoor Fitness Equipment,None,Outdoor Fitness Equipment,None,RODING PARK - Outdoor Fitness Equipment Area - Outdoor Fitness Equipment (  1)
5305,76560,745,Outdoor Fitness Equipment,None,Outdoor Fitness Equipment,None,RODING PARK - Outdoor Fitness Equipment Area - Outdoor Fitness Equipment (  2)
5306,76561,745,Outdoor Fitness Equipment,None,Outdoor Fitness Equipment,None,RODING PARK - Outdoor Fitness Equipment Area - Outdoor Fitness Equipment (  3)
5307,76562,745,Outdoor Fitness Equipment,None,Outdoor Fitness Equipment,None,RODING PARK - Outdoor Fitness Equipment Area - Outdoor Fitness Equipment (  4)
5308,76563,745,Outdoor Fitness Equipment,None,Outdoor Fitness Equipment,None,RODING PARK - Outdoor Fitness Equipment Area - Outdoor Fitness Equipment (  5)
5309,76564,745,Outdoor Fitness Equipment,None,Outdoor Fitness Equipment,None,RODING PARK - Outdoor Fitness Equipment Area - Outdoor Fitness Equipment (  6)
5310,18176,746,Ball Diamond,sport,Baseball Diamond Field - A,A,SCARBOROUGH VILLAGE PARK - Ball Diamond Field (  1)
5311,18177,746,Ball Diamond,sport,Baseball Diamond Field - B,B,SCARBOROUGH VILLAGE PARK - Ball Diamond Field (  2)
5312,18178,746,Ball Diamond,sport,Baseball Diamond Field - B,B,SCARBOROUGH VILLAGE PARK - Ball Diamond Field (  3)
5313,29628,746,Fieldhouse,None,Fieldhouse,None,SCARBOROUGH VILLAGE PARK - Fieldhouse
5314,29628,746,Washroom Facility,None,Washroom Building,None,SCARBOROUGH VILLAGE PARK - Fieldhouse
5315,32444,746,Parking Lot,None,Outdoor Parking Lot,None,SCARBOROUGH VILLAGE PARK - Outdoor Parking Lot
5316,33916,746,Playground,None,Playground Site,None,SCARBOROUGH VILLAGE PARK - Playground (  1)
5317,102213,746,Drinking Fountain,None,Drinking Fountain Count,None,SCARBOROUGH VILLAGE PARK - Drinking Water Source (  1)
5318,1000864,746,Drinking Fountain,None,Drinking Fountain Count,None,SCARBOROUGH VILLAGE PARK - Drinking Water Source (  2)
5319,1000866,746,Splash Pad,None,Splash/Spray Pad,None,SCARBOROUGH VILLAGE PARK - Splash/Spray Pad
5320,1001007,746,Sport Field,sport,Soccer Field - Premier,P,SCARBOROUGH VILLAGE PARK - Soccer Mini-Pitch
5321,3781,747,Outdoor Tennis Court,None,Outdoor Tennis Court,None,RUDDINGTON PARK - Outdoor Tennis Court (  1)
5322,3782,747,Outdoor Tennis Court,None,Outdoor Tennis Court,None,RUDDINGTON PARK - Outdoor Tennis Court (  2)
5323,3783,747,Outdoor Tennis Court,None,Outdoor Tennis Court,None,RUDDINGTON PARK - Outdoor Tennis Court (  3)
5324,33904,747,Playground,None,Playground Site,None,RUDDINGTON PARK - Playground
5325,102452,747,Outdoor Fitness Equipment,None,Outdoor Fitness Equipment,None,RUDDINGTON PARK - Outdoor Fitness Equipment Area - Outdoor Fitness Equipment (  1)
5326,102453,747,Outdoor Fitness Equipment,None,Outdoor Fitness Equipment,None,RUDDINGTON PARK - Outdoor Fitness Equipment Area - Outdoor Fitness Equipment (  2)
5327,102454,747,Outdoor Fitness Equipment,None,Outdoor Fitness Equipment,None,RUDDINGTON PARK - Outdoor Fitness Equipment Area - Outdoor Fitness Equipment (  3)
5328,102455,747,Outdoor Fitness Equipment,None,Outdoor Fitness Equipment,None,RUDDINGTON PARK - Outdoor Fitness Equipment Area - Outdoor Fitness Equipment (  4)
5329,102456,747,Outdoor Fitness Equipment,None,Outdoor Fitness Equipment,None,RUDDINGTON PARK - Outdoor Fitness Equipment Area - Outdoor Fitness Equipment (  5)
5330,102457,747,Outdoor Fitness Equipment,None,Outdoor Fitness Equipment,None,RUDDINGTON PARK - Outdoor Fitness Equipment Area - Outdoor Fitness Equipment (  6)
5331,102458,747,Outdoor Fitness Equipment,None,Outdoor Fitness Equipment,None,RUDDINGTON PARK - Outdoor Fitness Equipment Area - Outdoor Fitness Equipment (  7)
5332,3753,748,Outdoor Tennis Court,None,Outdoor Tennis Court,None,SENECA HILL PARK - Outdoor Tennis Court (  1)
5333,3754,748,Outdoor Tennis Court,None,Outdoor Tennis Court,None,SENECA HILL PARK - Outdoor Tennis Court (  2)
5334,3755,748,Outdoor Tennis Court,None,Outdoor Tennis Court,None,SENECA HILL PARK - Outdoor Tennis Court (  3)
5335,3756,748,Outdoor Tennis Court,None,Outdoor Tennis Court,None,SENECA HILL PARK - Outdoor Tennis Court (  4)
5336,17924,748,Sport Field,sport,Soccer Field - C,C,SENECA HILL PARK - Soccer Field
5337,33920,748,Playground,None,Playground Site,None,SENECA HILL PARK - Playground
5338,967613,748,Picnic Shelter,picnic,Shelter,None,SENECA HILL PARK - Shade Structure
5339,29888,749,Kitchen,room,Kitchen - B,B,NORTH KIPLING COMMUNITY CENTRE - Kitchen (  2)
5340,29889,749,Kitchen,room,Kitchen - B,B,NORTH KIPLING COMMUNITY CENTRE - Kitchen (  1)
5341,41441,749,Gymnasium,gym,Gymnasium - C,C,NORTH KIPLING COMMUNITY CENTRE - Gymnasium (  1)
5342,41442,749,Gymnasium,gym,Gymnasium - B,B,NORTH KIPLING COMMUNITY CENTRE - Gymnasium (  2)
5343,48035,749,Multipurpose Room,room,Room - C,C,NORTH KIPLING COMMUNITY CENTRE - Multipurpose Room (  1)
5344,48036,749,Preschool,room,Preschool - C,C,NORTH KIPLING COMMUNITY CENTRE - Preschool
5345,48389,749,Multipurpose Room,room,Room - B,B,NORTH KIPLING COMMUNITY CENTRE - Multipurpose Room (  2)
5346,48390,749,Multipurpose Room,room,Room - C,C,NORTH KIPLING COMMUNITY CENTRE - Multipurpose Room (  3)
5347,48391,749,Multipurpose Room,room,Room - C,C,NORTH KIPLING COMMUNITY CENTRE - Multipurpose Room (  4)
5348,849443,749,Enhanced Youth Space,None,Room,None,NORTH KIPLING COMMUNITY CENTRE - Enhanced Youth Space
5349,849444,749,Recording Studio,None,Room,None,NORTH KIPLING COMMUNITY CENTRE - Recording Studio
5350,29820,750,Kitchen,room,Kitchen - A,A,ELMBANK COMMUNITY CENTRE - Kitchen (  1)
5351,29821,750,Kitchen,room,Kitchen - A,A,ELMBANK COMMUNITY CENTRE - Kitchen (  2)
5352,41318,750,Gymnasium,gym,Gymnasium - C,C,ELMBANK COMMUNITY CENTRE - Gymnasium
5353,48233,750,Weight/Cardio Room,None,Room-Fitness/Weight,None,ELMBANK COMMUNITY CENTRE - Fitness Room
5354,48234,750,Lounge,room,Room - C,C,ELMBANK COMMUNITY CENTRE - Lounge
5355,48235,750,Enhanced Youth Space,None,Room - C,C,ELMBANK COMMUNITY CENTRE - Enhanced Youth Space
5356,48236,750,Multipurpose Room,room,Room - A,A,ELMBANK COMMUNITY CENTRE - Multipurpose Room (  1)
5357,48237,750,Multipurpose Room,room,Room - C,C,ELMBANK COMMUNITY CENTRE - Multipurpose Room (  2)
5358,849438,750,Recording Studio,None,Room,None,ELMBANK COMMUNITY CENTRE - Recording Studio
5359,29914,751,Kitchen,room,Kitchen - C,C,SENECA VILLAGE COMMUNITY CENTRE - Kitchen
5360,41471,751,Gymnasium,gym,Gymnasium - B,B,SENECA VILLAGE COMMUNITY CENTRE - Gymnasium
5361,48462,751,Craft Room,room,Room-Craft - C,C,SENECA VILLAGE COMMUNITY CENTRE - Craft Room
5362,3748,752,Pickleball Court,None,None,None,SENTINEL PARK - Tennis Court Area
5363,3749,752,Outdoor Tennis Court,None,Outdoor Tennis Court,None,SENTINEL PARK - Outdoor Tennis Court (  1)
5364,3750,752,Outdoor Tennis Court,None,Outdoor Tennis Court,None,SENTINEL PARK - Outdoor Tennis Court (  2)
5365,5123,752,Splash Pad,None,Splash/Spray Pad,None,SENTINEL PARK - Splash/Spray Pad
5366,18179,752,Ball Diamond,sport,Baseball Diamond Field - C,C,SENTINEL PARK - Ball Diamond Field (  1)
5367,18180,752,Ball Diamond,sport,Baseball Diamond Field - A,A,SENTINEL PARK - Ball Diamond Field (  2)
5368,18181,752,Ball Diamond,sport,Baseball Diamond Field - C,C,SENTINEL PARK - Ball Diamond Field (  3)
5369,72284,752,Playground,None,Playground Site,None,SENTINEL PARK - Playground
5370,2179,754,Drinking Fountain,None,Drinking Fountain Count,None,WEST ROUGE PARK - Drinking Water Source
5371,2973,754,Outdoor Tennis Court,None,Outdoor Tennis Court,None,WEST ROUGE PARK - Outdoor Tennis Court (  1)
5372,2974,754,Outdoor Tennis Court,None,Outdoor Tennis Court,None,WEST ROUGE PARK - Outdoor Tennis Court (  2)
5373,2975,754,Outdoor Tennis Court,None,Outdoor Tennis Court,None,WEST ROUGE PARK - Outdoor Tennis Court (  3)
5374,17978,754,Sport Field,sport,Soccer Field - B,B,WEST ROUGE PARK - Soccer Field
5375,32501,754,Parking Lot,None,Outdoor Parking Lot,None,WEST ROUGE PARK - Outdoor Parking Lot
5376,34128,754,Playground,None,Playground Site,None,WEST ROUGE PARK - Playground
5377,29846,755,Kitchen,room,Kitchen - B,B,HUMBERWOOD COMMUNITY CENTRE - Kitchen (  1)
5378,29847,755,Kitchen,room,Kitchen,None,HUMBERWOOD COMMUNITY CENTRE - Kitchen (  2)
5379,41364,755,Gymnasium,gym,Gymnasium - B,B,HUMBERWOOD COMMUNITY CENTRE - Gymnasium (  1)
5380,48299,755,Gallery,room,Gallery/Hall  - C,C,HUMBERWOOD COMMUNITY CENTRE - Gallery/Hall
5381,48300,755,Multipurpose Room,room,Room - B,B,HUMBERWOOD COMMUNITY CENTRE - Multipurpose Room (  1)
5382,48301,755,Multipurpose Room,room,Room - B,B,HUMBERWOOD COMMUNITY CENTRE - Multipurpose Room (  2)
5383,48302,755,Multipurpose Room,room,Room - C,C,HUMBERWOOD COMMUNITY CENTRE - Multipurpose Room (  3)
5384,48303,755,Multipurpose Room,room,Room - C,C,HUMBERWOOD COMMUNITY CENTRE - Multipurpose Room (  4)
5385,48304,755,Multipurpose Room,room,Room - C,C,HUMBERWOOD COMMUNITY CENTRE - Multipurpose Room (  5)
5386,48305,755,Multipurpose Room,room,Room - C,C,HUMBERWOOD COMMUNITY CENTRE - Multipurpose Room (  6)
5387,48306,755,Multipurpose Room,room,Room - C,C,HUMBERWOOD COMMUNITY CENTRE - Multipurpose Room (  7)
5388,49042,755,Gymnasium,gym,Gymnasium - B,B,HUMBERWOOD COMMUNITY CENTRE - Gymnasium (  2)
5389,49043,755,Gymnasium,gym,Gymnasium - B,B,HUMBERWOOD COMMUNITY CENTRE - Gymnasium (  3)
5390,49044,755,Gymnasium,gym,Gymnasium - A,A,HUMBERWOOD COMMUNITY CENTRE - Gymnasium (  4)
5391,49045,755,Gymnasium,gym,Gymnasium - A,A,HUMBERWOOD COMMUNITY CENTRE - Gymnasium (  5)
5392,5113,756,Splash Pad,None,Splash/Spray Pad,None,SHOREHAM PARK - Splash/Spray Pad
5393,34182,756,Playground,None,Playground Site,None,SHOREHAM PARK - Playground
5394,2625,757,Drinking Fountain,None,Drinking Fountain Count,None,SILVERVIEW PARK - Drinking Water Source
5395,17930,757,Ball Diamond,sport,Baseball Diamond Field - C,C,SILVERVIEW PARK - Ball Diamond Field
5396,33830,757,Playground,None,Playground Site,None,SILVERVIEW PARK - Playground
5397,2624,758,Drinking Fountain,None,Drinking Fountain Count,None,SILVIO COLELLA PARK - Drinking Water Source
5398,33831,758,Playground,None,Playground Site,None,SILVIO COLELLA PARK - Playground
5399,17931,759,Sport Field,sport,Soccer Field - A,A,SKYMARK PARK - Soccer Field
5400,33843,759,Playground,None,Playground Site,None,SKYMARK PARK - Playground
5401,49533,759,Parking Lot,None,Outdoor Parking Lot,None,SKYMARK PARK - Outdoor Parking Lot
5402,76284,759,Bottle Filling Station,None,Water Bottle Filling Count,None,SKYMARK PARK - Drinking Water Source
5403,5064,760,Outdoor Pool,pool,Outdoor Pool Tank,None,DOMENICO DILUCA COMMUNITY RECREATION CENTRE - Outdoor Pool Tank
5404,29800,760,Kitchen,room,Kitchen - B,B,DOMENICO DILUCA COMMUNITY RECREATION CENTRE - Kitchen
5405,30149,760,Dressing Room,None,Change Room,None,DOMENICO DILUCA COMMUNITY RECREATION CENTRE - Dressing Room - Female
5406,30150,760,Dressing Room,None,Change Room,None,DOMENICO DILUCA COMMUNITY RECREATION CENTRE - Dressing Room - Male
5407,41304,760,Gymnasium,gym,Gymnasium - B,B,DOMENICO DILUCA COMMUNITY RECREATION CENTRE - Gymnasium
5408,48185,760,Meeting Room,None,None,None,DOMENICO DILUCA COMMUNITY RECREATION CENTRE - Meeting Room (  1)
5409,48186,760,Meeting Room,None,None,None,DOMENICO DILUCA COMMUNITY RECREATION CENTRE - Meeting Room (  2)
5410,48187,760,Meeting Room,None,None,None,DOMENICO DILUCA COMMUNITY RECREATION CENTRE - Meeting Room (  3)
5411,2592,761,Drinking Fountain,None,Drinking Fountain Count,None,STANLEY PARK  - Drinking Water Source
5412,3696,761,Outdoor Tennis Court,None,Outdoor Tennis Court,None,STANLEY PARK - Outdoor Tennis Court (  1)
5413,3697,761,Outdoor Tennis Court,None,Outdoor Tennis Court,None,STANLEY PARK - Outdoor Tennis Court (  2)
5414,3698,761,Outdoor Tennis Court,None,Outdoor Tennis Court,None,STANLEY PARK - Outdoor Tennis Court (  3)
5415,17941,761,Ball Diamond,sport,Baseball Diamond Field - A,A,STANLEY PARK  - Ball Diamond Field
5416,32462,761,Parking Lot,None,Outdoor Parking Lot,None,STANLEY PARK  - Outdoor Parking Lot
5417,2583,762,Drinking Fountain,None,Drinking Fountain Count,None,STRATHBURN PARK - Drinking Water Source
5418,3676,762,Ball Hockey Pad,None,Ball Hockey Pad,None,STRATHBURN PARK - Ball Hockey
5419,3678,762,Pickleball Court,None,None,None,STRATHBURN PARK - Tennis Court Area
5420,3678,762,Pickleball Court,None,None,None,STRATHBURN PARK - Tennis Court Area
5421,3679,762,Outdoor Tennis Court,None,Outdoor Tennis Court,None,STRATHBURN PARK - Outdoor Tennis Court (  1)
5422,3680,762,Outdoor Tennis Court,None,Outdoor Tennis Court,None,STRATHBURN PARK - Outdoor Tennis Court (  2)
5423,17944,762,Ball Diamond,sport,Baseball Diamond Field - C,C,STRATHBURN PARK - Ball Diamond Field
5424,33866,762,Playground,None,Playground Site,None,STRATHBURN PARK - Playground
5425,43667,762,Pickleball Court,None,None,None,STRATHBURN PARK - Sportspad Area
5426,43667,762,Pickleball Court,None,None,None,STRATHBURN PARK - Sportspad Area
5427,43667,762,Sports Pad Area,None,Sportspad Area,None,STRATHBURN PARK - Sportspad Area
5428,43667,762,Pickleball Court,None,None,None,STRATHBURN PARK - Sportspad Area
5429,3659,763,Pickleball Court,None,None,None,SWEENEY PARK - Tennis Court Area
5430,3659,763,Pickleball Court,None,None,None,SWEENEY PARK - Tennis Court Area
5431,3659,763,Pickleball Court,None,None,None,SWEENEY PARK - Tennis Court Area
5432,3660,763,Outdoor Tennis Court,None,Outdoor Tennis Court,None,SWEENEY PARK - Outdoor Tennis Court (  1)
5433,3661,763,Outdoor Tennis Court,None,Outdoor Tennis Court,None,SWEENEY PARK - Outdoor Tennis Court (  2)
5434,3662,763,Outdoor Tennis Court,None,Outdoor Tennis Court,None,SWEENEY PARK - Outdoor Tennis Court (  3)
5435,18100,763,Ball Diamond,sport,Baseball Diamond Field - C,C,SWEENEY PARK - Ball Diamond Field (  1)
5436,80542,763,Playground,None,Playground Site,None,SWEENEY PARK - Playground
5437,96884,763,Bottle Filling Station,None,Water Bottle Filling Count,None,SWEENEY PARK - Drinking Water Source (  1)
5438,908457,763,Ball Diamond,sport,Baseball Diamond Field,None,SWEENEY PARK - Ball Diamond Field (  2)
5439,3643,764,Outdoor Tennis Court,None,Outdoor Tennis Court,None,THREE VALLEYS PARK - Outdoor Tennis Court (  1)
5440,3644,764,Outdoor Tennis Court,None,Outdoor Tennis Court,None,THREE VALLEYS PARK - Outdoor Tennis Court (  2)
5441,13297,764,Drinking Fountain,None,Drinking Fountain Count,None,THREE VALLEYS PARK - Drinking Water Source
5442,34283,764,Playground,None,Playground Site,None,THREE VALLEYS PARK - Playground
5443,13298,765,Drinking Fountain,None,Drinking Fountain Count,None,TOPCLIFF PARK - Drinking Water Source
5444,34288,765,Playground,None,Playground Site,None,TOPCLIFF PARK - Playground
5445,3607,766,Outdoor Tennis Court,None,Outdoor Tennis Court,None,TOURNAMENT PARK - Outdoor Tennis Court (  1)
5446,3608,766,Outdoor Tennis Court,None,Outdoor Tennis Court,None,TOURNAMENT PARK - Outdoor Tennis Court (  2)
5447,3609,766,Outdoor Tennis Court,None,Outdoor Tennis Court,None,TOURNAMENT PARK - Outdoor Tennis Court (  3)
5448,3610,766,Outdoor Tennis Court,None,Outdoor Tennis Court,None,TOURNAMENT PARK - Outdoor Tennis Court (  4)
5449,34292,766,Playground,None,Playground Site,None,TOURNAMENT PARK - Playground
5450,4359,768,Outdoor Pool,pool,Outdoor Pool Tank,None,HALBERT PARK - Outdoor Pool Tank
5451,4361,768,Wading Pool,None,Wading Pool,None,HALBERT PARK - Wading Pool
5452,5665,768,Washroom Facility,None,Washroom Building,None,HALBERT PARK OUTDOOR POOL BUILDING
5453,17785,768,Ball Diamond,sport,Baseball Diamond Field - C,C,HALBERT PARK - Ball Diamond Field
5454,17786,768,Sport Field,sport,Soccer Field - C,C,HALBERT PARK - Soccer Field
5455,34471,768,Playground,None,Playground Site,None,HALBERT PARK - Playground
5456,2452,769,Drinking Fountain,None,Drinking Fountain Count,None,UPWOOD GREENBELT - Drinking Water Source
5457,3472,769,Outdoor Bocce Court,None,Outdoor Bocce Court,None,UPWOOD GREENBELT - Outdoor Bocce Court (  1)
5458,3473,769,Outdoor Bocce Court,None,Outdoor Bocce Court,None,UPWOOD GREENBELT - Outdoor Bocce Court (  2)
5459,34302,769,Playground,None,Playground Site,None,UPWOOD GREENBELT - Playground
5460,967590,769,Gazebo,None,Gazebo,None,UPWOOD GREENBELT - Shade Structure
5461,4753,770,Splash Pad,None,Splash/Spray Pad,None,VAN HORNE PARK - Splash/Spray Pad
5462,17965,770,Multipurpose Field,None,Multipurpose Field - C,C,VAN HORNE PARK - Multipurpose Field
5463,32492,770,Parking Lot,None,Outdoor Parking Lot,None,VAN HORNE PARK - Outdoor Parking Lot
5464,34303,770,Playground,None,Playground Site,None,VAN HORNE PARK - Playground
5465,43570,770,Outdoor Rink,ice,Outdoor Ice Pad,None,VAN HORNE PARK - Outdoor Ice Pad
5466,79412,770,Outdoor Fitness Equipment,None,Outdoor Fitness Equipment,None,VAN HORNE PARK - Outdoor Fitness Equipment Area - Outdoor Fitness Equipment (  1)
5467,79413,770,Outdoor Fitness Equipment,None,Outdoor Fitness Equipment,None,VAN HORNE PARK - Outdoor Fitness Equipment Area - Outdoor Fitness Equipment (  2)
5468,79414,770,Outdoor Fitness Equipment,None,Outdoor Fitness Equipment,None,VAN HORNE PARK - Outdoor Fitness Equipment Area - Outdoor Fitness Equipment (  3)
5469,79415,770,Outdoor Fitness Equipment,None,Outdoor Fitness Equipment,None,VAN HORNE PARK - Outdoor Fitness Equipment Area - Outdoor Fitness Equipment (  4)
5470,101725,770,Outdoor Basketball Court,None,Basketball Court,None,VAN HORNE PARK - Basketball Court
5471,17351,771,Indoor Rink,ice,Indoor Ice Pad - A,A,VICTORIA VILLAGE ARENA - Indoor Ice Pad
5472,30721,771,Dressing Room,None,Change Room,None,VICTORIA VILLAGE ARENA - Dressing Room - Unisex
5473,41499,771,Gymnasium,gym,Gymnasium - B,B,VICTORIA VILLAGE ARENA - Gymnasium
5474,46483,771,ProShop,room,Proshop,None,VICTORIA VILLAGE ARENA - ProShop
5475,2418,772,Drinking Fountain,None,Drinking Fountain Count,None,VIEWMOUNT PARK - Drinking Water Source (  1)
5476,3432,772,Outdoor Tennis Court,None,Outdoor Tennis Court,None,VIEWMOUNT PARK - Outdoor Tennis Court (  1)
5477,3433,772,Outdoor Tennis Court,None,Outdoor Tennis Court,None,VIEWMOUNT PARK - Outdoor Tennis Court (  2)
5478,3434,772,Outdoor Tennis Court,None,Outdoor Tennis Court,None,VIEWMOUNT PARK - Outdoor Tennis Court (  3)
5479,3435,772,Outdoor Tennis Court,None,Outdoor Tennis Court,None,VIEWMOUNT PARK - Outdoor Tennis Court (  4)
5480,17966,772,Ball Diamond,sport,Baseball Diamond Field - C,C,VIEWMOUNT PARK - Ball Diamond Field
5481,24049,772,Bike Trail,None,Bike Trail,None,VIEWMOUNT PARK TRAIL (  1)
5482,24050,772,Bike Trail,None,Bike Trail,None,VIEWMOUNT PARK TRAIL (  2)
5483,32494,772,Parking Lot,None,Outdoor Parking Lot,None,VIEWMOUNT PARK - Outdoor Parking Lot
5484,34307,772,Playground,None,Playground Site,None,VIEWMOUNT PARK - Playground
5485,102017,772,Bottle Filling Station,None,Water Bottle Filling Count,None,VIEWMOUNT PARK - Drinking Water Source (  2)
5486,3196,773,Outdoor Tennis Court,None,Outdoor Tennis Court,None,WEDGEWOOD PARK - ETOBICOKE - Outdoor Tennis Court
5487,4389,773,Outdoor Pool,pool,Outdoor Pool Tank,None,WEDGEWOOD PARK - ETOBICOKE - Outdoor Pool Tank
5488,14308,773,Pickleball Court,None,None,None,WEDGEWOOD PARK - ETOBICOKE - Outdoor Artificial Ice Rink
5489,28907,773,Washroom Facility,None,Washroom Building,None,WEDGEWOOD PARK A.I.R. BUILDING
5490,32496,773,Parking Lot,None,Outdoor Parking Lot,None,WEDGEWOOD PARK - ETOBICOKE - Outdoor Parking Lot
5491,34319,773,Playground,None,Playground Site,None,WEDGEWOOD PARK - ETOBICOKE - Playground
5492,43610,773,Outdoor Rink,ice,Outdoor Ice Pad,None,WEDGEWOOD PARK - ETOBICOKE - Outdoor Ice Pad
5493,967854,773,Gazebo,None,Gazebo,None,WEDGEWOOD PARK - ETOBICOKE - Shade Structure (  1)
5494,967855,773,Gazebo,None,Gazebo,None,WEDGEWOOD PARK - ETOBICOKE - Shade Structure (  2)
5495,17975,774,Ball Diamond,sport,Baseball Diamond Field - C,C,WENDERLY PARK - Ball Diamond Field
5496,34324,774,Playground,None,Playground Site,None,WENDERLY PARK - Playground
5497,80165,774,Bottle Filling Station,None,Water Bottle Filling Count,None,WENDERLY PARK - Drinking Water Source
5498,13303,775,Drinking Fountain,None,Drinking Fountain Count,None,WIGMORE PARK - Drinking Water Source
5499,17986,775,Ball Diamond,sport,Baseball Diamond Field - C,C,WIGMORE PARK - Ball Diamond Field
5500,34142,775,Playground,None,Playground Site,None,WIGMORE PARK - Playground
5501,24411,777,Bike Trail,None,Bike Trail,None,WILKET CREEK TRAIL ( 31)
5502,24412,777,Bike Trail,None,Bike Trail,None,WILKET CREEK TRAIL ( 32)
5503,24413,777,Bike Trail,None,Bike Trail,None,WILKET CREEK TRAIL ( 33)
5504,24414,777,Bike Trail,None,Bike Trail,None,WILKET CREEK TRAIL ( 34)
5505,24415,777,Bike Trail,None,Bike Trail,None,WILKET CREEK TRAIL ( 35)
5506,24416,777,Bike Trail,None,Bike Trail,None,WILKET CREEK TRAIL ( 36)
5507,24417,777,Bike Trail,None,Bike Trail,None,WILKET CREEK TRAIL ( 37)
5508,24418,777,Bike Trail,None,Bike Trail,None,WILKET CREEK TRAIL ( 38)
5509,24419,777,Bike Trail,None,Bike Trail,None,WILKET CREEK TRAIL ( 39)
5510,24421,777,Bike Trail,None,Bike Trail,None,WILKET CREEK TRAIL ( 40)
5511,24422,777,Bike Trail,None,Bike Trail,None,WILKET CREEK TRAIL ( 41)
5512,24423,777,Bike Trail,None,Bike Trail,None,WILKET CREEK TRAIL (  2)
5513,24424,777,Bike Trail,None,Bike Trail,None,WILKET CREEK TRAIL (  3)
5514,24425,777,Bike Trail,None,Bike Trail,None,WILKET CREEK TRAIL (  4)
5515,24426,777,Bike Trail,None,Bike Trail,None,WILKET CREEK TRAIL (  5)
5516,17353,778,Indoor Rink,ice,Indoor Ice Pad - A,A,YORK MILLS ARENA - Indoor Ice Pad
5517,3093,779,Outdoor Basketball Court,None,Basketball Court,None,IRVING PAISLEY PARK - Basketball Court
5518,17812,779,Ball Diamond,sport,Baseball Diamond Field - B,B,IRVING PAISLEY PARK - Ball Diamond Field
5519,24428,779,Bike Trail,None,Bike Trail,None,WILKET CREEK TRAIL (  6)
5520,32364,779,Parking Lot,None,Outdoor Parking Lot,None,IRVING PAISLEY PARK - Outdoor Parking Lot
5521,34518,779,Playground,None,Playground Site,None,IRVING PAISLEY PARK - Playground
5522,5312,780,Outdoor Pool,pool,Outdoor Pool Tank,None,OAKDALE COMMUNITY CENTRE - Outdoor Pool Tank
5523,29896,780,Kitchen,room,Kitchen - B,B,OAKDALE COMMUNITY CENTRE - Kitchen
5524,30554,780,Dressing Room,None,Change Room,None,OAKDALE COMMUNITY CENTRE - Dressing Room - Male
5525,30555,780,Dressing Room,None,Change Room,None,OAKDALE COMMUNITY CENTRE - Dressing Room - Female
5526,41447,780,Gymnasium,gym,Gymnasium - B,B,OAKDALE COMMUNITY CENTRE - Gymnasium
5527,48406,780,Multipurpose Room,room,Room - C,C,OAKDALE COMMUNITY CENTRE - Multipurpose Room (  1)
5528,48407,780,Multipurpose Room,room,Room - B,B,OAKDALE COMMUNITY CENTRE - Multipurpose Room (  2)
5529,48408,780,Preschool,room,Preschool - C,C,OAKDALE COMMUNITY CENTRE - Preschool
5530,1642,781,Stadium,stadium,Stadium,None,BIRCHMOUNT STADIUM
5531,17685,781,Outdoor track,None,Outdoor Track - Premier,P,BILL STEPHENS TRACK
5532,18013,781,Multipurpose Field,None,Multipurpose Field - Premier,P,BIRCHMOUNT STADIUM - Multipurpose Field
5533,29084,781,Long Jump Pit,None,Long Jump Pit,None,BIRCHMOUNT STADIUM - Long Jump Pit
5534,30041,781,Dressing Room,None,Change Room,None,BIRCHMOUNT STADIUM - Dressing Room (  2)
5535,30042,781,Dressing Room,None,Change Room,None,BIRCHMOUNT STADIUM - Dressing Room (  3)
5536,30043,781,Dressing Room,None,Change Room,None,BIRCHMOUNT STADIUM - Dressing Room (  4)
5537,30044,781,Dressing Room,None,Change Room,None,BIRCHMOUNT STADIUM - Dressing Room (  5)
5538,48139,781,Dressing Room,None,Change Room,None,BIRCHMOUNT STADIUM - Dressing Room (  6)
5539,48140,781,Dressing Room,None,Change Room,None,BIRCHMOUNT STADIUM - Dressing Room (  1)
5540,29794,782,Kitchen,room,Kitchen,None,CURRAN HALL COMMUNITY CENTRE - Kitchen
5541,48180,782,Gallery,room,Gallery/Hall  - B,B,CURRAN HALL COMMUNITY CENTRE - Gallery/Hall
5542,17760,783,Ball Diamond,sport,Baseball Diamond Field - C,C,FARQUHARSON PARK - Ball Diamond Field
5543,34063,783,Playground,None,Playground Site,None,FARQUHARSON PARK - Playground
5544,32316,784,Parking Lot,None,Outdoor Parking Lot,None,GALLOWAY PARK - Outdoor Parking Lot
5545,34085,784,Playground,None,Playground Site,None,GALLOWAY PARK - Playground
5546,29863,788,Kitchen,room,Kitchen - C,C,L'AMOREAUX COMMUNITY RECREATION CENTRE - Kitchen (  1)
5547,29864,788,Kitchen,room,Kitchen,None,L'AMOREAUX COMMUNITY RECREATION CENTRE - Kitchen (  2)
5548,40851,788,Weight/Cardio Room,None,Room-Fitness/Weight,None,L'AMOREAUX COMMUNITY RECREATION CENTRE- Fitness Centre
5549,40852,788,Sauna,None,Sauna,None,L'AMOREAUX COMMUNITY RECREATION CENTRE - Sauna
5550,41406,788,Gymnasium,gym,Gymnasium - C,C,L'AMOREAUX COMMUNITY RECREATION CENTRE - Gymnasium
5551,47887,788,Lounge,room,Room - C,C,L'AMOREAUX COMMUNITY RECREATION CENTRE - Lounge (  1)
5552,47899,788,Dressing Room,None,Change Room,None,L'AMOREAUX COMMUNITY RECREATION CENTRE - Dressing Room
5553,47900,788,Lounge,room,Room - C,C,L'AMOREAUX COMMUNITY RECREATION CENTRE - Lounge (  2)
5554,47901,788,Multipurpose Room,room,Room - B,B,L'AMOREAUX COMMUNITY RECREATION CENTRE - Multipurpose Room (  1)
5555,47902,788,Multipurpose Room,room,Room - A,A,L'AMOREAUX COMMUNITY RECREATION CENTRE - Multipurpose Room (  2)
5556,17341,789,Indoor Rink,ice,Indoor Ice Pad,None,LEASIDE MEMORIAL COMMUNITY GARDENS ARENA - Indoor Ice Pad (  1)
5557,45022,789,Indoor Rink,ice,Indoor Ice Pad,None,LEASIDE MEMORIAL COMMUNITY GARDENS ARENA - Indoor Ice Pad (  2)
5558,46563,789,Auditorium,gym,Auditorium,None,LEASIDE MEMORIAL COMMUNITY GARDENS ARENA - Auditorium
5559,2896,791,Pickleball Court,None,None,None,MCDAIRMID WOODS PARK - Tennis Court Area
5560,2896,791,Pickleball Court,None,None,None,MCDAIRMID WOODS PARK - Tennis Court Area
5561,2897,791,Pickleball Court,None,None,None,MCDAIRMID WOODS PARK - Outdoor Tennis Court (  1)
5562,2897,791,Pickleball Court,None,None,None,MCDAIRMID WOODS PARK - Outdoor Tennis Court (  1)
5563,2897,791,Outdoor Tennis Court,None,Outdoor Tennis Court,None,MCDAIRMID WOODS PARK - Outdoor Tennis Court (  1)
5564,2898,791,Outdoor Tennis Court,None,Outdoor Tennis Court,None,MCDAIRMID WOODS PARK - Outdoor Tennis Court (  2)
5565,2899,791,Outdoor Tennis Court,None,Outdoor Tennis Court,None,MCDAIRMID WOODS PARK - Outdoor Tennis Court (  3)
5566,18066,791,Sport Field,sport,Soccer Field - C,C,MCDAIRMID WOODS PARK - Soccer Field (  1)
5567,18067,791,Sport Field,sport,Soccer Field - C,C,MCDAIRMID WOODS PARK - Soccer Field (  2)
5568,32396,791,Parking Lot,None,Outdoor Parking Lot,None,MCDAIRMID WOODS PARK - Outdoor Parking Lot
5569,33821,791,Playground,None,Playground Site,None,MCDAIRMID WOODS PARK - Playground W
5570,42682,791,Playground,None,Playground Site,None,MCDAIRMID WOODS PARK - Playground E
5571,5343,792,Splash Pad,None,Splash/Spray Pad,None,NEILSON PARK - SCARBOROUGH - Splash/Spray Pad
5572,6229,792,Gazebo,None,Gazebo,None,NEILSON PARK - SCARBOROUGH - Shade Structure (  1)
5573,18167,792,Ball Diamond,sport,Baseball Diamond Field - C,C,NEILSON PARK - SCARBOROUGH - Ball Diamond Field (  3)
5574,18168,792,Ball Diamond,sport,Baseball Diamond Field - A,A,NEILSON PARK - SCARBOROUGH - Ball Diamond Field (  1)
5575,18169,792,Ball Diamond,sport,Baseball Diamond Field - A,A,NEILSON PARK - SCARBOROUGH - Ball Diamond Field (  2)
5576,28331,792,Picnic Site,picnic,Picnic Site,None,NEILSON PARK - SCARBOROUGH - Picnic Site
5577,28539,792,Community Garden,None,Community Garden,None,NEILSON PARK COMMUNITY GARDEN
5578,29583,792,Washroom Facility,None,Washroom Building,None,NEILSON PARK - SCARBOROUGH - Fieldhouse
5579,29583,792,Fieldhouse,None,Fieldhouse,None,NEILSON PARK - SCARBOROUGH - Fieldhouse
5580,29585,792,Outdoor Volleyball Court,None,Outdoor Volleyball Court,None,NEILSON PARK - SCARBOROUGH - Volleyball Court
5581,32411,792,Parking Lot,None,Outdoor Parking Lot,None,NEILSON PARK - SCARBOROUGH - Outdoor Parking Lot (  1)
5582,32412,792,Parking Lot,None,Outdoor Parking Lot,None,NEILSON PARK - SCARBOROUGH - Outdoor Parking Lot (  2)
5583,34216,792,Playground,None,Playground Site,None,NEILSON PARK - SCARBOROUGH - Playground
5584,73642,792,Skateboard Area,None,Skateboard Area,None,NEILSON PARK - SCARBOROUGH - Skateboard Area
5585,102225,792,Drinking Fountain,None,Drinking Fountain Count,None,NEILSON PARK - SCARBOROUGH - Drinking Water Source
5586,103213,792,Drinking Fountain,None,Drinking Fountain Count,None,NEILSON PARK - SCARBOROUGH - Drinking Water Source
5587,3938,793,Indoor Bocce Court,None,Indoor Bocce Court,None,OURLAND COMMUNITY CENTRE - Indoor Bocce Court (  1)
5588,3939,793,Indoor Bocce Court,None,Indoor Bocce Court,None,OURLAND COMMUNITY CENTRE - Indoor Bocce Court (  2)
5589,41452,793,Gymnasium,gym,Gymnasium - B,B,OURLAND COMMUNITY CENTRE - Gymnasium
5590,48414,793,Meeting Room,None,None,None,OURLAND COMMUNITY CENTRE - Meeting Room (  1)
5591,48415,793,Meeting Room,None,None,None,OURLAND COMMUNITY CENTRE - Meeting Room (  2)
5592,2638,794,Drinking Fountain,None,Drinking Fountain Count,None,SCARDEN PARK - Drinking Water Source
5593,17922,794,Ball Diamond,sport,Baseball Diamond Field - C,C,SCARDEN PARK - Ball Diamond Field
5594,33917,794,Playground,None,Playground Site,None,SCARDEN PARK - Playground
5595,10508,795,Indoor Pool,pool,Indoor Pool Tank - B,B,THE ELMS COMMUNITY POOL
5596,10497,797,Indoor Pool,pool,Indoor Pool Tank - B,B,NORSEMAN COMMUNITY SCHOOL AND POOL - Indoor Pool Tank
5597,41439,797,Gymnasium,gym,Gymnasium - C,C,NORSEMAN COMMUNITY SCHOOL AND POOL - Gymnasium
5598,1674,798,Washroom Facility,None,Washroom Building,None,CENTENNIAL PARK GREENHOUSE
5599,1674,798,Greenhouse,None,Greenhouse,None,CENTENNIAL PARK GREENHOUSE
5600,2429,798,Drinking Fountain,None,Drinking Fountain Count,None,CENTENNIAL PARK - ETOBICOKE - Drinking Water Source (  1)
5601,2430,798,Drinking Fountain,None,Drinking Fountain Count,None,CENTENNIAL PARK - ETOBICOKE - Drinking Water Source (  2)
5602,2431,798,Drinking Fountain,None,Drinking Fountain Count,None,CENTENNIAL PARK - ETOBICOKE - Drinking Water Source (  3)
5603,4718,798,Picnic Site,picnic,Picnic Site,None,CENTENNIAL PARK - ETOBICOKE - Picnic Site (  8)
5604,4719,798,Picnic Site,picnic,Picnic Site,None,CENTENNIAL PARK - ETOBICOKE - Picnic Site (  5)
5605,4720,798,Picnic Site,picnic,Picnic Site,None,CENTENNIAL PARK - ETOBICOKE - Picnic Site (  7)
5606,4721,798,Picnic Site,picnic,Picnic Site,None,CENTENNIAL PARK - ETOBICOKE - Picnic Site (  6)
5607,4722,798,Picnic Site,picnic,Picnic Site,None,CENTENNIAL PARK - ETOBICOKE - Picnic Site (  4)
5608,4723,798,Picnic Site,picnic,Picnic Site,None,CENTENNIAL PARK - ETOBICOKE - Picnic Site (  3)
5609,4724,798,Picnic Site,picnic,Picnic Site,None,CENTENNIAL PARK - ETOBICOKE - Picnic Site (  1)
5610,4725,798,Picnic Site,picnic,Picnic Site,None,CENTENNIAL PARK - ETOBICOKE - Picnic Site (  2)
5611,17705,798,Outdoor track,None,Outdoor Track,None,CENTENNIAL PARK - ETOBICOKE - Outdoor Track
5612,18257,798,Ball Diamond,sport,Baseball Diamond Field - A,A,CENTENNIAL PARK - ETOBICOKE - Ball Diamond Field ( 5)
5613,22142,798,Bike Trail,None,Bike Trail,None,CENTENNIAL PARK TRAIL (  1)
5614,22143,798,Bike Trail,None,Bike Trail,None,CENTENNIAL PARK TRAIL (  2)
5615,22144,798,Bike Trail,None,Bike Trail,None,CENTENNIAL PARK TRAIL (  3)
5616,22428,798,Bike Trail,None,Bike Trail,None,EGLINTON AVE WEST TRAIL (  1)
5617,22439,798,Bike Trail,None,Bike Trail,None,EGLINTON AVE WEST TRAIL (  2)
5618,22470,798,Bike Trail,None,Bike Trail,None,ELMCREST CREEK TRAIL ( 10)
5619,22471,798,Bike Trail,None,Bike Trail,None,ELMCREST CREEK TRAIL ( 11)
5620,22472,798,Bike Trail,None,Bike Trail,None,ELMCREST CREEK TRAIL ( 12)
5621,22474,798,Bike Trail,None,Bike Trail,None,ELMCREST CREEK TRAIL ( 14)
5622,22475,798,Bike Trail,None,Bike Trail,None,ELMCREST CREEK TRAIL ( 15)
5623,22476,798,Bike Trail,None,Bike Trail,None,ELMCREST CREEK TRAIL ( 16)
5624,22477,798,Bike Trail,None,Bike Trail,None,ELMCREST CREEK TRAIL ( 17)
5625,22478,798,Bike Trail,None,Bike Trail,None,ELMCREST CREEK TRAIL ( 18)
5626,22479,798,Bike Trail,None,Bike Trail,None,ELMCREST CREEK TRAIL ( 19)
5627,22481,798,Bike Trail,None,Bike Trail,None,ELMCREST CREEK TRAIL ( 20)
5628,22482,798,Bike Trail,None,Bike Trail,None,ELMCREST CREEK TRAIL ( 21)
5629,22483,798,Bike Trail,None,Bike Trail,None,ELMCREST CREEK TRAIL ( 22)
5630,22484,798,Bike Trail,None,Bike Trail,None,ELMCREST CREEK TRAIL ( 23)
5631,22485,798,Bike Trail,None,Bike Trail,None,ELMCREST CREEK TRAIL ( 24)
5632,22486,798,Bike Trail,None,Bike Trail,None,ELMCREST CREEK TRAIL ( 25)
5633,22487,798,Bike Trail,None,Bike Trail,None,ELMCREST CREEK TRAIL ( 26)
5634,22488,798,Bike Trail,None,Bike Trail,None,ELMCREST CREEK TRAIL ( 27)
5635,22509,798,Bike Trail,None,Bike Trail,None,ELMCREST CREEK TRAIL (  8)
5636,22510,798,Bike Trail,None,Bike Trail,None,ELMCREST CREEK TRAIL (  9)
5637,22511,798,Bike Trail,None,Bike Trail,None,ETOBICOKE CREEK TRAIL (  1)
5638,29324,798,Picnic Shelter,picnic,Shelter,None,CENTENNIAL PARK - ETOBICOKE - Shade Structure (  1)
5639,30083,798,Dressing Room,None,Change Room,None,CENTENNIAL PARK CONSERVATORY AND GREENHOUSE - Dressing Room - Unisex
5640,30973,798,Outdoor Fitness Equipment,None,Outdoor Fitness Equipment,None,CENTENNIAL PARK - ETOBICOKE - Outdoor Fitness Equipment (  1)
5641,30974,798,Outdoor Fitness Equipment,None,Outdoor Fitness Equipment,None,CENTENNIAL PARK - ETOBICOKE - Outdoor Fitness Equipment (  2)
5642,30975,798,Outdoor Fitness Equipment,None,Outdoor Fitness Equipment,None,CENTENNIAL PARK - ETOBICOKE - Outdoor Fitness Equipment (  3)
5643,30976,798,Outdoor Fitness Equipment,None,Outdoor Fitness Equipment,None,CENTENNIAL PARK - ETOBICOKE - Outdoor Fitness Equipment (  4)
5644,30977,798,Outdoor Fitness Equipment,None,Outdoor Fitness Equipment,None,CENTENNIAL PARK - ETOBICOKE - Outdoor Fitness Equipment (  5)
5645,30978,798,Outdoor Fitness Equipment,None,Outdoor Fitness Equipment,None,CENTENNIAL PARK - ETOBICOKE - Outdoor Fitness Equipment (  6)
5646,30979,798,Outdoor Fitness Equipment,None,Outdoor Fitness Equipment,None,CENTENNIAL PARK - ETOBICOKE - Outdoor Fitness Equipment (  7)
5647,30980,798,Outdoor Fitness Equipment,None,Outdoor Fitness Equipment,None,CENTENNIAL PARK - ETOBICOKE - Outdoor Fitness Equipment (  8)
5648,30981,798,Outdoor Fitness Equipment,None,Outdoor Fitness Equipment,None,CENTENNIAL PARK - ETOBICOKE - Outdoor Fitness Equipment (  9)
5649,30982,798,Outdoor Fitness Equipment,None,Outdoor Fitness Equipment,None,CENTENNIAL PARK - ETOBICOKE - Outdoor Fitness Equipment ( 10)
5650,30983,798,Outdoor Fitness Equipment,None,Outdoor Fitness Equipment,None,CENTENNIAL PARK - ETOBICOKE - Outdoor Fitness Equipment ( 11)
5651,30984,798,Outdoor Fitness Equipment,None,Outdoor Fitness Equipment,None,CENTENNIAL PARK - ETOBICOKE - Outdoor Fitness Equipment ( 12)
5652,30985,798,Outdoor Fitness Equipment,None,Outdoor Fitness Equipment,None,CENTENNIAL PARK - ETOBICOKE - Outdoor Fitness Equipment ( 13)
5653,30986,798,Outdoor Fitness Equipment,None,Outdoor Fitness Equipment,None,CENTENNIAL PARK - ETOBICOKE - Outdoor Fitness Equipment ( 14)
5654,32237,798,Parking Lot,None,Outdoor Parking Lot,None,CENTENNIAL PARK - ETOBICOKE - Outdoor Parking Lot ( G)
5655,32238,798,Parking Lot,None,Outdoor Parking Lot,None,CENTENNIAL PARK - ETOBICOKE - Outdoor Parking Lot (  2)
5656,32240,798,Parking Lot,None,Outdoor Parking Lot,None,CENTENNIAL PARK - ETOBICOKE - Outdoor Parking Lot ( A)
5657,32241,798,Parking Lot,None,Outdoor Parking Lot,None,CENTENNIAL PARK - ETOBICOKE - Outdoor Parking Lot ( D)
5658,32242,798,Parking Lot,None,Outdoor Parking Lot,None,CENTENNIAL PARK - ETOBICOKE - Outdoor Parking Lot ( E)
5659,34390,798,Playground,None,Playground Site,None,CENTENNIAL PARK - ETOBICOKE - Playground E
5660,36567,798,Sport Field,sport,Soccer Field - C,C,CENTENNIAL PARK - ETOBICOKE - Sport Field ( 9)
5661,36568,798,Sport Field,sport,Soccer Field - C,C,CENTENNIAL PARK - ETOBICOKE - Sport Field ( 6)
5662,36569,798,Sport Field,sport,Soccer Field - C,C,CENTENNIAL PARK - ETOBICOKE - Sport Field ( 8)
5663,36570,798,Sport Field,sport,Soccer Field - C,C,CENTENNIAL PARK - ETOBICOKE - Sport Field ( 7)
5664,36582,798,Cricket Pitch Field,sport,Cricket Pitch Field - C,C,CENTENNIAL PARK - ETOBICOKE - Cricket Pitch Field (  1)
5665,36583,798,Cricket Pitch Field,sport,Cricket Pitch Field - C,C,CENTENNIAL PARK - ETOBICOKE - Cricket Pitch Field (  2)
5666,36743,798,Disc Golf Course,None,Disc Golf,None,CENTENNIAL PARK - ETOBICOKE - Disc Golf
5667,37165,798,Picnic Shelter,picnic,Shelter,None,CENTENNIAL PARK - ETOBICOKE - Shade Structure (  2)
5668,37166,798,Picnic Shelter,picnic,Shelter,None,CENTENNIAL PARK - ETOBICOKE - Shade Structure (  3)
5669,37167,798,Picnic Shelter,picnic,Shelter,None,CENTENNIAL PARK - ETOBICOKE - Shade Structure (  4)
5670,37168,798,Picnic Shelter,picnic,Shelter,None,CENTENNIAL PARK - ETOBICOKE - Shade Structure (  5)
5671,37225,798,Pond,None,Open Water,None,CENTENNIAL PARK - ETOBICOKE - Pond (  1)
5672,37226,798,Pond,None,Open Water,None,CENTENNIAL PARK - ETOBICOKE - Pond (  2)
5673,42714,798,Playground,None,Playground Site,None,CENTENNIAL PARK - ETOBICOKE - Playground SW
5674,42716,798,Playground,None,Playground Site,None,CENTENNIAL PARK - ETOBICOKE - Playground N
5675,49504,798,Parking Lot,None,Outdoor Parking Lot,None,CENTENNIAL PARK - ETOBICOKE - Outdoor Parking Lot ( M)
5676,49506,798,Parking Lot,None,Outdoor Parking Lot,None,CENTENNIAL PARK - ETOBICOKE - Outdoor Parking Lot ( C)
5677,49508,798,Parking Lot,None,Outdoor Parking Lot,None,CENTENNIAL PARK - ETOBICOKE - Outdoor Parking Lot ( F)
5678,49509,798,Parking Lot,None,Outdoor Parking Lot,None,CENTENNIAL PARK - ETOBICOKE - Outdoor Parking Lot ( H)
5679,49510,798,Parking Lot,None,Outdoor Parking Lot,None,CENTENNIAL PARK - ETOBICOKE - Outdoor Parking Lot ( J)
5680,49511,798,Parking Lot,None,Outdoor Parking Lot,None,CENTENNIAL PARK - ETOBICOKE - Outdoor Parking Lot ( 13)
5681,57304,798,Pond,None,Open Water,None,CENTENNIAL PARK - ETOBICOKE - Open Water (  3)
5682,57305,798,Pond,None,Open Water,None,CENTENNIAL PARK - ETOBICOKE - Open Water (  4)
5683,57306,798,Pond,None,Open Water,None,CENTENNIAL PARK - ETOBICOKE - Open Water (  5)
5684,57307,798,Pond,None,Open Water,None,CENTENNIAL PARK - ETOBICOKE - Open Water (  6)
5685,57308,798,Pond,None,Open Water,None,CENTENNIAL PARK - ETOBICOKE - Open Water (  7)
5686,57309,798,Pond,None,Open Water,None,CENTENNIAL PARK - ETOBICOKE - Open Water (  8)
5687,57310,798,Pond,None,Open Water,None,CENTENNIAL PARK - ETOBICOKE - Open Water (  9)
5688,57311,798,Pond,None,Open Water,None,CENTENNIAL PARK - ETOBICOKE - Open Water ( 10)
5689,57312,798,Pond,None,Open Water,None,CENTENNIAL PARK - ETOBICOKE - Open Water ( 11)
5690,57313,798,Pond,None,Open Water,None,CENTENNIAL PARK - ETOBICOKE - Open Water ( 12)
5691,57702,798,Sport Field,sport,Soccer Field,None,CENTENNIAL PARK - ETOBICOKE - Sport Field (11)
5692,57703,798,Sport Field,sport,Soccer Field,None,CENTENNIAL PARK - ETOBICOKE - Sport Field (10)
5693,58242,798,BMX Bike Area,None,BMX Bike Area,None,CENTENNIAL PARK PAN AM BMX CENTRE
5694,58383,798,Parking Lot,None,Outdoor Parking Lot,None,CENTENNIAL PARK - ETOBICOKE - Outdoor Parking Lot ( L)
5695,74584,798,Practice Wicket,None,Practice Wicket - C,C,CENTENNIAL PARK - ETOBICOKE - Practice Wicket
5696,94783,798,Conservatory,None,Conservatory,None,CENTENNIAL PARK CONSERVATORY
5697,101973,798,Washroom Facility,None,Washroom Building,None,CENTENNIAL PARK - ETOBICOKE - Washroom Building (  1)
5698,101974,798,Washroom Facility,None,Washroom Building,None,CENTENNIAL PARK - ETOBICOKE - Washroom Building (  2)
5699,101975,798,Washroom Facility,None,Washroom Building,None,CENTENNIAL PARK - ETOBICOKE - Washroom Building (  3)
5700,102062,798,Bottle Filling Station,None,Water Bottle Filling Count,None,CENTENNIAL PARK - ETOBICOKE - Drinking Water Source (  4)
5701,102062,798,Bottle Filling Station,None,Water Bottle Filling Count,None,CENTENNIAL PARK - ETOBICOKE - Drinking Water Source (  4)
5702,102159,798,Bottle Filling Station,None,Water Bottle Filling Count,None,CENTENNIAL PARK - ETOBICOKE - Drinking Water Source (  5)
5703,102197,798,Drinking Fountain,None,Drinking Fountain Count,None,CENTENNIAL PARK - ETOBICOKE - Drinking Water Source (  6)
5704,132473,798,Outdoor Fitness Equipment,None,Outdoor Fitness Equipment,None,CENTENNIAL PARK - ETOBICOKE - Outdoor Fitness Equipment ( 15)
5705,132474,798,Outdoor Fitness Equipment,None,Outdoor Fitness Equipment,None,CENTENNIAL PARK - ETOBICOKE - Outdoor Fitness Equipment ( 16)
5706,132475,798,Outdoor Fitness Equipment,None,Outdoor Fitness Equipment,None,CENTENNIAL PARK - ETOBICOKE - Outdoor Fitness Equipment ( 17)
5707,132476,798,Outdoor Fitness Equipment,None,Outdoor Fitness Equipment,None,CENTENNIAL PARK - ETOBICOKE - Outdoor Fitness Equipment ( 18)
5708,849971,798,Parking Lot,None,Outdoor Parking Lot,None,CENTENNIAL PARK - ETOBICOKE - Outdoor Parking Lot ( 15)
5709,967915,798,Gazebo,None,Gazebo,None,CENTENNIAL PARK - ETOBICOKE - Shade Structure (  6)
5710,967918,798,Gazebo,None,Gazebo,None,CENTENNIAL PARK - ETOBICOKE - Shade Structure (  7)
5711,967927,798,Gazebo,None,Gazebo,None,CENTENNIAL PARK - ETOBICOKE - Shade Structure (  8)
5712,967928,798,Gazebo,None,Gazebo,None,CENTENNIAL PARK - ETOBICOKE - Shade Structure (  9)
5713,967929,798,Gazebo,None,Gazebo,None,CENTENNIAL PARK - ETOBICOKE - Shade Structure ( 10)
5714,1001555,798,Multipurpose Field,None,Multipurpose Field - A,A,CENTENNIAL PARK - ETOBICOKE - Sport Field ( 3)
5715,17324,800,Indoor Rink,ice,Indoor Ice Pad - A,A,ALBION ARENA - Indoor Ice Pad
5716,17348,801,Indoor Rink,ice,Indoor Ice Pad - A,A,PINE POINT ARENA - Indoor Ice Pad
5717,17348,801,Indoor Dry Pad,ice,Indoor Dry Pad - A,A,PINE POINT ARENA - Indoor Ice Pad
5718,48047,801,Meeting Room,None,None,None,PINE POINT ARENA - Meeting Room
5719,48423,801,Multipurpose Room,room,Room - C,C,PINE POINT ARENA - Multipurpose Room
5720,17344,802,Indoor Rink,ice,Indoor Ice Pad - A,A,MIMICO ARENA - Indoor Ice Pad
5721,17344,802,Indoor Dry Pad,ice,Indoor Dry Pad - A,A,MIMICO ARENA - Indoor Ice Pad
5722,48385,802,Lounge,room,Room - B,B,MIMICO ARENA - Lounge
5723,17342,803,Indoor Rink,ice,Indoor Ice Pad - A,A,LONG BRANCH ARENA - Indoor Ice Pad
5724,17342,803,Indoor Dry Pad,ice,Indoor Dry Pad - A,A,LONG BRANCH ARENA - Indoor Ice Pad
5725,48354,803,Lounge,room,Room - C,C,LONG BRANCH ARENA - Lounge
5726,14310,804,Pickleball Court,None,None,None,WESTWAY OUTDOOR RINK - Outdoor Artificial Ice Rink
5727,14310,804,Pickleball Court,None,None,None,WESTWAY OUTDOOR RINK - Outdoor Artificial Ice Rink
5728,43612,804,Outdoor Rink,ice,Outdoor Ice Pad,None,WESTWAY OUTDOOR RINK - Outdoor Ice Pad
5729,43602,805,Outdoor Rink,ice,Outdoor Ice Pad,None,ROYAL CREST RINK - Outdoor Ice Pad
5730,43605,807,Outdoor Rink,ice,Outdoor Ice Pad,None,SUMMERLEA RINK - Outdoor Ice Pad
5731,3359,808,Outdoor Tennis Court,None,Outdoor Tennis Court,None,WEST MALL - Outdoor Tennis Court (  1)
5732,3360,808,Outdoor Tennis Court,None,Outdoor Tennis Court,None,WEST MALL - Outdoor Tennis Court (  2)
5733,3361,808,Outdoor Tennis Court,None,Outdoor Tennis Court,None,WEST MALL - Outdoor Tennis Court (  3)
5734,28908,808,Washroom Facility,None,Washroom Building,None,WEST MALL A.I.R. RINK BUILDING
5735,31922,808,Pickleball Court,None,None,None,WEST MALL RINK - Outdoor Artificial Ice Rink (  2)
5736,31922,808,Pickleball Court,None,None,None,WEST MALL RINK - Outdoor Artificial Ice Rink (  2)
5737,31922,808,Pickleball Court,None,None,None,WEST MALL RINK - Outdoor Artificial Ice Rink (  2)
5738,43580,808,Outdoor Rink,ice,Outdoor Ice Pad,None,WEST MALL RINK - Outdoor Ice Pad (  2)
5739,44022,808,Outdoor Rink,ice,Outdoor Ice Pad,None,WEST MALL RINK - Outdoor Ice Pad (  1)
5740,14303,809,Pickleball Court,None,None,None,SUNNYDALE ACRES RINK - Outdoor Artificial Ice Rink
5741,14303,809,Pickleball Court,None,None,None,SUNNYDALE ACRES RINK - Outdoor Artificial Ice Rink
5742,14303,809,Pickleball Court,None,None,None,SUNNYDALE ACRES RINK - Outdoor Artificial Ice Rink
5743,14303,809,Pickleball Court,None,None,None,SUNNYDALE ACRES RINK - Outdoor Artificial Ice Rink
5744,43606,809,Outdoor Rink,ice,Outdoor Ice Pad,None,SUNNYDALE ACRES RINK - Outdoor Ice Pad
5745,3353,811,Outdoor Basketball Court,None,Basketball Court,None,DIXON PARK - Basketball Court (  1)
5746,17427,811,Sports Pad Area,None,Sportspad Area,None,DIXON PARK - Sportspad Area
5747,22227,811,Bike Trail,None,Bike Trail,None,DIXON PARK TRAIL (  2)
5748,22228,811,Bike Trail,None,Bike Trail,None,DIXON PARK TRAIL (  3)
5749,28385,811,Outdoor Basketball Court,None,Basketball Court,None,DIXON PARK - Basketball Court (  2)
5750,28386,811,Outdoor Basketball Court,None,Basketball Court,None,DIXON PARK - Basketball Court (  3)
5751,34002,811,Playground,None,Playground Site,None,DIXON PARK - Playground W
5752,36485,811,Fieldhouse,None,Fieldhouse,None,DIXON PARK - Fieldhouse
5753,36486,811,Picnic Shelter,picnic,Shelter,None,DIXON PARK - Shade Structure
5754,42723,811,Playground,None,Playground Site,None,DIXON PARK - Playground E
5755,78696,811,Drinking Fountain,None,Drinking Fountain Count,None,DIXON PARK - Drinking Water Source
5756,78696,811,Bottle Filling Station,None,Water Bottle Filling Count,None,DIXON PARK - Drinking Water Source
5757,78696,811,Bottle Filling Station,None,Water Bottle Filling Count,None,DIXON PARK - Drinking Water Source
5758,14305,812,Pickleball Court,None,None,None,VALLEYFIELD PARK - Outdoor Artificial Ice Rink
5759,14305,812,Pickleball Court,None,None,None,VALLEYFIELD PARK - Outdoor Artificial Ice Rink
5760,14305,812,Pickleball Court,None,None,None,VALLEYFIELD PARK - Outdoor Artificial Ice Rink
5761,14305,812,Pickleball Court,None,None,None,VALLEYFIELD PARK - Outdoor Artificial Ice Rink
5762,14305,812,Pickleball Court,None,None,None,VALLEYFIELD PARK - Outdoor Artificial Ice Rink
5763,22859,812,Bike Trail,None,Bike Trail,None,HUMBER CREEK TRAIL ( 14)
5764,29720,812,Fieldhouse,None,Fieldhouse,None,VALLEYFIELD PARK FIELDHOUSE
5765,29720,812,Washroom Facility,None,Washroom Building,None,VALLEYFIELD PARK FIELDHOUSE
5766,32491,812,Parking Lot,None,Outdoor Parking Lot,None,VALLEYFIELD PARK - Outdoor Parking Lot
5767,43608,812,Outdoor Rink,ice,Outdoor Ice Pad,None,VALLEYFIELD PARK - Outdoor Ice Pad
5768,48500,812,Multipurpose Room,room,Room - C,C,VALLEYFIELD PARK FIELDHOUSE - Multipurpose Room
5769,3468,813,Outdoor Tennis Court,None,Outdoor Tennis Court,None,BUTTONWOOD PARK - Outdoor Tennis Court (  1)
5770,3469,813,Outdoor Tennis Court,None,Outdoor Tennis Court,None,BUTTONWOOD PARK - Outdoor Tennis Court (  2)
5771,3470,813,Outdoor Tennis Court,None,Outdoor Tennis Court,None,BUTTONWOOD PARK - Outdoor Tennis Court (  3)
5772,14266,813,Pickleball Court,None,None,None,BUTTONWOOD PARK - Outdoor Artificial Ice Rink
5773,14266,813,Pickleball Court,None,None,None,BUTTONWOOD PARK - Outdoor Artificial Ice Rink
5774,14266,813,Pickleball Court,None,None,None,BUTTONWOOD PARK - Outdoor Artificial Ice Rink
5775,34373,813,Playground,None,Playground Site,None,BUTTONWOOD PARK - Playground
5776,43576,813,Outdoor Rink,ice,Outdoor Ice Pad,None,BUTTONWOOD PARK - Outdoor Ice Pad
5777,14301,814,Outdoor Dry Pad,ice,Outdoor Dry Pad - A,A,SIR ADAM BECK RINK - Outdoor Artificial Ice Rink
5778,43604,814,Outdoor Rink,ice,Outdoor Ice Pad,None,SIR ADAM BECK RINK - Outdoor Ice Pad
5779,43589,816,Outdoor Rink,ice,Outdoor Ice Pad,None,HUMBER VALLEY RINK - Outdoor Ice Pad
5780,43563,818,Outdoor Rink,ice,Outdoor Ice Pad,None,LAMBTON - KINGSWAY PARK - Outdoor Ice Pad
5781,14290,819,Pickleball Court,None,None,None,PRINCE OF WALES RINK - Outdoor Artificial Ice Rink
5782,14290,819,Pickleball Court,None,None,None,PRINCE OF WALES RINK - Outdoor Artificial Ice Rink
5783,14290,819,Pickleball Court,None,None,None,PRINCE OF WALES RINK - Outdoor Artificial Ice Rink
5784,14290,819,Pickleball Court,None,None,None,PRINCE OF WALES RINK - Outdoor Artificial Ice Rink
5785,43594,819,Outdoor Rink,ice,Outdoor Ice Pad,None,PRINCE OF WALES RINK - Outdoor Ice Pad
5786,17355,820,Indoor Rink,ice,Indoor Ice Pad - C,C,PARK LAWN BUBBLE RINK - Indoor Ice Pad
5787,29850,821,Kitchen,room,Kitchen,None,ISLINGTON SENIORS' CENTRE - Kitchen
5788,29826,822,Kitchen,room,Kitchen - C,C,FAIRFIELD SENIORS' CENTRE - Kitchen
5789,41328,822,Gymnasium,gym,Gymnasium - C,C,FAIRFIELD SENIORS' CENTRE - Gymnasium
5790,47883,822,Lounge,room,Room - C,C,FAIRFIELD SENIORS' CENTRE - Lounge
5791,47884,822,Multipurpose Room,room,Room - C,C,FAIRFIELD SENIORS' CENTRE - Multipurpose Room (  1)
5792,47885,822,Multipurpose Room,room,Room - C,C,FAIRFIELD SENIORS' CENTRE - Multipurpose Room (  2)
5793,47886,822,Multipurpose Room,room,Room - C,C,FAIRFIELD SENIORS' CENTRE - Multipurpose Room (  3)
5794,47894,822,Multipurpose Room,room,Room - C,C,FAIRFIELD SENIORS' CENTRE - Multipurpose Room (  4)
5795,47895,822,Multipurpose Room,room,Room - C,C,FAIRFIELD SENIORS' CENTRE - Multipurpose Room (  5)
5796,47896,822,Multipurpose Room,room,Room - C,C,FAIRFIELD SENIORS' CENTRE - Multipurpose Room (  6)
5797,47897,822,Multipurpose Room,room,Room - C,C,FAIRFIELD SENIORS' CENTRE - Multipurpose Room (  7)
5798,47898,822,Preschool,room,Preschool - C,C,FAIRFIELD SENIORS' CENTRE - Preschool
5799,29844,823,Kitchen,room,Kitchen,None,HORNER AVENUE SENIORS CENTRE - Kitchen
5800,46562,823,Auditorium,gym,Auditorium,None,HORNER AVENUE SENIORS CENTRE - Auditorium
5801,2056,824,Washroom Facility,None,Washroom Building,None,CENTRAL ARENA
5802,17329,824,Indoor Dry Pad,ice,Indoor Dry Pad - A,A,CENTRAL ARENA - Indoor Ice Pad
5803,17329,824,Indoor Rink,ice,Indoor Ice Pad - A,A,CENTRAL ARENA - Indoor Ice Pad
5804,48173,824,Lounge,room,Room - C,C,CENTRAL ARENA - Lounge
5805,48174,824,Multipurpose Room,room,Room - C,C,CENTRAL ARENA - Multipurpose Room
5806,3517,826,Pickleball Court,None,None,None,BEAUMONDE HEIGHTS PARK - Tennis Court Area
5807,3517,826,Pickleball Court,None,None,None,BEAUMONDE HEIGHTS PARK - Tennis Court Area
5808,3518,826,Outdoor Tennis Court,None,Outdoor Tennis Court,None,BEAUMONDE HEIGHTS PARK - Outdoor Tennis Court (  1)
5809,3519,826,Outdoor Tennis Court,None,Outdoor Tennis Court,None,BEAUMONDE HEIGHTS PARK - Outdoor Tennis Court (  2)
5810,3520,826,Outdoor Tennis Court,None,Outdoor Tennis Court,None,BEAUMONDE HEIGHTS PARK - Outdoor Tennis Court (  3)
5811,17679,826,Ball Diamond,sport,Baseball Diamond Field - C,C,BEAUMONDE HEIGHTS PARK - Ball Diamond Field
5812,33980,826,Playground,None,Playground Site,None,BEAUMONDE HEIGHTS PARK - Playground
5813,102191,826,Drinking Fountain,None,Drinking Fountain Count,None,BEAUMONDE HEIGHTS PARK - Drinking Water Source
5814,3497,827,Pickleball Court,None,None,None,BIRCH PARK - Tennis Court Area
5815,3497,827,Pickleball Court,None,None,None,BIRCH PARK - Tennis Court Area
5816,3498,827,Outdoor Tennis Court,None,Outdoor Tennis Court,None,BIRCH PARK - Outdoor Tennis Court (  1)
5817,3499,827,Outdoor Tennis Court,None,Outdoor Tennis Court,None,BIRCH PARK - Outdoor Tennis Court (  2)
5818,4812,827,Wading Pool,None,Wading Pool,None,BIRCH PARK - Wading Pool
5819,17684,827,Ball Diamond,sport,Baseball Diamond Field - C,C,BIRCH PARK - Ball Diamond Field
5820,32216,827,Parking Lot,None,Outdoor Parking Lot,None,BIRCH PARK - Outdoor Parking Lot (  1)
5821,32562,827,Parking Lot,None,Outdoor Parking Lot,None,BIRCH PARK - Outdoor Parking Lot (  2)
5822,34346,827,Playground,None,Playground Site,None,BIRCH PARK - Playground
5823,967865,827,Gazebo,None,Gazebo,None,BIRCH PARK - Shade Structure
5824,34386,828,Playground,None,Playground Site,None,CAYUGA PARK - Playground
5825,2426,829,Drinking Fountain,None,Drinking Fountain Count,None,CHARLES BRERETON PARK - Drinking Water Source
5826,2366,830,Drinking Fountain,None,Drinking Fountain Count,None,DENISON PARK - Drinking Water Source
5827,17731,830,Ball Diamond,sport,Baseball Diamond Field - C,C,DENISON PARK - Ball Diamond Field
5828,33996,830,Playground,None,Playground Site,None,DENISON PARK - Playground
5829,60842,830,Outdoor Fitness Equipment,None,Outdoor Fitness Equipment,None,DENISON PARK - Outdoor Fitness Equipment Area - Outdoor Fitness Equipment (  1)
5830,60843,830,Outdoor Fitness Equipment,None,Outdoor Fitness Equipment,None,DENISON PARK - Outdoor Fitness Equipment Area - Outdoor Fitness Equipment (  2)
5831,60844,830,Outdoor Fitness Equipment,None,Outdoor Fitness Equipment,None,DENISON PARK - Outdoor Fitness Equipment Area - Outdoor Fitness Equipment (  3)
5832,60845,830,Outdoor Fitness Equipment,None,Outdoor Fitness Equipment,None,DENISON PARK - Outdoor Fitness Equipment Area - Outdoor Fitness Equipment (  4)
5833,74585,830,Fieldhouse,None,Fieldhouse,None,DENISON PARK - Fieldhouse
5834,17788,831,Ball Diamond,sport,Baseball Diamond Field - C,C,HARWOOD PARK - Ball Diamond Field
5835,34476,831,Playground,None,Playground Site,None,HARWOOD PARK - Playground
5836,102102,831,Bottle Filling Station,None,Water Bottle Filling Count,None,HARWOOD PARK - Drinking Water Source
5837,102102,831,Drinking Fountain,None,Drinking Fountain Count,None,HARWOOD PARK - Drinking Water Source
5838,34191,832,Playground,None,Playground Site,None,HENRIETTA PARK - Playground
5839,102096,832,Bottle Filling Station,None,Water Bottle Filling Count,None,HENRIETTA PARK - Drinking Water Source
5840,102096,832,Drinking Fountain,None,Drinking Fountain Count,None,HENRIETTA PARK - Drinking Water Source
5841,2186,833,Drinking Fountain,None,Drinking Fountain Count,None,LAUGHLIN PARK - Drinking Water Source
5842,29550,833,Fieldhouse,None,Fieldhouse,None,LAUGHLIN PARK - Fieldhouse
5843,34114,833,Playground,None,Playground Site,None,LAUGHLIN PARK - Playground
5844,132744,833,Outdoor Table Tennis,None,Outdoor Table Tennis,None,LAUGHLIN PARK - Outdoor Table Tennis
5845,34395,834,Playground,None,Playground Site,None,CHARLES CACCIA PARK - Playground
5846,45282,834,Splash Pad,None,Splash/Spray Pad,None,CHARLES CACCIA PARK - Splash/Spray Pad
5847,102023,834,Bottle Filling Station,None,Water Bottle Filling Count,None,CHARLES CACCIA PARK - Drinking Water Source
5848,102023,834,Drinking Fountain,None,Drinking Fountain Count,None,CHARLES CACCIA PARK - Drinking Water Source
5849,34295,835,Playground,None,Playground Site,None,TRETHEWEY PARK EAST - Playground
5850,49539,835,Parking Lot,None,Outdoor Parking Lot,None,TRETHEWEY PARK EAST - Outdoor Parking Lot
5851,57410,835,Pond,None,Open Water,None,TRETHEWEY PARK EAST - Open Water (  1)
5852,57411,835,Pond,None,Open Water,None,TRETHEWEY PARK EAST - Open Water (  2)
5853,3322,836,Outdoor Basketball Court,None,Basketball Court,None,WALTER SAUNDERS MEMORIAL PARK - Basketball Court
5854,4523,836,Splash Pad,None,Splash/Spray Pad,None,WALTER SAUNDERS MEMORIAL PARK - Splash/Spray Pad
5855,34313,836,Playground,None,Playground Site,None,WALTER SAUNDERS MEMORIAL PARK - Playground
5856,40687,836,Bike Trail,None,Bike Trail,None,WALTER SAUNDERS MEMORIAL PARK TRAIL (  7)
5857,40688,836,Bike Trail,None,Bike Trail,None,WALTER SAUNDERS MEMORIAL PARK TRAIL (  8)
5858,70803,836,Community Garden,None,Community Garden,None,WALTER SAUNDERS MEMORIAL PARK - Community Garden
5859,74328,836,Outdoor Fitness Equipment,None,Outdoor Fitness Equipment,None,WALTER SAUNDERS MEMORIAL PARK - Outdoor Fitness Equipment Area - Outdoor Fitness Equipment (  1)
5860,74329,836,Outdoor Fitness Equipment,None,Outdoor Fitness Equipment,None,WALTER SAUNDERS MEMORIAL PARK - Outdoor Fitness Equipment Area - Outdoor Fitness Equipment (  2)
5861,74330,836,Outdoor Fitness Equipment,None,Outdoor Fitness Equipment,None,WALTER SAUNDERS MEMORIAL PARK - Outdoor Fitness Equipment Area - Outdoor Fitness Equipment (  3)
5862,74331,836,Outdoor Fitness Equipment,None,Outdoor Fitness Equipment,None,WALTER SAUNDERS MEMORIAL PARK - Outdoor Fitness Equipment Area - Outdoor Fitness Equipment (  4)
5863,74332,836,Outdoor Fitness Equipment,None,Outdoor Fitness Equipment,None,WALTER SAUNDERS MEMORIAL PARK - Outdoor Fitness Equipment Area - Outdoor Fitness Equipment (  5)
5864,75146,836,Bottle Filling Station,None,Water Bottle Filling Count,None,WALTER SAUNDERS MEMORIAL PARK - Drinking Water Source (  1)
5865,75147,836,Bottle Filling Station,None,Water Bottle Filling Count,None,WALTER SAUNDERS MEMORIAL PARK - Drinking Water Source (  2)
5866,2558,837,Drinking Fountain,None,Drinking Fountain Count,None,TOM RILEY PARK - Drinking Water Source
5867,2788,837,Community Garden,None,Community Garden,None,NEW HORIZONS COMMUNITY GARDEN
5868,3628,837,Pickleball Court,None,None,None,TOM RILEY PARK - Tennis Court Area (  1)
5869,3628,837,Pickleball Court,None,None,None,TOM RILEY PARK - Tennis Court Area (  1)
5870,3631,837,Outdoor Tennis Court,None,Outdoor Tennis Court,None,TOM RILEY PARK - Outdoor Tennis Court (  1)
5871,3634,837,Outdoor Tennis Court,None,Outdoor Tennis Court,None,TOM RILEY PARK - Outdoor Tennis Court (  3)
5872,3635,837,Outdoor Tennis Court,None,Outdoor Tennis Court,None,TOM RILEY PARK - Outdoor Tennis Court (  2)
5873,3637,837,Outdoor Tennis Court,None,Outdoor Tennis Court,None,TOM RILEY PARK - Outdoor Tennis Court (  1)
5874,3638,837,Outdoor Tennis Court,None,Outdoor Tennis Court,None,TOM RILEY PARK - Outdoor Tennis Court (  3)
5875,3639,837,Outdoor Tennis Court,None,Outdoor Tennis Court,None,TOM RILEY PARK - Outdoor Tennis Court (  2)
5876,17957,837,Ball Diamond,sport,Baseball Diamond Field - B,B,TOM RILEY PARK - Ball Diamond Field
5877,17958,837,Sport Field,sport,Soccer Field - C,C,TOM RILEY PARK - Soccer Field
5878,23549,837,Bike Trail,None,Bike Trail,None,MIMICO CREEK TRAIL ( 23)
5879,23550,837,Bike Trail,None,Bike Trail,None,MIMICO CREEK TRAIL ( 24)
5880,23551,837,Bike Trail,None,Bike Trail,None,MIMICO CREEK TRAIL ( 25)
5881,23552,837,Bike Trail,None,Bike Trail,None,MIMICO CREEK TRAIL ( 26)
5882,23553,837,Bike Trail,None,Bike Trail,None,MIMICO CREEK TRAIL ( 27)
5883,23555,837,Bike Trail,None,Bike Trail,None,MIMICO CREEK TRAIL ( 29)
5884,23557,837,Bike Trail,None,Bike Trail,None,MIMICO CREEK TRAIL ( 30)
5885,23558,837,Bike Trail,None,Bike Trail,None,MIMICO CREEK TRAIL ( 31)
5886,23560,837,Bike Trail,None,Bike Trail,None,MIMICO CREEK TRAIL ( 33)
5887,23561,837,Bike Trail,None,Bike Trail,None,MIMICO CREEK TRAIL ( 34)
5888,23572,837,Bike Trail,None,Bike Trail,None,MIMICO CREEK TRAIL ( 44)
5889,23573,837,Bike Trail,None,Bike Trail,None,MIMICO CREEK TRAIL ( 45)
5890,23575,837,Bike Trail,None,Bike Trail,None,MIMICO CREEK TRAIL ( 47)
5891,23576,837,Bike Trail,None,Bike Trail,None,MIMICO CREEK TRAIL ( 48)
5892,23577,837,Bike Trail,None,Bike Trail,None,MIMICO CREEK TRAIL ( 49)
5893,23579,837,Bike Trail,None,Bike Trail,None,MIMICO CREEK TRAIL ( 50)
5894,28046,837,Bowling Green,None,Bowling Green,None,TOM RILEY PARK - Bowling Green (  1)
5895,28047,837,Bowling Green,None,Bowling Green,None,TOM RILEY PARK - Bowling Green (  2)
5896,32487,837,Parking Lot,None,Outdoor Parking Lot,None,TOM RILEY PARK - Outdoor Parking Lot (  1)
5897,32488,837,Parking Lot,None,Outdoor Parking Lot,None,TOM RILEY PARK - Outdoor Parking Lot (  2)
5898,34287,837,Playground,None,Playground Site,None,TOM RILEY PARK - Playground
5899,849987,837,Parking Lot,None,Outdoor Parking Lot,None,TOM RILEY PARK - Outdoor Parking Lot (  3)
5900,17723,838,Ball Diamond,sport,Baseball Diamond Field - A,A,CONNORVALE PARK - Ball Diamond Field (  1)
5901,29343,838,Fieldhouse,None,Fieldhouse,None,"STEVE ""WHITEY"" BREITNER CLUBHOUSE"
5902,34427,838,Playground,None,Playground Site,None,CONNORVALE PARK - Playground
5903,77414,838,Ball Diamond,sport,Baseball Diamond Field,None,CONNORVALE PARK - Ball Diamond Field (  2)
5904,849944,838,Parking Lot,None,Outdoor Parking Lot,None,CONNORVALE PARK - Outdoor Parking Lot
5905,48073,839,Multipurpose Room,room,Room - C,C,VIEWMOUNT COMMUNITY CENTRE - Multipurpose Room
5906,48502,839,Preschool,room,Preschool - C,C,VIEWMOUNT COMMUNITY CENTRE - Preschool
5907,2330,840,Drinking Fountain,None,Drinking Fountain Count,None,ERINGATE PARK - Drinking Water Source
5908,4494,840,Outdoor Pool,pool,Outdoor Pool Tank,None,ERINGATE PARK - Outdoor Pool Tank
5909,5745,840,Washroom Facility,None,Washroom Building,None,ERINGATE PARK OUTDOOR POOL BUILDING
5910,18152,840,Ball Diamond,sport,Baseball Diamond Field - C,C,ERINGATE PARK - Ball Diamond Field (  1)
5911,18153,840,Ball Diamond,sport,Baseball Diamond Field - C,C,ERINGATE PARK - Ball Diamond Field (  3)
5912,18154,840,Ball Diamond,sport,Baseball Diamond Field - C,C,ERINGATE PARK - Ball Diamond Field (  2)
5913,29404,840,Washroom Facility,None,Washroom Building,None,ERINGATE PARK - Washroom Building
5914,34052,840,Playground,None,Playground Site,None,ERINGATE PARK - Playground
5915,2328,841,Drinking Fountain,None,Drinking Fountain Count,None,ESTHER LORRIE PARK - Drinking Water Source
5916,17755,841,Ball Diamond,sport,Baseball Diamond Field - C,C,ESTHER LORRIE PARK - Ball Diamond Field
5917,17756,841,Sport Field,sport,Soccer Field - C,C,ESTHER LORRIE PARK - Soccer Field
5918,24309,841,Bike Trail,None,Bike Trail,None,WEST HUMBER TRAIL (  1)
5919,29405,841,Washroom Facility,None,Washroom Building,None,ESTHER LORRIE FIELDHOUSE
5920,29405,841,Fieldhouse,None,Fieldhouse,None,ESTHER LORRIE FIELDHOUSE
5921,32297,841,Parking Lot,None,Outdoor Parking Lot,None,ESTHER LORRIE PARK - Outdoor Parking Lot
5922,2327,842,Drinking Fountain,None,Drinking Fountain Count,None,ETOBICOKE VALLEY PARK - Drinking Water Source
5923,2327,842,Bottle Filling Station,None,Water Bottle Filling Count,None,ETOBICOKE VALLEY PARK - Drinking Water Source
5924,18208,842,Ball Diamond,sport,Baseball Diamond Field - C,C,ETOBICOKE VALLEY PARK - Ball Diamond Field (  1)
5925,18209,842,Ball Diamond,sport,Baseball Diamond Field - C,C,ETOBICOKE VALLEY PARK - Ball Diamond Field (  2)
5926,18210,842,Ball Diamond,sport,Baseball Diamond Field - C,C,ETOBICOKE VALLEY PARK - Ball Diamond Field (  3)
5927,18211,842,Ball Diamond,sport,Baseball Diamond Field - C,C,ETOBICOKE VALLEY PARK - Ball Diamond Field (  4)
5928,22519,842,Bike Trail,None,Bike Trail,None,ETOBICOKE CREEK TRAIL (  3)
5929,22520,842,Bike Trail,None,Bike Trail,None,ETOBICOKE CREEK TRAIL (  4)
5930,22521,842,Bike Trail,None,Bike Trail,None,ETOBICOKE CREEK TRAIL (  5)
5931,22522,842,Bike Trail,None,Bike Trail,None,ETOBICOKE CREEK TRAIL (  6)
5932,22523,842,Bike Trail,None,Bike Trail,None,ETOBICOKE CREEK TRAIL (  7)
5933,22524,842,Bike Trail,None,Bike Trail,None,ETOBICOKE CREEK TRAIL (  8)
5934,22525,842,Bike Trail,None,Bike Trail,None,ETOBICOKE CREEK TRAIL (  9)
5935,29408,842,Fieldhouse,None,Fieldhouse,None,ETOBICOKE VALLEY PARK - Washroom Building
5936,32299,842,Parking Lot,None,Outdoor Parking Lot,None,ETOBICOKE VALLEY PARK - Outdoor Parking Lot
5937,34054,842,Playground,None,Playground Site,None,ETOBICOKE VALLEY PARK - Playground
5938,3228,843,Outdoor Basketball Court,None,Basketball Court,None,GIHON SPRING PARK - Basketball Court
5939,3229,843,Pickleball Court,None,None,None,GIHON SPRING PARK - Tennis Court Area
5940,3230,843,Outdoor Tennis Court,None,Outdoor Tennis Court,None,GIHON SPRING PARK - Outdoor Tennis Court (  1)
5941,3231,843,Outdoor Tennis Court,None,Outdoor Tennis Court,None,GIHON SPRING PARK - Outdoor Tennis Court (  2)
5942,4423,843,Outdoor Pool,pool,Outdoor Pool Tank,None,GIHON SPRING PARK - Outdoor Pool Tank
5943,5697,843,Washroom Facility,None,Washroom Building,None,GIHON SPRING PARK OUTDOOR POOL BUILDING
5944,17773,843,Ball Diamond,sport,Baseball Diamond Field - C,C,GIHON SPRING PARK - Ball Diamond Field
5945,32317,843,Parking Lot,None,Outdoor Parking Lot,None,GIHON SPRING PARK - Outdoor Parking Lot
5946,34435,843,Playground,None,Playground Site,None,GIHON SPRING PARK - Playground
5947,4303,844,Splash Pad,None,Splash/Spray Pad,None,HIGHFIELD PARK - Splash/Spray Pad
5948,34490,844,Playground,None,Playground Site,None,HIGHFIELD PARK - Playground N
5949,42674,844,Playground,None,Playground Site,None,HIGHFIELD PARK - Playground S
5950,17805,845,Multipurpose Field,None,Multipurpose Field - C,C,HUMBERTOWN PARK - Multipurpose Field
5951,34505,845,Playground,None,Playground Site,None,HUMBERTOWN PARK - Playground
5952,49521,845,Parking Lot,None,Outdoor Parking Lot,None,HUMBERTOWN PARK - Outdoor Parking Lot
5953,75293,845,Outdoor Table Tennis,None,Outdoor Table Tennis,None,HUMBERTOWN PARK - Outdoor Table Tennis
5954,75298,845,Outdoor Chess Table,None,Outdoor Chess Table,None,HUMBERTOWN PARK - Outdoor Chess Table
5955,102079,845,Bottle Filling Station,None,Water Bottle Filling Count,None,HUMBERTOWN PARK - Drinking Water Source
5956,2999,847,Pickleball Court,None,None,None,LAMBTON - KINGSWAY PARK - Tennis Court Area
5957,3000,847,Outdoor Tennis Court,None,Outdoor Tennis Court,None,LAMBTON - KINGSWAY PARK - Outdoor Tennis Court (  1)
5958,3001,847,Outdoor Tennis Court,None,Outdoor Tennis Court,None,LAMBTON - KINGSWAY PARK - Outdoor Tennis Court (  2)
5959,4179,847,Outdoor Pool,pool,Outdoor Pool Tank,None,LAMBTON - KINGSWAY PARK - Outdoor Pool Tank
5960,5491,847,Washroom Facility,None,Washroom Building,None,LAMBTON - KINGSWAY PARK OUTDOOR POOL BUILDING
5961,18056,847,Ball Diamond,sport,Baseball Diamond Field - C,C,LAMBTON - KINGSWAY PARK - Sports Field Area - Ball Diamond Field (  1)
5962,18057,847,Ball Diamond,sport,Baseball Diamond Field - C,C,LAMBTON - KINGSWAY PARK - Sports Field Area - Ball Diamond Field (  2)
5963,34108,847,Playground,None,Playground Site,None,LAMBTON - KINGSWAY PARK - Playground
5964,967726,847,Gazebo,None,Gazebo,None,LAMBTON - KINGSWAY PARK - Shade Structure
5965,17828,848,Multipurpose Field,None,Multipurpose Field - B,B,LA ROSE PARK - Multipurpose Field
5966,34104,848,Playground,None,Playground Site,None,LA ROSE PARK - Playground
5967,75243,848,Outdoor Chess Table,None,Outdoor Chess Table,None,LA ROSE PARK - Outdoor Chess Table (  1)
5968,75244,848,Outdoor Chess Table,None,Outdoor Chess Table,None,LA ROSE PARK - Outdoor Chess Table (  2)
5969,75245,848,Gazebo,None,Gazebo,None,LA ROSE PARK - Shade Structure
5970,102210,848,Drinking Fountain,None,Drinking Fountain Count,None,LA ROSE PARK - Drinking Water Source
5971,2912,849,Pickleball Court,None,None,None,MARTINGROVE GARDENS PARK - Outdoor Sports Pad
5972,2912,849,Pickleball Court,None,None,None,MARTINGROVE GARDENS PARK - Outdoor Sports Pad
5973,2913,849,Outdoor Tennis Court,None,Outdoor Tennis Court,None,MARTINGROVE GARDENS PARK - Outdoor Tennis Court (  1)
5974,2914,849,Outdoor Tennis Court,None,Outdoor Tennis Court,None,MARTINGROVE GARDENS PARK - Outdoor Tennis Court (  2)
5975,18062,849,Ball Diamond,sport,Baseball Diamond Field - C,C,MARTINGROVE GARDENS PARK - Ball Diamond Field (  1)
5976,18063,849,Ball Diamond,sport,Baseball Diamond Field - C,C,MARTINGROVE GARDENS PARK - Ball Diamond Field (  2)
5977,33809,849,Playground,None,Playground Site,None,MARTINGROVE GARDENS PARK - Playground
5978,66982,849,Splash Pad,None,Splash/Spray Pad,None,MARTINGROVE GARDENS PARK - Splash/Spray Pad
5979,75671,849,Gazebo,None,Gazebo,None,MARTINGROVE GARDENS PARK - Shade Structure (  2)
5980,102189,849,Drinking Fountain,None,Drinking Fountain Count,None,MARTINGROVE GARDENS PARK - Drinking Water Source
5981,967736,849,Gazebo,None,Gazebo,None,MARTINGROVE GARDENS PARK - Shade Structure (  3)
5982,967737,849,Gazebo,None,Gazebo,None,MARTINGROVE GARDENS PARK - Shade Structure (  4)
5983,2906,850,Outdoor Basketball Court,None,Basketball Court,None,MASSEYGROVE PARK - Basketball Court
5984,17853,850,Sport Field,sport,Soccer Field - A,A,MASEYGROVE PARK - Soccer Field
5985,28540,850,Community Garden,None,Community Garden,None,JAMESTOWN COMMUNITY GARDEN
5986,32394,850,Parking Lot,None,Outdoor Parking Lot,None,MASSEYGROVE PARK - Outdoor Parking Lot
5987,33812,850,Playground,None,Playground Site,None,MASSEYGROVE PARK - Playground E
5988,72295,850,Playground,None,Playground Site,None,MASSEYGROVE PARK - Playground W
5989,116982,850,Splash Pad,None,Splash/Spray Pad,None,MASSEYGROVE PARK - Splash/Spray Pad
5990,967861,850,Picnic Shelter,picnic,Shelter,None,MASSEYGROVE PARK - Shade Structure (  1)
5991,967862,850,Picnic Shelter,picnic,Shelter,None,MASSEYGROVE PARK - Shade Structure (  2)
5992,967863,850,Picnic Shelter,picnic,Shelter,None,MASSEYGROVE PARK - Shade Structure (  3)
5993,967864,850,Picnic Shelter,picnic,Shelter,None,MASSEYGROVE PARK - Shade Structure (  4)
5994,17857,851,Sport Field,sport,Soccer Field - C,C,LEN BRAITHWAITE PARK - Soccer Field
5995,33826,851,Playground,None,Playground Site,None,LEN BRAITHWAITE PARK - Playground
5996,2867,853,Pickleball Court,None,None,None,MILLWOOD PARK - Tennis Court Area
5997,2868,853,Outdoor Tennis Court,None,Outdoor Tennis Court,None,MILLWOOD PARK - Outdoor Tennis Court (  1)
5998,2869,853,Outdoor Tennis Court,None,Outdoor Tennis Court,None,MILLWOOD PARK - Outdoor Tennis Court (  2)
5999,2870,853,Outdoor Tennis Court,None,Outdoor Tennis Court,None,MILLWOOD PARK - Outdoor Tennis Court (  3)
6000,18072,853,Ball Diamond,sport,Baseball Diamond Field - A,A,MILLWOOD PARK - Ball Diamond Field (  1)
6001,18073,853,Ball Diamond,sport,Baseball Diamond Field - C,C,MILLWOOD PARK - Ball Diamond Field (  2)
6002,29572,853,Washroom Facility,None,Washroom Building,None,MILLWOOD PARK - Washroom Building
6003,34194,853,Playground,None,Playground Site,None,MILLWOOD PARK - Playground
6004,2864,854,Outdoor Tennis Court,None,Outdoor Tennis Court,None,MIMICO MEMORIAL PARK - Outdoor Tennis Court (  1)
6005,2865,854,Outdoor Tennis Court,None,Outdoor Tennis Court,None,MIMICO MEMORIAL PARK - Outdoor Tennis Court (  2)
6006,2866,854,Outdoor Tennis Court,None,Outdoor Tennis Court,None,MIMICO MEMORIAL PARK - Outdoor Tennis Court (  3)
6007,4022,854,Wading Pool,None,Wading Pool,None,MIMICO MEMORIAL PARK - Wading Pool
6008,17860,854,Ball Diamond,sport,Baseball Diamond Field - C,C,MIMICO MEMORIAL PARK - Ball Diamond Field
6009,34195,854,Playground,None,Playground Site,None,MIMICO MEMORIAL PARK - Playground
6010,17872,855,Ball Diamond,sport,Baseball Diamond Field - C,C,NEILSON PARK - ETOBICOKE - Ball Diamond Field
6011,22501,855,Bike Trail,None,Bike Trail,None,ELMCREST CREEK TRAIL ( 39)
6012,22503,855,Bike Trail,None,Bike Trail,None,ELMCREST CREEK TRAIL ( 40)
6013,22504,855,Bike Trail,None,Bike Trail,None,ELMCREST CREEK TRAIL ( 41)
6014,22505,855,Bike Trail,None,Bike Trail,None,ELMCREST CREEK TRAIL ( 42)
6015,34215,855,Playground,None,Playground Site,None,NEILSON PARK - ETOBICOKE - Playground
6016,40490,855,Bike Trail,None,Bike Trail,None,NEILSON PARK - ETOBICOKE TRAIL (  1)
6017,40491,855,Bike Trail,None,Bike Trail,None,NEILSON PARK - ETOBICOKE TRAIL (  2)
6018,40492,855,Bike Trail,None,Bike Trail,None,NEILSON PARK - ETOBICOKE TRAIL (  3)
6019,49527,855,Parking Lot,None,Outdoor Parking Lot,None,NEILSON PARK - ETOBICOKE - Outdoor Parking Lot
6020,18080,856,Ball Diamond,sport,Baseball Diamond Field - C,C,NORSEMAN HEIGHTS PARK - Ball Diamond Field (  1)
6021,18081,856,Ball Diamond,sport,Baseball Diamond Field - C,C,NORSEMAN HEIGHTS PARK - Ball Diamond Field (  2)
6022,34220,856,Playground,None,Playground Site,None,NORSEMAN HEIGHTS PARK - Playground
6023,102156,856,Bottle Filling Station,None,Water Bottle Filling Count,None,NORSEMAN HEIGHTS PARK - Drinking Water Source
6024,3937,857,Outdoor Basketball Court,None,Basketball Court,None,OURLAND PARK - Basketball Court
6025,3940,857,Outdoor Tennis Court,None,Outdoor Tennis Court,None,OURLAND PARK - Outdoor Tennis Court (  1)
6026,3941,857,Pickleball Court,None,None,None,OURLAND PARK - Tennis Court Area
6027,3942,857,Outdoor Tennis Court,None,Outdoor Tennis Court,None,OURLAND PARK - Outdoor Tennis Court (  2)
6028,5292,857,Outdoor Pool,pool,Outdoor Pool Tank,None,OURLAND PARK - Outdoor Pool Tank
6029,6206,857,Washroom Facility,None,Washroom Building,None,OURLAND PARK OUTDOOR POOL BUILDING
6030,17882,857,Ball Diamond,sport,Baseball Diamond Field - C,C,OURLAND PARK - Ball Diamond Field
6031,17883,857,Sport Field,sport,Soccer Field - B,B,OURLAND PARK - Soccer Field
6032,32418,857,Parking Lot,None,Outdoor Parking Lot,None,OURLAND PARK - Outdoor Parking Lot (  1)
6033,34239,857,Playground,None,Playground Site,None,OURLAND PARK - Playground
6034,80208,857,Bottle Filling Station,None,Water Bottle Filling Count,None,OURLAND PARK - Drinking Water Source
6035,849945,857,Parking Lot,None,Outdoor Parking Lot,None,OURLAND PARK - Outdoor Parking Lot (  2)
6036,3931,858,Pickleball Court,None,None,None,PARK LAWN PARK - Tennis Court Area
6037,3931,858,Pickleball Court,None,None,None,PARK LAWN PARK - Tennis Court Area
6038,3931,858,Pickleball Court,None,None,None,PARK LAWN PARK - Tennis Court Area
6039,3932,858,Outdoor Tennis Court,None,Outdoor Tennis Court,None,PARK LAWN PARK - Outdoor Tennis Court (  1)
6040,3933,858,Outdoor Tennis Court,None,Outdoor Tennis Court,None,PARK LAWN PARK - Outdoor Tennis Court (  2)
6041,3934,858,Outdoor Tennis Court,None,Outdoor Tennis Court,None,PARK LAWN PARK - Outdoor Tennis Court (  3)
6042,3935,858,Outdoor Tennis Court,None,Outdoor Tennis Court,None,PARK LAWN PARK - Outdoor Tennis Court (  4)
6043,5287,858,Outdoor Pool,pool,Outdoor Pool Tank,None,PARK LAWN PARK - Outdoor Pool Tank
6044,17886,858,Sport Field,sport,Soccer Field - C,C,PARK LAWN PARK - Soccer Field
6045,18083,858,Ball Diamond,sport,Baseball Diamond Field - C,C,PARK LAWN PARK - Ball Diamond Field
6046,32419,858,Parking Lot,None,Outdoor Parking Lot,None,PARK LAWN PARK - Outdoor Parking Lot
6047,34242,858,Playground,None,Playground Site,None,PARK LAWN PARK - Playground
6048,3905,859,Pickleball Court,None,None,None,PINE POINT PARK - Tennis Court Area (  1)
6049,3905,859,Pickleball Court,None,None,None,PINE POINT PARK - Tennis Court Area (  1)
6050,3907,859,Outdoor Tennis Court,None,Outdoor Tennis Court,None,PINE POINT PARK - Outdoor Tennis Court (  2)
6051,3908,859,Outdoor Tennis Court,None,Outdoor Tennis Court,None,PINE POINT PARK - Outdoor Tennis Court (  1)
6052,3909,859,Outdoor Tennis Court,None,Outdoor Tennis Court,None,PINE POINT PARK - Outdoor Tennis Court (  2)
6053,3910,859,Outdoor Tennis Court,None,Outdoor Tennis Court,None,PINE POINT PARK - Outdoor Tennis Court (  3)
6054,3911,859,Outdoor Tennis Court,None,Outdoor Tennis Court,None,PINE POINT PARK - Outdoor Tennis Court (  4)
6055,3912,859,Outdoor Tennis Court,None,Outdoor Tennis Court,None,PINE POINT PARK - Outdoor Tennis Court (  1)
6056,5262,859,Outdoor Pool,pool,Outdoor Pool Tank,None,PINE POINT PARK - Outdoor Pool Tank
6057,6191,859,Washroom Facility,None,Washroom Building,None,PINE POINT PARK OUTDOOR POOL BUILDING
6058,17895,859,Sport Field,sport,Soccer Field - C,C,PINE POINT PARK - Soccer Field
6059,23027,859,Bike Trail,None,Bike Trail,None,HUMBER RIVER RECREATIONAL TRAIL ( 48)
6060,23028,859,Bike Trail,None,Bike Trail,None,HUMBER RIVER RECREATIONAL TRAIL ( 49)
6061,23031,859,Bike Trail,None,Bike Trail,None,HUMBER RIVER RECREATIONAL TRAIL ( 51)
6062,23032,859,Bike Trail,None,Bike Trail,None,HUMBER RIVER RECREATIONAL TRAIL ( 52)
6063,23033,859,Bike Trail,None,Bike Trail,None,HUMBER RIVER RECREATIONAL TRAIL ( 53)
6064,23035,859,Bike Trail,None,Bike Trail,None,HUMBER RIVER RECREATIONAL TRAIL ( 55)
6065,23036,859,Bike Trail,None,Bike Trail,None,HUMBER RIVER RECREATIONAL TRAIL ( 56)
6066,23037,859,Bike Trail,None,Bike Trail,None,HUMBER RIVER RECREATIONAL TRAIL ( 57)
6067,23038,859,Bike Trail,None,Bike Trail,None,HUMBER RIVER RECREATIONAL TRAIL ( 58)
6068,32421,859,Parking Lot,None,Outdoor Parking Lot,None,PINE POINT PARK - Outdoor Parking Lot (  1)
6069,32422,859,Parking Lot,None,Outdoor Parking Lot,None,PINE POINT PARK - Outdoor Parking Lot (  2)
6070,32423,859,Parking Lot,None,Outdoor Parking Lot,None,PINE POINT PARK - Outdoor Parking Lot (  3)
6071,34254,859,Playground,None,Playground Site,None,PINE POINT PARK - Playground
6072,75163,859,Sports Pad Area,None,Sportspad Area,None,PINE POINT PARK - Sportspad Area
6073,967994,859,Picnic Shelter,picnic,Shelter,None,PINE POINT PARK - Shade Structure
6074,34272,860,Playground,None,Playground Site,None,PRINCESS MARGARET PARK - Playground
6075,3879,861,Outdoor Tennis Court,None,Outdoor Tennis Court,None,QUEENSWAY PARK - Outdoor Tennis Court (  1)
6076,18084,861,Ball Diamond,sport,Baseball Diamond Field - C,C,QUEENSWAY PARK - Ball Diamond Field (  1)
6077,18085,861,Ball Diamond,sport,Baseball Diamond Field - C,C,QUEENSWAY PARK - Ball Diamond Field (  2)
6078,32426,861,Parking Lot,None,Outdoor Parking Lot,None,QUEENSWAY PARK - Outdoor Parking Lot
6079,32862,861,Change Room Facility,None,Changeroom Building,None,QUEENSWAY PARK CLUBHOUSE AND GARAGE
6080,32862,861,Washroom Facility,None,Washroom Building,None,QUEENSWAY PARK CLUBHOUSE AND GARAGE
6081,34326,861,Playground,None,Playground Site,None,QUEENSWAY PARK - Playground
6082,72638,861,Pickleball Court,None,None,None,QUEENSWAY PARK OUTDOOR RINK
6083,72802,861,Outdoor Rink,ice,Outdoor Ice Pad,None,QUEENSWAY PARK - Outdoor Ice Pad
6084,72803,861,Skate Trail,None,Skate Trail,None,QUEENSWAY PARK SKATE TRAIL
6085,72805,861,Kitchen,room,Kitchen,None,QUEENSWAY PARK CLUBHOUSE - Kitchen
6086,72806,861,Multipurpose Room,room,Room,None,QUEENSWAY PARK CLUBHOUSE - Multipurpose Room
6087,72809,861,Outdoor Tennis Court,None,Outdoor Tennis Court,None,QUEENSWAY PARK - Outdoor Tennis Court (  2)
6088,132747,861,Outdoor Table Tennis,None,Outdoor Table Tennis,None,QUEENSWAY PARK - Outdoor Table Tennis
6089,967895,861,Gazebo,None,Gazebo,None,QUEENSWAY PARK - Shade Structure
6090,5197,862,Splash Pad,None,Splash/Spray Pad,None,REXDALE PARK - Splash/Spray Pad
6091,17904,862,Ball Diamond,sport,Baseball Diamond Field - C,C,REXDALE PARK - Ball Diamond Field
6092,34176,862,Playground,None,Playground Site,None,REXDALE PARK - Playground
6093,102192,862,Drinking Fountain,None,Drinking Fountain Count,None,REXDALE PARK - Drinking Water Source
6094,5194,863,Wading Pool,None,Wading Pool,None,REXLINGTON PARK - Wading Pool
6095,17905,863,Ball Diamond,sport,Baseball Diamond Field - C,C,REXLINGTON PARK - Ball Diamond Field
6096,34177,863,Playground,None,Playground Site,None,REXLINGTON PARK - Playground W
6097,42664,863,Playground,None,Playground Site,None,REXLINGTON PARK - Playground E
6098,75202,863,Splash Pad,None,Splash/Spray Pad,None,REXLINGTON PARK - Splash/Spray Pad
6099,75205,863,Picnic Shelter,picnic,Shelter,None,REXLINGTON PARK - Shade Structure (  1)
6100,75206,863,Picnic Shelter,picnic,Shelter,None,REXLINGTON PARK - Shade Structure (  2)
6101,17907,864,Ball Diamond,sport,Baseball Diamond Field - A,A,RICHVIEW PARK - Ball Diamond Field
6102,18170,864,Sport Field,sport,Soccer Field - C,C,RICHVIEW PARK - Soccer Field (  2)
6103,18171,864,Sport Field,sport,Soccer Field - C,C,RICHVIEW PARK - Soccer Field (  1)
6104,18172,864,Sport Field,sport,Soccer Field - C,C,RICHVIEW PARK - Soccer Field (  3)
6105,18262,864,Sport Field,sport,Soccer Field - C,C,RICHVIEW PARK - Soccer Field (  7)
6106,18263,864,Sport Field,sport,Soccer Field - C,C,RICHVIEW PARK - Soccer Field (  8)
6107,18264,864,Sport Field,sport,Soccer Field - C,C,RICHVIEW PARK - Soccer Field (  9)
6108,18265,864,Sport Field,sport,Soccer Field - C,C,RICHVIEW PARK - Soccer Field (  4)
6109,18266,864,Sport Field,sport,Soccer Field - C,C,RICHVIEW PARK - Soccer Field (  5)
6110,18267,864,Sport Field,sport,Soccer Field - C,C,RICHVIEW PARK - Soccer Field (  6)
6111,33836,864,Playground,None,Playground Site,None,RICHVIEW PARK - Playground
6112,49530,864,Parking Lot,None,Outdoor Parking Lot,None,RICHVIEW PARK - Outdoor Parking Lot
6113,78215,864,Practice Wicket,None,Practice Wicket,None,RICHVIEW PARK - Practice Wicket (  1)
6114,78216,864,Practice Wicket,None,Practice Wicket,None,RICHVIEW PARK - Practice Wicket (  2)
6115,3804,865,Outdoor Tennis Court,None,Outdoor Tennis Court,None,WILLOWDALE PARK - Outdoor Tennis Court (  1)
6116,3805,865,Outdoor Tennis Court,None,Outdoor Tennis Court,None,WILLOWDALE PARK - Outdoor Tennis Court (  2)
6117,3806,865,Outdoor Tennis Court,None,Outdoor Tennis Court,None,WILLOWDALE PARK - Outdoor Tennis Court (  3)
6118,3807,865,Outdoor Tennis Court,None,Outdoor Tennis Court,None,WILLOWDALE PARK - Outdoor Tennis Court (  4)
6119,5169,865,Splash Pad,None,Splash/Spray Pad,None,WILLOWDALE PARK - Splash/Spray Pad
6120,13305,865,Drinking Fountain,None,Drinking Fountain Count,None,WILLOWDALE PARK - Drinking Water Source (  1)
6121,13306,865,Drinking Fountain,None,Drinking Fountain Count,None,WILLOWDALE PARK - Drinking Water Source (  2)
6122,13307,865,Drinking Fountain,None,Drinking Fountain Count,None,WILLOWDALE PARK - Drinking Water Source (  3)
6123,29745,865,Washroom Facility,None,Washroom Building,None,NORTH YORK TENNIS CLUB
6124,32506,865,Parking Lot,None,Outdoor Parking Lot,None,WILLOWDALE PARK - Outdoor Parking Lot
6125,34146,865,Playground,None,Playground Site,None,WILLOWDALE PARK - Playground S
6126,42662,865,Playground,None,Playground Site,None,WILLOWDALE PARK - Playground N
6127,3796,867,Pickleball Court,None,None,None,ROTARY PEACE PARK - Tennis Court Area
6128,3797,867,Outdoor Tennis Court,None,Outdoor Tennis Court,None,ROTARY PEACE PARK - Outdoor Tennis Court (  1)
6129,3798,867,Outdoor Tennis Court,None,Outdoor Tennis Court,None,ROTARY PEACE PARK - Outdoor Tennis Court (  2)
6130,5162,867,Outdoor Pool,pool,Outdoor Pool Tank,None,ROTARY PEACE PARK - Outdoor Pool Tank
6131,5164,867,Splash Pad,None,Splash/Spray Pad,None,ROTARY PEACE PARK - Splash/Spray Pad
6132,6157,867,Washroom Facility,None,Washroom Building,None,ROTARY PEACE PARK OUTDOOR POOL BUILDING
6133,17915,867,Ball Diamond,sport,Baseball Diamond Field - C,C,ROTARY PEACE PARK - Ball Diamond Field
6134,28059,867,Bowling Green,None,Bowling Green,None,ROTARY PEACE PARK - Bowling Green
6135,29910,867,Kitchen,room,Kitchen,None,NEW TORONTO LAWN BOWLING CLUB - Kitchen
6136,32436,867,Parking Lot,None,Outdoor Parking Lot,None,ROTARY PEACE PARK - Outdoor Parking Lot (  1)
6137,33897,867,Playground,None,Playground Site,None,ROTARY PEACE PARK - Playground
6138,45162,867,Parking Lot,None,Outdoor Parking Lot,None,ROTARY PEACE PARK - Outdoor Parking Lot (  2)
6139,102281,867,Drinking Fountain,None,Drinking Fountain Count,None,ROTARY PEACE PARK - Drinking Water Source
6140,850065,867,Parking Lot,None,Outdoor Parking Lot,None,ROTARY PEACE PARK - Outdoor Parking Lot (  3)
6141,850093,867,Parking Lot,None,Outdoor Parking Lot,None,ROTARY PEACE PARK - Outdoor Parking Lot (  4)
6142,5091,869,Outdoor Pool,pool,Outdoor Pool Tank,None,SMITHFIELD PARK - Outdoor Pool Tank
6143,5093,869,Skateboard Area,None,Skateboard Area,None,SMITHFIELD PARK - Skateboard Area
6144,6107,869,Washroom Facility,None,Washroom Building,None,SMITHFIELD PARK OUTDOOR POOL BUILDING
6145,17932,869,Ball Diamond,sport,Baseball Diamond Field - C,C,SMITHFIELD PARK - Ball Diamond Field
6146,23908,869,Bike Trail,None,Bike Trail,None,SMITHFIELD PARK TRAIL (  1)
6147,32458,869,Parking Lot,None,Outdoor Parking Lot,None,SMITHFIELD PARK - Outdoor Parking Lot
6148,33844,869,Playground,None,Playground Site,None,SMITHFIELD PARK - Playground
6149,73826,869,Outdoor Basketball Court,None,Basketball Court,None,SMITHFIELD PARK - Basketball Court (  1)
6150,73827,869,Outdoor Basketball Court,None,Basketball Court,None,SMITHFIELD PARK - Basketball Court (  2)
6151,73828,869,Ball Hockey Pad,None,Ball Hockey Pad,None,SMITHFIELD PARK - Ball Hockey
6152,73830,869,Outdoor Fitness Equipment,None,Outdoor Fitness Equipment,None,SMITHFIELD PARK - Outdoor Fitness Equipment Area - Outdoor Fitness Equipment (  1)
6153,73831,869,Outdoor Fitness Equipment,None,Outdoor Fitness Equipment,None,SMITHFIELD PARK - Outdoor Fitness Equipment Area - Outdoor Fitness Equipment (  2)
6154,73832,869,Outdoor Fitness Equipment,None,Outdoor Fitness Equipment,None,SMITHFIELD PARK - Outdoor Fitness Equipment Area - Outdoor Fitness Equipment (  3)
6155,73833,869,Outdoor Fitness Equipment,None,Outdoor Fitness Equipment,None,SMITHFIELD PARK - Outdoor Fitness Equipment Area - Outdoor Fitness Equipment (  4)
6156,74962,869,Picnic Shelter,picnic,Shelter,None,SMITHFIELD PARK - Shade Structure (  1)
6157,74963,869,Picnic Shelter,picnic,Shelter,None,SMITHFIELD PARK - Shade Structure (  2)
6158,74965,869,Picnic Shelter,picnic,Shelter,None,SMITHFIELD PARK - Shade Structure (  4)
6159,3671,870,Outdoor Basketball Court,None,Basketball Court,None,SUMMERLEA PARK - Basketball Court (  2)
6160,3674,870,Outdoor Tennis Court,None,Outdoor Tennis Court,None,SUMMERLEA PARK - Outdoor Tennis Court (  1)
6161,3675,870,Outdoor Tennis Court,None,Outdoor Tennis Court,None,SUMMERLEA PARK - Outdoor Tennis Court (  2)
6162,5043,870,Wading Pool,None,Wading Pool,None,SUMMERLEA PARK - Wading Pool
6163,17945,870,Ball Diamond,sport,Baseball Diamond Field - C,C,SUMMERLEA PARK - Ball Diamond Field
6164,17946,870,Cricket Pitch Field,sport,Cricket Pitch Field - C,C,SUMMERLEA PARK - Cricket Pitch Field
6165,18185,870,Sport Field,sport,Soccer Field - C,C,SUMMERLEA PARK - Soccer Field (  2)
6166,18186,870,Sport Field,sport,Soccer Field - C,C,SUMMERLEA PARK - Soccer Field (  1)
6167,18187,870,Sport Field,sport,Soccer Field - C,C,SUMMERLEA PARK - Soccer Field (  3)
6168,22890,870,Bike Trail,None,Bike Trail,None,HUMBER RIVER RECREATIONAL TRAIL (117)
6169,28364,870,Outdoor Basketball Court,None,Basketball Court,None,SUMMERLEA PARK - Basketball Court (  1)
6170,28875,870,Sport Field,sport,Football Field - C,C,JACK LEITCH FOOTBALL FIELD
6171,32465,870,Parking Lot,None,Outdoor Parking Lot,None,SUMMERLEA PARK - Outdoor Parking Lot (  1)
6172,32466,870,Parking Lot,None,Outdoor Parking Lot,None,SUMMERLEA PARK - Outdoor Parking Lot (  2)
6173,42702,870,Playground,None,Playground Site,None,SUMMERLEA PARK - Playground N
6174,42703,870,Playground,None,Playground Site,None,SUMMERLEA PARK - Playground E
6175,75662,870,Washroom Facility,None,Washroom Building,None,SUMMERLEA PARK - Washroom Building
6176,102235,870,Drinking Fountain,None,Drinking Fountain Count,None,SUMMERLEA PARK - Drinking Water Source
6177,3667,871,Outdoor Tennis Court,None,Outdoor Tennis Court,None,SUNNYDALE ACRES PARK - Outdoor Tennis Court (  1)
6178,3668,871,Outdoor Tennis Court,None,Outdoor Tennis Court,None,SUNNYDALE ACRES PARK - Outdoor Tennis Court (  2)
6179,3669,871,Outdoor Tennis Court,None,Outdoor Tennis Court,None,SUNNYDALE ACRES PARK - Outdoor Tennis Court (  3)
6180,3670,871,Outdoor Tennis Court,None,Outdoor Tennis Court,None,SUNNYDALE ACRES PARK - Outdoor Tennis Court (  4)
6181,5031,871,Wading Pool,None,Wading Pool,None,SUNNYDALE ACRES PARK - Wading Pool
6182,17947,871,Ball Diamond,sport,Baseball Diamond Field - A,A,SUNNYDALE ACRES PARK - Ball Diamond Field
6183,28904,871,Washroom Facility,None,Washroom Building,None,SUNNYDALE ACRES PARK A.I.R. BUILDING
6184,32476,871,Parking Lot,None,Outdoor Parking Lot,None,SUNNYDALE ACRES PARK - Outdoor Parking Lot
6185,33869,871,Playground,None,Playground Site,None,SUNNYDALE ACRES PARK - Playground
6186,48479,871,Multipurpose Room,room,Room - C,C,SUNNYDALE ACRES PARK A.I.R. BUILDING - Multipurpose Room
6187,17974,872,Sport Field,sport,Soccer Field - C,C,WELLESWORTH PARK - Soccer Field
6188,18106,872,Ball Diamond,sport,Baseball Diamond Field - C,C,WELLESWORTH PARK - Ball Diamond Field (  1)
6189,18107,872,Ball Diamond,sport,Baseball Diamond Field - C,C,WELLESWORTH PARK - Ball Diamond Field (  2)
6190,29728,872,Washroom Facility,None,Washroom Building,None,WELLESWORTH PARK - Washroom Building
6191,34322,872,Playground,None,Playground Site,None,WELLESWORTH PARK - Playground
6192,2227,873,Drinking Fountain,None,Drinking Fountain Count,None,WEST DEANE PARK - Drinking Water Source
6193,3100,873,Outdoor Tennis Court,None,Outdoor Tennis Court,None,WEST DEANE PARK - Outdoor Tennis Court (  1)
6194,3101,873,Outdoor Tennis Court,None,Outdoor Tennis Court,None,WEST DEANE PARK - Outdoor Tennis Court (  2)
6195,3102,873,Outdoor Tennis Court,None,Outdoor Tennis Court,None,WEST DEANE PARK - Outdoor Tennis Court (  3)
6196,3103,873,Outdoor Tennis Court,None,Outdoor Tennis Court,None,WEST DEANE PARK - Outdoor Tennis Court (  4)
6197,4257,873,Outdoor Pool,pool,Outdoor Pool Tank,None,WEST DEANE PARK - Outdoor Pool Tank
6198,4258,873,Picnic Site,picnic,Picnic Site,None,WEST DEANE PARK - Picnic Site
6199,5555,873,Washroom Facility,None,Washroom Building,None,WEST DEANE PARK OUTDOOR POOL BUILDING
6200,18108,873,Ball Diamond,sport,Baseball Diamond Field - C,C,WEST DEANE PARK - Ball Diamond Field (  2)
6201,18109,873,Ball Diamond,sport,Baseball Diamond Field - C,C,WEST DEANE PARK - Ball Diamond Field (  1)
6202,23581,873,Bike Trail,None,Bike Trail,None,MIMICO CREEK TRAIL ( 52)
6203,23582,873,Bike Trail,None,Bike Trail,None,MIMICO CREEK TRAIL ( 53)
6204,23583,873,Bike Trail,None,Bike Trail,None,MIMICO CREEK TRAIL ( 54)
6205,23584,873,Bike Trail,None,Bike Trail,None,MIMICO CREEK TRAIL ( 55)
6206,23585,873,Bike Trail,None,Bike Trail,None,MIMICO CREEK TRAIL ( 56)
6207,23586,873,Bike Trail,None,Bike Trail,None,MIMICO CREEK TRAIL ( 57)
6208,23587,873,Bike Trail,None,Bike Trail,None,MIMICO CREEK TRAIL ( 58)
6209,23588,873,Bike Trail,None,Bike Trail,None,MIMICO CREEK TRAIL ( 59)
6210,23590,873,Bike Trail,None,Bike Trail,None,MIMICO CREEK TRAIL ( 60)
6211,23592,873,Bike Trail,None,Bike Trail,None,MIMICO CREEK TRAIL ( 62)
6212,23594,873,Bike Trail,None,Bike Trail,None,MIMICO CREEK TRAIL ( 64)
6213,23595,873,Bike Trail,None,Bike Trail,None,MIMICO CREEK TRAIL ( 65)
6214,23596,873,Bike Trail,None,Bike Trail,None,MIMICO CREEK TRAIL ( 66)
6215,23598,873,Bike Trail,None,Bike Trail,None,MIMICO CREEK TRAIL ( 68)
6216,23601,873,Bike Trail,None,Bike Trail,None,MIMICO CREEK TRAIL ( 70)
6217,23602,873,Bike Trail,None,Bike Trail,None,MIMICO CREEK TRAIL ( 71)
6218,23603,873,Bike Trail,None,Bike Trail,None,MIMICO CREEK TRAIL ( 72)
6219,23604,873,Bike Trail,None,Bike Trail,None,MIMICO CREEK TRAIL ( 73)
6220,23607,873,Bike Trail,None,Bike Trail,None,MIMICO CREEK TRAIL ( 76)
6221,23608,873,Bike Trail,None,Bike Trail,None,MIMICO CREEK TRAIL ( 77)
6222,23609,873,Bike Trail,None,Bike Trail,None,MIMICO CREEK TRAIL ( 78)
6223,23610,873,Bike Trail,None,Bike Trail,None,MIMICO CREEK TRAIL ( 79)
6224,23612,873,Bike Trail,None,Bike Trail,None,MIMICO CREEK TRAIL ( 80)
6225,28893,873,Washroom Facility,None,Washroom Building,None,MARTINGROVE A.I.R. BUILDING
6226,29732,873,Washroom Facility,None,Washroom Building,None,WEST DEANE PARK - Washroom Building
6227,32497,873,Parking Lot,None,Outdoor Parking Lot,None,WEST DEANE PARK - Outdoor Parking Lot (  1)
6228,32498,873,Parking Lot,None,Outdoor Parking Lot,None,WEST DEANE PARK - Outdoor Parking Lot (  2)
6229,34188,873,Playground,None,Playground Site,None,WEST DEANE PARK - Playground W
6230,34634,873,Allotment Garden,None,Allotment Garden,None,WEST DEANE ALLOTMENTS
6231,42709,873,Playground,None,Playground Site,None,WEST DEANE PARK - Playground E
6232,42710,873,Playground,None,Playground Site,None,WEST DEANE PARK - Playground N
6233,43571,873,Outdoor Rink,ice,Outdoor Ice Pad,None,WEST DEANE PARK - Outdoor Ice Pad
6234,48360,873,Multipurpose Room,room,Room - C,C,MARTINGROVE A.I.R. BUILDING - Multipurpose Room
6235,49524,873,Parking Lot,None,Outdoor Parking Lot,None,WEST DEANE PARK - Outdoor Parking Lot (  3)
6236,49867,873,Picnic Shelter,picnic,Shelter,None,WEST DEANE PARK - Shade Structure
6237,58223,873,Outdoor Table Tennis,None,Outdoor Table Tennis,None,WEST DEANE PARK - Outdoor Table Tennis
6238,2740,874,Drinking Fountain,None,Drinking Fountain Count,None,WESTWAY PARK - Drinking Water Source
6239,3989,874,Outdoor Tennis Court,None,Outdoor Tennis Court,None,WESTWAY PARK - Outdoor Tennis Court (  1)
6240,3990,874,Outdoor Tennis Court,None,Outdoor Tennis Court,None,WESTWAY PARK - Outdoor Tennis Court (  2)
6241,3991,874,Outdoor Tennis Court,None,Outdoor Tennis Court,None,WESTWAY PARK - Outdoor Tennis Court (  3)
6242,3992,874,Outdoor Tennis Court,None,Outdoor Tennis Court,None,WESTWAY PARK - Outdoor Tennis Court (  4)
6243,17982,874,Ball Diamond,sport,Baseball Diamond Field - C,C,WESTWAY PARK - Ball Diamond Field
6244,28910,874,Washroom Facility,None,Washroom Building,None,WESTWAY PARK A.I.R. BUILDING
6245,32504,874,Parking Lot,None,Outdoor Parking Lot,None,WESTWAY PARK - Outdoor Parking Lot
6246,34135,874,Playground,None,Playground Site,None,WESTWAY PARK - Playground
6247,3579,875,Pickleball Court,None,None,None,JEFF HEALEY PARK - Tennis Court Area
6248,3580,875,Outdoor Tennis Court,None,Outdoor Tennis Court,None,JEFF HEALEY PARK - Outdoor Tennis Court (  1)
6249,3581,875,Outdoor Tennis Court,None,Outdoor Tennis Court,None,JEFF HEALEY PARK - Outdoor Tennis Court (  2)
6250,17813,875,Ball Diamond,sport,Baseball Diamond Field - C,C,JEFF HEALEY PARK - Ball Diamond Field
6251,23538,875,Bike Trail,None,Bike Trail,None,MIMICO CREEK TRAIL ( 13)
6252,23539,875,Bike Trail,None,Bike Trail,None,MIMICO CREEK TRAIL ( 14)
6253,23540,875,Bike Trail,None,Bike Trail,None,MIMICO CREEK TRAIL ( 15)
6254,23541,875,Bike Trail,None,Bike Trail,None,MIMICO CREEK TRAIL ( 16)
6255,34528,875,Playground,None,Playground Site,None,JEFF HEALEY PARK - Playground
6256,45142,875,Parking Lot,None,Outdoor Parking Lot,None,JEFF HEALEY PARK - Outdoor Parking Lot
6257,2961,876,Pickleball Court,None,None,None,WESTGROVE PARK - Tennis Court Area
6258,2962,876,Outdoor Tennis Court,None,Outdoor Tennis Court,None,WESTGROVE PARK - Outdoor Tennis Court (  1)
6259,2963,876,Outdoor Tennis Court,None,Outdoor Tennis Court,None,WESTGROVE PARK - Outdoor Tennis Court (  2)
6260,4143,876,Outdoor Pool,pool,Outdoor Pool Tank,None,WESTGROVE PARK - Outdoor Pool Tank
6261,5472,876,Washroom Facility,None,Washroom Building,None,WESTGROVE PARK OUTDOOR POOL BUILDING
6262,17979,876,Sport Field,sport,Soccer Field - C,C,WESTGROVE PARK - Soccer Field
6263,34129,876,Playground,None,Playground Site,None,WESTGROVE PARK - Playground
6264,43611,876,Outdoor Rink,ice,Outdoor Ice Pad,None,WESTGROVE RINK - Outdoor Ice Pad
6265,77534,876,Outdoor Basketball Court,None,Basketball Court,None,WESTGROVE PARK - Basketball Court
6266,2626,877,Drinking Fountain,None,Drinking Fountain Count,None,SILVER CREEK PARK - Drinking Water Source
6267,3733,877,Outdoor Tennis Court,None,Outdoor Tennis Court,None,SILVER CREEK PARK - Outdoor Tennis Court (  1)
6268,3734,877,Outdoor Tennis Court,None,Outdoor Tennis Court,None,SILVER CREEK PARK - Outdoor Tennis Court (  2)
6269,3735,877,Outdoor Tennis Court,None,Outdoor Tennis Court,None,SILVER CREEK PARK - Outdoor Tennis Court (  3)
6270,5108,877,Outdoor Pool,pool,Outdoor Pool Tank,None,RICHMOND GARDENS POOL - Outdoor Pool Tank
6271,6126,877,Washroom Facility,None,Washroom Building,None,RICHMOND GARDENS POOL
6272,17927,877,Ball Diamond,sport,Baseball Diamond Field - C,C,SILVER CREEK PARK - Ball Diamond Field
6273,32453,877,Parking Lot,None,Outdoor Parking Lot,None,SILVER CREEK PARK - Outdoor Parking Lot
6274,33827,877,Playground,None,Playground Site,None,SILVER CREEK PARK - Playground
6275,134892,877,Outdoor Fitness Equipment,None,Outdoor Fitness Equipment,None,SILVER CREEK PARK - Outdoor Fitness Equipment Area - Outdoor Fitness Equipment (  1)
6276,134893,877,Outdoor Fitness Equipment,None,Outdoor Fitness Equipment,None,SILVER CREEK PARK - Outdoor Fitness Equipment Area - Outdoor Fitness Equipment (  2)
6277,134894,877,Outdoor Fitness Equipment,None,Outdoor Fitness Equipment,None,SILVER CREEK PARK - Outdoor Fitness Equipment Area - Outdoor Fitness Equipment (  3)
6278,134895,877,Outdoor Fitness Equipment,None,Outdoor Fitness Equipment,None,SILVER CREEK PARK - Outdoor Fitness Equipment Area - Outdoor Fitness Equipment (  4)
6279,134896,877,Outdoor Fitness Equipment,None,Outdoor Fitness Equipment,None,SILVER CREEK PARK - Outdoor Fitness Equipment Area - Outdoor Fitness Equipment (  5)
6280,134897,877,Outdoor Fitness Equipment,None,Outdoor Fitness Equipment,None,SILVER CREEK PARK - Outdoor Fitness Equipment Area - Outdoor Fitness Equipment (  6)
6281,3791,878,Outdoor Tennis Court,None,Outdoor Tennis Court,None,ROYAL CREST PARK - Outdoor Tennis Court (  1)
6282,3792,878,Outdoor Tennis Court,None,Outdoor Tennis Court,None,ROYAL CREST PARK - Outdoor Tennis Court (  2)
6283,3793,878,Outdoor Tennis Court,None,Outdoor Tennis Court,None,ROYAL CREST PARK - Outdoor Tennis Court (  3)
6284,17916,878,Sport Field,sport,Soccer Field - C,C,ROYAL CREST PARK - Soccer Field
6285,28900,878,Washroom Facility,None,Washroom Building,None,ROYAL CREST PARK A.I.R. BUILDING
6286,28900,878,Change Room Facility,None,Changeroom Building,None,ROYAL CREST PARK A.I.R. BUILDING
6287,32440,878,Parking Lot,None,Outdoor Parking Lot,None,ROYAL CREST PARK - Outdoor Parking Lot
6288,33901,878,Playground,None,Playground Site,None,ROYAL CREST PARK - Playground
6289,48451,878,Multipurpose Room,room,Room - C,C,ROYAL CREST PARK A.I.R. BUILDING - Multipurpose Room
6290,17693,879,Ball Diamond,sport,Baseball Diamond Field - C,C,BROADACRES PARK - Ball Diamond Field
6291,34364,879,Playground,None,Playground Site,None,BROADACRES PARK - Playground
6292,849952,879,Parking Lot,None,Outdoor Parking Lot,None,BROADACRES PARK - Outdoor Parking Lot
6293,34048,880,Playground,None,Playground Site,None,ELM PARK - YORK - Playground
6294,102188,880,Drinking Fountain,None,Drinking Fountain Count,None,ELM PARK - YORK - Drinking Water Source
6295,29938,881,Kitchen,room,Kitchen,None,WEST SCARBOROUGH NEIGHBOURHOOD CENTRE - Kitchen
6296,41537,881,Gymnasium,gym,Gymnasium,None,WEST SCARBOROUGH NEIGHBOURHOOD CENTRE - Gymnasium
6297,48519,881,Multipurpose Room,room,Room - C,C,WEST SCARBOROUGH NEIGHBOURHOOD CENTRE - Multipurpose Room (  1)
6298,60444,881,Lounge,room,Room,None,WEST SCARBOROUGH NEIGHBOURHOOD CENTRE - Lounge
6299,60602,881,Multipurpose Room,room,Room - C,C,WEST SCARBOROUGH NEIGHBOURHOOD CENTRE - Multipurpose Room (  2)
6300,60603,881,Computer/Training Room,room,Room-Computer/Training,None,WEST SCARBOROUGH NEIGHBOURHOOD CENTRE - Computer/Training Room
6301,60642,881,Outdoor Bocce Court,None,Outdoor Bocce Court,None,WEST SCARBOROUGH NEIGHBOURHOOD CENTRE - Outdoor Bocce Court (  1)
6302,60643,881,Outdoor Bocce Court,None,Outdoor Bocce Court,None,WEST SCARBOROUGH NEIGHBOURHOOD CENTRE - Outdoor Bocce Court (  2)
6303,2695,883,Drinking Fountain,None,Drinking Fountain Count,None,PORT UNION COMMUNITY RECREATION CENTRE PARK - Drinking Water Source
6304,3901,883,Outdoor Basketball Court,None,Basketball Court,None,PORT UNION COMMUNITY RECREATION CENTRE PARK - Basketball Court
6305,5249,883,Skateboard Area,None,Skateboard Area,None,PORT UNION COMMUNITY RECREATION CENTRE PARK - Skateboard Area
6306,29903,883,Kitchen,room,Kitchen - B,B,PORT UNION COMMUNITY RECREATION CENTRE PARK - Kitchen
6307,32540,883,Parking Lot,None,Outdoor Parking Lot,None,PORT UNION COMMUNITY RECREATION CENTRE PARK - Outdoor Parking Lot (  1)
6308,40866,883,Weight/Cardio Room,None,Room-Fitness/Weight,None,PORT UNION COMMUNITY RECREATION CENTRE PARK - Fitness Centre
6309,41461,883,Gymnasium,gym,Gymnasium - B,B,PORT UNION COMMUNITY RECREATION CENTRE PARK - Gymnasium
6310,43672,883,Sports Pad Area,None,Sportspad Area,None,PORT UNION COMMUNITY RECREATION CENTRE PARK - Sportspad Area
6311,48050,883,Lounge,room,Room - C,C,PORT UNION COMMUNITY RECREATION CENTRE PARK - Lounge
6312,48051,883,Multipurpose Room,room,Room - C,C,PORT UNION COMMUNITY RECREATION CENTRE PARK - Multipurpose Room (  1)
6313,48052,883,Multipurpose Room,room,Room - C,C,PORT UNION COMMUNITY RECREATION CENTRE PARK - Multipurpose Room (  2)
6314,48426,883,Gallery,room,Gallery/Hall  - C,C,PORT UNION COMMUNITY RECREATION CENTRE PARK - Gallery/Hall
6315,850003,883,Parking Lot,None,Outdoor Parking Lot,None,PORT UNION COMMUNITY RECREATION CENTRE PARK - Outdoor Parking Lot (  2)
6316,994037,883,Sauna,None,Sauna,None,PORT UNION COMMUNITY RECREATION CENTRE - Sauna
6317,2208,884,Dog Fountain,None,Dog Fountain Count,None,KAY GARDNER BELTLINE PARK - Drinking Water Source (  1)
6318,2208,884,Drinking Fountain,None,Drinking Fountain Count,None,KAY GARDNER BELTLINE PARK - Drinking Water Source (  1)
6319,21838,884,Bike Trail,None,Bike Trail,None,BELTLINE TRAIL ( 32)
6320,21839,884,Bike Trail,None,Bike Trail,None,BELTLINE TRAIL ( 33)
6321,21840,884,Bike Trail,None,Bike Trail,None,BELTLINE TRAIL ( 34)
6322,21841,884,Bike Trail,None,Bike Trail,None,BELTLINE TRAIL ( 35)
6323,21842,884,Bike Trail,None,Bike Trail,None,BELTLINE TRAIL ( 36)
6324,21844,884,Bike Trail,None,Bike Trail,None,BELTLINE TRAIL ( 38)
6325,21845,884,Bike Trail,None,Bike Trail,None,BELTLINE TRAIL ( 39)
6326,21847,884,Bike Trail,None,Bike Trail,None,BELTLINE TRAIL ( 40)
6327,21848,884,Bike Trail,None,Bike Trail,None,BELTLINE TRAIL ( 41)
6328,21849,884,Bike Trail,None,Bike Trail,None,BELTLINE TRAIL ( 42)
6329,21850,884,Bike Trail,None,Bike Trail,None,BELTLINE TRAIL ( 43)
6330,21851,884,Bike Trail,None,Bike Trail,None,BELTLINE TRAIL ( 44)
6331,21852,884,Bike Trail,None,Bike Trail,None,BELTLINE TRAIL ( 45)
6332,21853,884,Bike Trail,None,Bike Trail,None,BELTLINE TRAIL ( 46)
6333,21856,884,Bike Trail,None,Bike Trail,None,BELTLINE TRAIL ( 49)
6334,21859,884,Bike Trail,None,Bike Trail,None,BELTLINE TRAIL ( 51)
6335,21860,884,Bike Trail,None,Bike Trail,None,BELTLINE TRAIL ( 52)
6336,21862,884,Bike Trail,None,Bike Trail,None,BELTLINE TRAIL ( 54)
6337,21863,884,Bike Trail,None,Bike Trail,None,BELTLINE TRAIL ( 55)
6338,21864,884,Bike Trail,None,Bike Trail,None,BELTLINE TRAIL ( 56)
6339,21866,884,Bike Trail,None,Bike Trail,None,BELTLINE TRAIL ( 58)
6340,21867,884,Bike Trail,None,Bike Trail,None,BELTLINE TRAIL ( 59)
6341,21870,884,Bike Trail,None,Bike Trail,None,BELTLINE TRAIL ( 61)
6342,21871,884,Bike Trail,None,Bike Trail,None,BELTLINE TRAIL ( 62)
6343,21872,884,Bike Trail,None,Bike Trail,None,BELTLINE TRAIL ( 63)
6344,21875,884,Bike Trail,None,Bike Trail,None,BELTLINE TRAIL ( 66)
6345,21876,884,Bike Trail,None,Bike Trail,None,BELTLINE TRAIL ( 67)
6346,21877,884,Bike Trail,None,Bike Trail,None,BELTLINE TRAIL ( 68)
6347,40468,884,Bike Trail,None,Bike Trail,None,KAY GARDNER BELTLINE PARK TRAIL (  1)
6348,40469,884,Bike Trail,None,Bike Trail,None,KAY GARDNER BELTLINE PARK TRAIL (  2)
6349,40471,884,Bike Trail,None,Bike Trail,None,KAY GARDNER BELTLINE PARK TRAIL (  4)
6350,40472,884,Bike Trail,None,Bike Trail,None,KAY GARDNER BELTLINE PARK TRAIL (  5)
6351,102199,884,Dog Fountain,None,Dog Fountain Count,None,KAY GARDNER BELTLINE PARK - Drinking Water Source (  2)
6352,102199,884,Drinking Fountain,None,Drinking Fountain Count,None,KAY GARDNER BELTLINE PARK - Drinking Water Source (  2)
6353,967816,884,Gazebo,None,Gazebo,None,KAY GARDNER BELTLINE PARK - Shade Structure (  1)
6354,967818,884,Gazebo,None,Gazebo,None,KAY GARDNER BELTLINE PARK - Shade Structure (  2)
6355,967823,884,Gazebo,None,Gazebo,None,KAY GARDNER BELTLINE PARK - Shade Structure (  3)
6356,967824,884,Gazebo,None,Gazebo,None,KAY GARDNER BELTLINE PARK - Shade Structure (  4)
6357,967825,884,Gazebo,None,Gazebo,None,KAY GARDNER BELTLINE PARK - Shade Structure (  5)
6358,967827,884,Gazebo,None,Gazebo,None,KAY GARDNER BELTLINE PARK - Shade Structure (  6)
6359,967828,884,Gazebo,None,Gazebo,None,KAY GARDNER BELTLINE PARK - Shade Structure (  7)
6360,10496,891,Indoor Pool,pool,Indoor Pool Tank - A,A,MEMORIAL POOL AND HEALTH CLUB - Indoor Pool Tank
6361,40860,891,Weight/Cardio Room,None,Room-Fitness/Weight,None,MEMORIAL POOL AND HEALTH CLUB - Weight/Cardio Room
6362,994029,891,Sauna,None,Sauna,None,MEMORIAL POOL AND HEALTH CLUB - Sauna
6363,1002151,891,Fitness/Dance Studio,None,Room - B,B,MEMORIAL POOL AND HEALTH CLUB - Fitness/Dance Studio
6364,1002154,891,Multipurpose Room,room,Room - B,B,MEMORIAL POOL AND HEALTH CLUB - Multipurpose Room
6365,10476,892,Indoor Pool,pool,Indoor Pool Tank - Premier,P,ETOBICOKE OLYMPIUM - Indoor Pool Tank (  1)
6366,29822,892,Kitchen,room,Kitchen - A,A,ETOBICOKE OLYMPIUM - Kitchen (  1)
6367,29823,892,Kitchen,room,Kitchen - A,A,ETOBICOKE OLYMPIUM - Kitchen (  2)
6368,29824,892,Kitchen,room,Kitchen - Premier,P,ETOBICOKE OLYMPIUM - Kitchen (  3)
6369,40840,892,Weight/Cardio Room,None,Room-Fitness/Weight - A,A,ETOBICOKE OLYMPIUM - Fitness Centre
6370,41319,892,Gymnasium,gym,Gymnasium - A,A,ETOBICOKE OLYMPIUM - Gymnasium (  1)
6371,47979,892,Meeting Room,None,None,None,ETOBICOKE OLYMPIUM - Meeting Room
6372,47980,892,Multipurpose Room,room,Room - C,C,ETOBICOKE OLYMPIUM - Multipurpose Room (  1)
6373,48240,892,Lounge,room,Room - A,A,ETOBICOKE OLYMPIUM - Lounge
6374,48241,892,Multipurpose Room,room,Room - C,C,ETOBICOKE OLYMPIUM - Multipurpose Room (  10)
6375,48242,892,Multipurpose Room,room,Room - C,C,ETOBICOKE OLYMPIUM - Multipurpose Room (  11)
6376,48243,892,Multipurpose Room,room,Room - C,C,ETOBICOKE OLYMPIUM - Multipurpose Room (  2)
6377,48244,892,Multipurpose Room,room,Room - C,C,ETOBICOKE OLYMPIUM - Multipurpose Room (  3)
6378,48245,892,Multipurpose Room,room,Room - C,C,ETOBICOKE OLYMPIUM - Multipurpose Room (  4)
6379,48246,892,Multipurpose Room,room,Room - C,C,ETOBICOKE OLYMPIUM - Multipurpose Room (  5)
6380,48247,892,Multipurpose Room,room,Room - C,C,ETOBICOKE OLYMPIUM - Multipurpose Room (  6)
6381,48248,892,Multipurpose Room,room,Room - C,C,ETOBICOKE OLYMPIUM - Multipurpose Room (  7)
6382,48249,892,Multipurpose Room,room,Room - C,C,ETOBICOKE OLYMPIUM - Multipurpose Room (  8)
6383,48250,892,Multipurpose Room,room,Room - C,C,ETOBICOKE OLYMPIUM - Multipurpose Room (  9)
6384,49083,892,Indoor Pool,pool,Indoor Pool Tank - B,B,ETOBICOKE OLYMPIUM - Indoor Pool Tank (  2)
6385,49084,892,Gymnasium,gym,Gymnasium - C,C,ETOBICOKE OLYMPIUM - Gymnasium (  2)
6386,78858,892,Indoor Track,None,Indoor Track,None,ETOBICOKE OLYMPIUM - Indoor Track
6387,994027,892,Sauna,None,Sauna,None,ETOBICOKE OLYMPIUM - Sauna
6388,10449,893,Indoor Pool,pool,Indoor Pool Tank - A,A,ALBION POOL AND HEALTH CLUB - Indoor Pool Tank
6389,40822,893,Weight/Cardio Room,None,Room-Fitness/Weight,None,ALBION POOL AND HEALTH CLUB - Fitness Centre
6390,48093,893,Meeting Room,None,None,None,ALBION POOL AND HEALTH CLUB - Meeting Room
6391,994026,893,Sauna,None,Sauna,None,ALBION POOL AND HEALTH CLUB - Sauna
6392,10482,896,Indoor Pool,pool,Indoor Pool Tank - A,A,GUS RYDER POOL AND HEALTH CLUB - Indoor Pool Tank
6393,40844,896,Fitness/Dance Studio,None,Room,None,GUS RYDER POOL AND HEALTH CLUB - Fitness Centre
6394,48280,896,Multipurpose Room,room,Room - Program Only,P,GUS RYDER POOL AND HEALTH CLUB - Multipurpose Room
6395,49010,896,Weight/Cardio Room,None,Room-Fitness/Weight,None,GUS RYDER POOL AND HEALTH CLUB - Fitness/Weight Room ( 1)
6396,994028,896,Sauna,None,Sauna,None,GUS RYDER POOL AND HEALTH CLUB - Sauna
6397,1000904,896,Weight/Cardio Room,None,Room-Fitness/Weight,None,GUS RYDER POOL AND HEALTH CLUB - Fitness/Weight Room ( 2)
6398,10450,897,Indoor Pool,pool,Indoor Pool Tank - B,B,ALDERWOOD POOL - Indoor Pool Tank
6399,29760,897,Kitchen,room,Kitchen - C,C,ALDERWOOD POOL - Kitchen
6400,48094,897,Meeting Room,None,None,None,ALDERWOOD POOL - Meeting Room
6401,48095,897,Multipurpose Room,room,Room - C,C,ALDERWOOD POOL - Multipurpose Room
6402,36462,911,Campground,None,Campground,None,GLEN ROUGE CAMPGROUND - Campground
6403,44687,911,Parking Lot,None,Outdoor Parking Lot,None,GLEN ROUGE CAMPGROUND - Outdoor Parking Lot
6404,13016,912,Stadium,stadium,Stadium,None,ROB FORD STADIUM
6405,13016,912,Washroom Facility,None,Washroom Building,None,ROB FORD STADIUM
6406,30093,912,Dressing Room,None,Change Room,None,ROB FORD STADIUM - Dressing Room - Unisex (  3)
6407,30102,912,Dressing Room,None,Change Room,None,ROB FORD STADIUM  - Dressing Room - Unisex (  1)
6408,30103,912,Dressing Room,None,Change Room,None,ROB FORD STADIUM - Dressing Room - Unisex (  2)
6409,36572,912,Multipurpose Field,None,Multipurpose Field - Premier,P,ROB FORD STADIUM - Multipurpose Field
6410,17328,913,Indoor Dry Pad,ice,Indoor Dry Pad - A,A,CENTENNIAL PARK ARENA - ETOBICOKE - Indoor Ice Pad (  1)
6411,17328,913,Indoor Rink,ice,Indoor Ice Pad - A,A,CENTENNIAL PARK ARENA - ETOBICOKE - Indoor Ice Pad (  1)
6412,44349,913,Indoor Dry Pad,ice,Indoor Dry Pad - A,A,CENTENNIAL PARK ARENA - ETOBICOKE - Indoor Ice Pad (  2)
6413,44349,913,Indoor Rink,ice,Indoor Ice Pad - A,A,CENTENNIAL PARK ARENA - ETOBICOKE - Indoor Ice Pad (  2)
6414,47947,913,Multipurpose Room,room,Room - C,C,CENTENNIAL PARK ARENA - ETOBICOKE - Multipurpose Room (West)
6415,47948,913,Multipurpose Room,room,Room - C,C,CENTENNIAL PARK ARENA - ETOBICOKE - Multipurpose Room (East)
6416,48162,914,Multipurpose Room,room,Room - B,B,CENTENNIAL PARK SKI CHALET - Multipurpose Room (  1)
6417,48163,914,Multipurpose Room,room,Room - B,B,CENTENNIAL PARK SKI CHALET - Multipurpose Room (  2)
6418,3216,915,Pickleball Court,None,None,None,GLEN PARK - Tennis Court Area
6419,3216,915,Pickleball Court,None,None,None,GLEN PARK - Tennis Court Area
6420,3217,915,Outdoor Tennis Court,None,Outdoor Tennis Court,None,GLEN PARK - Outdoor Tennis Court (  1)
6421,3218,915,Outdoor Tennis Court,None,Outdoor Tennis Court,None,GLEN PARK - Outdoor Tennis Court (  2)
6422,4410,915,Wading Pool,None,Wading Pool,None,GLEN PARK - Wading Pool
6423,5689,915,Gazebo,None,Gazebo,None,GLEN PARK - Shade Structure (  1)
6424,5690,915,Gazebo,None,Gazebo,None,GLEN PARK - Shade Structure (  2)
6425,34444,915,Playground,None,Playground Site,None,GLEN PARK - Playground
6426,29365,918,Washroom Facility,None,Washroom Building,None,DON VALLEY GOLF COURSE CLUBHOUSE
6427,29365,918,Clubhouse,None,Clubhouse,None,DON VALLEY GOLF COURSE CLUBHOUSE
6428,29802,918,Kitchen,room,Kitchen,None,DON VALLEY GOLF COURSE CLUBHOUSE - Kitchen
6429,32510,918,Parking Lot,None,Outdoor Parking Lot,None,DON VALLEY GOLF COURSE - Outdoor Parking Lot (  1)
6430,32549,918,Parking Lot,None,Outdoor Parking Lot,None,DON VALLEY GOLF COURSE - Outdoor Parking Lot (  2)
6431,57323,918,Pond,None,Open Water,None,DON VALLEY BRICK WORKS - Open Water (  5)
6432,2926,920,Pickleball Court,None,None,None,MANCHESTER PARK - Tennis Court Area
6433,2926,920,Pickleball Court,None,None,None,MANCHESTER PARK - Tennis Court Area
6434,2926,920,Pickleball Court,None,None,None,MANCHESTER PARK - Tennis Court Area
6435,2927,920,Outdoor Tennis Court,None,Outdoor Tennis Court,None,MANCHESTER PARK - Outdoor Tennis Court (  1)
6436,2928,920,Outdoor Tennis Court,None,Outdoor Tennis Court,None,MANCHESTER PARK - Outdoor Tennis Court (  2)
6437,2929,920,Outdoor Tennis Court,None,Outdoor Tennis Court,None,MANCHESTER PARK - Outdoor Tennis Court (  3)
6438,33800,920,Playground,None,Playground Site,None,MANCHESTER PARK - Playground
6439,24054,921,Bike Trail,None,Bike Trail,None,WATERFRONT TRAIL (  1)
6440,33782,921,Playground,None,Playground Site,None,LONG BRANCH PARK - Playground
6441,2185,922,Drinking Fountain,None,Drinking Fountain Count,None,LORA HILL PARK - Drinking Water Source
6442,2992,922,Pickleball Court,None,None,None,LORA HILL PARK - Tennis Court Area
6443,2993,922,Outdoor Tennis Court,None,Outdoor Tennis Court,None,LORA HILL PARK - Outdoor Tennis Court (  1)
6444,2994,922,Outdoor Tennis Court,None,Outdoor Tennis Court,None,LORA HILL PARK - Outdoor Tennis Court (  2)
6445,34115,922,Playground,None,Playground Site,None,LORA HILL PARK - Playground
6446,967912,922,Gazebo,None,Gazebo,None,LORA HILL PARK - Shade Structure (  1)
6447,967913,922,Gazebo,None,Gazebo,None,LORA HILL PARK - Shade Structure (  2)
6448,3562,923,Pickleball Court,None,None,None,ALBION GARDENS PARK - Tennis Court Area
6449,3562,923,Pickleball Court,None,None,None,ALBION GARDENS PARK - Tennis Court Area
6450,3562,923,Pickleball Court,None,None,None,ALBION GARDENS PARK - Tennis Court Area
6451,3563,923,Outdoor Tennis Court,None,Outdoor Tennis Court,None,ALBION GARDENS PARK - Outdoor Tennis Court (  1)
6452,3564,923,Outdoor Tennis Court,None,Outdoor Tennis Court,None,ALBION GARDENS PARK - Outdoor Tennis Court (  2)
6453,3565,923,Outdoor Tennis Court,None,Outdoor Tennis Court,None,ALBION GARDENS PARK - Outdoor Tennis Court (  3)
6454,57302,923,Pond,None,Open Water,None,ALBION GARDENS PARK - Open Water
6455,61202,923,Playground,None,Playground Site,None,ALBION GARDENS PARK - Playground S
6456,102247,923,Drinking Fountain,None,Drinking Fountain Count,None,ALBION GARDENS PARK - Drinking Water Source
6457,968050,923,Picnic Shelter,picnic,Shelter,None,ALBION GARDENS PARK - Shade Structure
6458,3891,924,Outdoor Tennis Court,None,Outdoor Tennis Court,None,PRINCE OF WALES PARK - Outdoor Tennis Court (  1)
6459,3892,924,Outdoor Tennis Court,None,Outdoor Tennis Court,None,PRINCE OF WALES PARK - Outdoor Tennis Court (  2)
6460,3893,924,Outdoor Tennis Court,None,Outdoor Tennis Court,None,PRINCE OF WALES PARK - Outdoor Tennis Court (  3)
6461,3895,924,Outdoor Tennis Court,None,Outdoor Tennis Court,None,PRINCE OF WALES PARK - Outdoor Tennis Court (  4)
6462,5238,924,Wading Pool,None,Wading Pool,None,PRINCE OF WALES PARK - Wading Pool
6463,23707,924,Bike Trail,None,Bike Trail,None,PRINCE OF WALES PARK TRAIL (  1)
6464,28894,924,Washroom Facility,None,Washroom Building,None,PRINCE OF WALES RINK
6465,32425,924,Parking Lot,None,Outdoor Parking Lot,None,PRINCE OF WALES PARK - Outdoor Parking Lot
6466,34270,924,Playground,None,Playground Site,None,PRINCE OF WALES PARK - Playground
6467,77116,924,Drinking Fountain,None,Drinking Fountain Count,None,PRINCE OF WALES PARK - Drinking Water Source
6468,77117,924,Bike Trail,None,Bike Trail,None,PRINCE OF WALES PARK TRAIL (  2)
6469,77118,924,Bike Trail,None,Bike Trail,None,PRINCE OF WALES PARK TRAIL (  3)
6470,6296,927,Washroom Facility,None,Washroom Building,None,NORTH YORK CIVIC CENTRE
6471,48395,927,Computer/Training Room,room,Room-Computer/Training - C,C,NORTH YORK CIVIC CENTRE - Computer/Training Room (  1)
6472,48396,927,Meeting Room,None,None,None,NORTH YORK CIVIC CENTRE - Meeting Room
6473,48520,932,Multipurpose Room,room,Room - C,C,WHITLAM WAREHOUSE - Multipurpose Room
6474,3600,934,Outdoor Tennis Court,None,Outdoor Tennis Court,None,TRACE MANES PARK - Outdoor Tennis Court (  1)
6475,3601,934,Outdoor Tennis Court,None,Outdoor Tennis Court,None,TRACE MANES PARK - Outdoor Tennis Court (  2)
6476,3602,934,Outdoor Tennis Court,None,Outdoor Tennis Court,None,TRACE MANES PARK - Outdoor Tennis Court (  3)
6477,3603,934,Outdoor Tennis Court,None,Outdoor Tennis Court,None,TRACE MANES PARK - Outdoor Tennis Court (  4)
6478,3604,934,Outdoor Tennis Court,None,Outdoor Tennis Court,None,TRACE MANES PARK - Outdoor Tennis Court (  1)
6479,3605,934,Outdoor Tennis Court,None,Outdoor Tennis Court,None,TRACE MANES PARK - Outdoor Tennis Court (  2)
6480,17962,934,Ball Diamond,sport,Baseball Diamond Field - C,C,TRACE MANES PARK - Ball Diamond Field
6481,32489,934,Parking Lot,None,Outdoor Parking Lot,None,TRACE MANES PARK - Outdoor Parking Lot
6482,34293,934,Playground,None,Playground Site,None,GEORGIA WALSH MEMORIAL PLAYGROUND
6483,95343,934,Splash Pad,None,Splash/Spray Pad,None,TRACE MANES PARK - Splash/Spray Pad
6484,95346,934,Picnic Shelter,picnic,Shelter,None,TRACE MANES PARK - Shade Structure (  1)
6485,95347,934,Picnic Shelter,picnic,Shelter,None,TRACE MANES PARK - Shade Structure (  2)
6486,95348,934,Bottle Filling Station,None,Water Bottle Filling Count,None,TRACE MANES PARK - Drinking Water Source (  2)
6487,102007,934,Bottle Filling Station,None,Water Bottle Filling Count,None,TRACE MANES PARK - Drinking Water Source (  3)
6488,967746,934,Picnic Shelter,picnic,Shelter,None,TRACE MANES PARK - Shade Structure (  3)
6489,971862,934,Drinking Fountain,None,Drinking Fountain Count,None,TRACE MANES PARK - Drinking Water Source (  1)
6490,971862,934,Bottle Filling Station,None,Water Bottle Filling Count,None,TRACE MANES PARK - Drinking Water Source (  1)
6491,3414,935,Pickleball Court,None,None,None,CLOVERDALE PARK - Tennis Court Area
6492,3414,935,Pickleball Court,None,None,None,CLOVERDALE PARK - Tennis Court Area
6493,3414,935,Pickleball Court,None,None,None,CLOVERDALE PARK - Tennis Court Area
6494,3415,935,Outdoor Tennis Court,None,Outdoor Tennis Court,None,CLOVERDALE PARK - Outdoor Tennis Court (  1)
6495,3416,935,Outdoor Tennis Court,None,Outdoor Tennis Court,None,CLOVERDALE PARK - Outdoor Tennis Court (  2)
6496,3417,935,Outdoor Tennis Court,None,Outdoor Tennis Court,None,CLOVERDALE PARK - Outdoor Tennis Court (  3)
6497,32246,935,Parking Lot,None,Outdoor Parking Lot,None,CLOVERDALE PARK - Outdoor Parking Lot
6498,34417,935,Playground,None,Playground Site,None,CLOVERDALE PARK - Playground
6499,77123,935,Outdoor Fitness Equipment,None,Outdoor Fitness Equipment,None,CLOVERDALE PARK - Outdoor Fitness Equipment Area - Outdoor Fitness Equipment (  1)
6500,77124,935,Outdoor Fitness Equipment,None,Outdoor Fitness Equipment,None,CLOVERDALE PARK - Outdoor Fitness Equipment Area - Outdoor Fitness Equipment (  2)
6501,77125,935,Outdoor Fitness Equipment,None,Outdoor Fitness Equipment,None,CLOVERDALE PARK - Outdoor Fitness Equipment Area - Outdoor Fitness Equipment (  3)
6502,77126,935,Outdoor Fitness Equipment,None,Outdoor Fitness Equipment,None,CLOVERDALE PARK - Outdoor Fitness Equipment Area - Outdoor Fitness Equipment (  4)
6503,102027,935,Bottle Filling Station,None,Water Bottle Filling Count,None,CLOVERDALE PARK - Drinking Water Source
6504,967788,935,Picnic Shelter,picnic,Shelter,None,CLOVERDALE PARK - Shade Structure (  2)
6505,967789,935,Picnic Shelter,picnic,Shelter,None,CLOVERDALE PARK - Shade Structure (  3)
6506,967790,935,Picnic Shelter,picnic,Shelter,None,CLOVERDALE PARK - Shade Structure (  4)
6507,2228,936,Drinking Fountain,None,Drinking Fountain Count,None,INDIAN LINE PARK - Drinking Water Source
6508,3104,936,Outdoor Basketball Court,None,Basketball Court,None,INDIAN LINE PARK - Basketball Court (  3)
6509,3107,936,Pickleball Court,None,None,None,INDIAN LINE PARK - Tennis Court Area
6510,3108,936,Outdoor Tennis Court,None,Outdoor Tennis Court,None,INDIAN LINE PARK - Outdoor Tennis Court (  1)
6511,3109,936,Outdoor Tennis Court,None,Outdoor Tennis Court,None,INDIAN LINE PARK - Outdoor Tennis Court (  2)
6512,28404,936,Outdoor Basketball Court,None,Basketball Court,None,INDIAN LINE PARK - Basketball Court (  2)
6513,28422,936,Outdoor Basketball Court,None,Basketball Court,None,INDIAN LINE PARK - Basketball Court (  1)
6514,34513,936,Playground,None,Playground Site,None,INDIAN LINE PARK - Playground
6515,66782,936,Splash Pad,None,Splash/Spray Pad,None,INDIAN LINE PARK - Splash/Spray Pad
6516,75183,936,Gazebo,None,Gazebo,None,INDIAN LINE PARK - Shade Structure
6517,3947,937,Outdoor Tennis Court,None,Outdoor Tennis Court,None,ORIOLE PARK - NORTH YORK - Outdoor Tennis Court (  1)
6518,3948,937,Outdoor Tennis Court,None,Outdoor Tennis Court,None,ORIOLE PARK - NORTH YORK - Outdoor Tennis Court (  2)
6519,3949,937,Outdoor Tennis Court,None,Outdoor Tennis Court,None,ORIOLE PARK - NORTH YORK - Outdoor Tennis Court (  3)
6520,3950,937,Outdoor Tennis Court,None,Outdoor Tennis Court,None,ORIOLE PARK - NORTH YORK - Outdoor Tennis Court (  4)
6521,5303,937,Splash Pad,None,Splash/Spray Pad,None,ORIOLE PARK - NORTH YORK - Splash/Spray Pad
6522,13289,937,Drinking Fountain,None,Drinking Fountain Count,None,ORIOLE PARK - NORTH YORK - Drinking Water Source
6523,17880,937,Ball Diamond,sport,Baseball Diamond Field - C,C,ORIOLE PARK - NORTH YORK - Ball Diamond Field
6524,32417,937,Parking Lot,None,Outdoor Parking Lot,None,ORIOLE PARK - NORTH YORK - Outdoor Parking Lot
6525,34543,937,Playground,None,Playground Site,None,ORIOLE PARK - NORTH YORK - Playground
6526,4871,939,Outdoor Pool,pool,Outdoor Pool Tank,None,AMOS WAITES PARK - Outdoor Pool Tank
6527,5976,939,Washroom Facility,None,Washroom Building,None,AMOS WAITES PARK OUTDOOR POOL BUILDING
6528,32208,939,Parking Lot,None,Outdoor Parking Lot,None,AMOS WAITES PARK - Outdoor Parking Lot
6529,33957,939,Playground,None,Playground Site,None,AMOS WAITES PARK - Playground
6530,49825,939,Outdoor Table Tennis,None,Outdoor Table Tennis,None,AMOS WAITES PARK - Outdoor Table Tennis
6531,66842,939,Splash Pad,None,Splash/Spray Pad,None,AMOS WAITES PARK - Splash/Spray Pad
6532,66883,939,Washroom Facility,None,Washroom Building,None,AMOS WAITES PARK - Washroom Building
6533,77415,939,Gazebo,None,Gazebo,None,AMOS WAITES PARK - Shade Structure (  1)
6534,77416,939,Gazebo,None,Gazebo,None,AMOS WAITES PARK - Shade Structure (  2)
6535,77417,939,Gazebo,None,Gazebo,None,AMOS WAITES PARK - Shade Structure (  3)
6536,77418,939,Gazebo,None,Gazebo,None,AMOS WAITES PARK - Shade Structure (  4)
6537,77419,939,Gazebo,None,Gazebo,None,AMOS WAITES PARK - Shade Structure (  5)
6538,967890,939,Gazebo,None,Gazebo,None,AMOS WAITES PARK - Shade Structure (  9)
6539,2777,940,Community Garden,None,Community Garden,None,CRONIN PARK COMMUNITY GARDEN
6540,33934,940,Playground,None,Playground Site,None,CRONIN PARK - Playground
6541,3373,941,Outdoor Basketball Court,None,Basketball Court,None,CUMMER PARK - Basketball Court (  2)
6542,3375,941,Pickleball Court,None,None,None,CUMMER PARK - Tennis Court Area
6543,3375,941,Pickleball Court,None,None,None,CUMMER PARK - Tennis Court Area
6544,3376,941,Outdoor Tennis Court,None,Outdoor Tennis Court,None,CUMMER PARK - Outdoor Tennis Court (  1)
6545,3377,941,Outdoor Tennis Court,None,Outdoor Tennis Court,None,CUMMER PARK - Outdoor Tennis Court (  2)
6546,3378,941,Outdoor Tennis Court,None,Outdoor Tennis Court,None,CUMMER PARK - Outdoor Tennis Court (  3)
6547,3379,941,Outdoor Tennis Court,None,Outdoor Tennis Court,None,CUMMER PARK - Outdoor Tennis Court (  4)
6548,4631,941,Skateboard Area,None,Skateboard Area,None,CUMMER PARK - Skateboard Area
6549,13253,941,Drinking Fountain,None,Drinking Fountain Count,None,CUMMER PARK - Drinking Water Source (  1)
6550,13254,941,Drinking Fountain,None,Drinking Fountain Count,None,CUMMER PARK - Drinking Water Source (  2)
6551,17725,941,Ball Diamond,sport,Baseball Diamond Field - A,A,CUMMER PARK - Ball Diamond Field
6552,28442,941,Outdoor Basketball Court,None,Basketball Court,None,CUMMER PARK - Basketball Court (  1)
6553,32257,941,Parking Lot,None,Outdoor Parking Lot,None,CUMMER PARK - Outdoor Parking Lot
6554,33937,941,Playground,None,Playground Site,None,CUMMER PARK - Playground
6555,34356,942,Playground,None,Playground Site,None,BRAMBER WOODS PARK - Playground
6556,22480,943,Bike Trail,None,Bike Trail,None,ELMCREST CREEK TRAIL (  2)
6557,22491,943,Bike Trail,None,Bike Trail,None,ELMCREST CREEK TRAIL (  3)
6558,22508,943,Bike Trail,None,Bike Trail,None,ELMCREST CREEK TRAIL (  7)
6559,34353,943,Playground,None,Playground Site,None,BLOORDALE PARK NORTH - Playground
6560,1928,944,Greenhouse,None,Greenhouse,None,RIVERLEA GREENHOUSE
6561,32430,944,Parking Lot,None,Outdoor Parking Lot,None,RIVERLEA PARK - Outdoor Parking Lot (  1)
6562,33887,944,Playground,None,Playground Site,None,RIVERLEA PARK - Playground
6563,849992,944,Parking Lot,None,Outdoor Parking Lot,None,RIVERLEA PARK - Outdoor Parking Lot (  2)
6564,2508,945,Drinking Fountain,None,Drinking Fountain Count,None,ALBERT STANDING PARK - Drinking Water Source
6565,4896,945,Picnic Site,picnic,Picnic Site,None,ALBERT STANDING PARK - Picnic Site
6566,28053,946,Bowling Green,None,Bowling Green,None,CORONATION PARK - ETOBICOKE - Bowling Green
6567,34429,946,Playground,None,Playground Site,None,CORONATION PARK - ETOBICOKE - Playground
6568,45163,946,Parking Lot,None,Outdoor Parking Lot,None,CORONATION PARK - ETOBICOKE - Outdoor Parking Lot
6569,17939,947,Ball Diamond,sport,Baseball Diamond Field - C,C,ST. LUCIE PARK - Ball Diamond Field
6570,33856,947,Playground,None,Playground Site,None,ST. LUCIE PARK - Playground
6571,850140,947,Outdoor Fitness Equipment,None,Outdoor Fitness Equipment,None,ST. LUCIE PARK - Outdoor Fitness Equipment Area - Outdoor Fitness Equipment (  1)
6572,850141,947,Outdoor Fitness Equipment,None,Outdoor Fitness Equipment,None,ST. LUCIE PARK - Outdoor Fitness Equipment Area - Outdoor Fitness Equipment (  2)
6573,850142,947,Outdoor Fitness Equipment,None,Outdoor Fitness Equipment,None,ST. LUCIE PARK - Outdoor Fitness Equipment Area - Outdoor Fitness Equipment (  3)
6574,850143,947,Outdoor Fitness Equipment,None,Outdoor Fitness Equipment,None,ST. LUCIE PARK - Outdoor Fitness Equipment Area - Outdoor Fitness Equipment (  4)
6575,850144,947,Outdoor Fitness Equipment,None,Outdoor Fitness Equipment,None,ST. LUCIE PARK - Outdoor Fitness Equipment Area - Outdoor Fitness Equipment (  5)
6576,850145,947,Outdoor Fitness Equipment,None,Outdoor Fitness Equipment,None,ST. LUCIE PARK - Outdoor Fitness Equipment Area - Outdoor Fitness Equipment (  6)
6577,850146,947,Outdoor Fitness Equipment,None,Outdoor Fitness Equipment,None,ST. LUCIE PARK - Outdoor Fitness Equipment Area - Outdoor Fitness Equipment (  7)
6578,2343,948,Drinking Fountain,None,Drinking Fountain Count,None,EAST MALL PARK - Drinking Water Source
6579,3328,948,Outdoor Tennis Court,None,Outdoor Tennis Court,None,EAST MALL PARK - Outdoor Tennis Court (  1)
6580,3329,948,Outdoor Tennis Court,None,Outdoor Tennis Court,None,EAST MALL PARK - Outdoor Tennis Court (  2)
6581,3330,948,Outdoor Tennis Court,None,Outdoor Tennis Court,None,EAST MALL PARK - Outdoor Tennis Court (  3)
6582,32285,948,Parking Lot,None,Outdoor Parking Lot,None,EAST MALL PARK - Outdoor Parking Lot
6583,34024,948,Playground,None,Playground Site,None,EAST MALL PARK - Playground
6584,75882,948,Splash Pad,None,Splash/Spray Pad,None,EAST MALL PARK - Splash/Spray Pad
6585,3889,951,Outdoor Tennis Court,None,Outdoor Tennis Court,None,PRINCESS ANNE PARK - Outdoor Tennis Court (  1)
6586,3890,951,Outdoor Tennis Court,None,Outdoor Tennis Court,None,PRINCESS ANNE PARK - Outdoor Tennis Court (  2)
6587,34271,951,Playground,None,Playground Site,None,PRINCESS ANNE PARK - Playground
6588,75182,951,Drinking Fountain,None,Drinking Fountain Count,None,PRINCESS ANNE PARK - Drinking Water Source
6589,22894,953,Bike Trail,None,Bike Trail,None,HUMBER RIVER RECREATIONAL TRAIL (120)
6590,22895,953,Bike Trail,None,Bike Trail,None,HUMBER RIVER RECREATIONAL TRAIL (121)
6591,22896,953,Bike Trail,None,Bike Trail,None,HUMBER RIVER RECREATIONAL TRAIL (122)
6592,22897,953,Bike Trail,None,Bike Trail,None,HUMBER RIVER RECREATIONAL TRAIL (123)
6593,22898,953,Bike Trail,None,Bike Trail,None,HUMBER RIVER RECREATIONAL TRAIL (124)
6594,22899,953,Bike Trail,None,Bike Trail,None,HUMBER RIVER RECREATIONAL TRAIL (125)
6595,22900,953,Bike Trail,None,Bike Trail,None,HUMBER RIVER RECREATIONAL TRAIL (126)
6596,22901,953,Bike Trail,None,Bike Trail,None,HUMBER RIVER RECREATIONAL TRAIL (127)
6597,22902,953,Bike Trail,None,Bike Trail,None,HUMBER RIVER RECREATIONAL TRAIL (128)
6598,22903,953,Bike Trail,None,Bike Trail,None,HUMBER RIVER RECREATIONAL TRAIL (129)
6599,22905,953,Bike Trail,None,Bike Trail,None,HUMBER RIVER RECREATIONAL TRAIL (130)
6600,22906,953,Bike Trail,None,Bike Trail,None,HUMBER RIVER RECREATIONAL TRAIL (131)
6601,22907,953,Bike Trail,None,Bike Trail,None,HUMBER RIVER RECREATIONAL TRAIL (132)
6602,22908,953,Bike Trail,None,Bike Trail,None,HUMBER RIVER RECREATIONAL TRAIL (133)
6603,22909,953,Bike Trail,None,Bike Trail,None,HUMBER RIVER RECREATIONAL TRAIL (134)
6604,22910,953,Bike Trail,None,Bike Trail,None,HUMBER RIVER RECREATIONAL TRAIL (135)
6605,22911,953,Bike Trail,None,Bike Trail,None,HUMBER RIVER RECREATIONAL TRAIL (136)
6606,22912,953,Bike Trail,None,Bike Trail,None,HUMBER RIVER RECREATIONAL TRAIL (137)
6607,22913,953,Bike Trail,None,Bike Trail,None,HUMBER RIVER RECREATIONAL TRAIL (138)
6608,22914,953,Bike Trail,None,Bike Trail,None,HUMBER RIVER RECREATIONAL TRAIL (139)
6609,22916,953,Bike Trail,None,Bike Trail,None,HUMBER RIVER RECREATIONAL TRAIL (140)
6610,22917,953,Bike Trail,None,Bike Trail,None,HUMBER RIVER RECREATIONAL TRAIL (141)
6611,22918,953,Bike Trail,None,Bike Trail,None,HUMBER RIVER RECREATIONAL TRAIL (142)
6612,22919,953,Bike Trail,None,Bike Trail,None,HUMBER RIVER RECREATIONAL TRAIL (143)
6613,22920,953,Bike Trail,None,Bike Trail,None,HUMBER RIVER RECREATIONAL TRAIL (144)
6614,22922,953,Bike Trail,None,Bike Trail,None,HUMBER RIVER RECREATIONAL TRAIL (146)
6615,22923,953,Bike Trail,None,Bike Trail,None,HUMBER RIVER RECREATIONAL TRAIL (147)
6616,22924,953,Bike Trail,None,Bike Trail,None,HUMBER RIVER RECREATIONAL TRAIL (148)
6617,22925,953,Bike Trail,None,Bike Trail,None,HUMBER RIVER RECREATIONAL TRAIL (149)
6618,22927,953,Bike Trail,None,Bike Trail,None,HUMBER RIVER RECREATIONAL TRAIL (150)
6619,22928,953,Bike Trail,None,Bike Trail,None,HUMBER RIVER RECREATIONAL TRAIL (151)
6620,22929,953,Bike Trail,None,Bike Trail,None,HUMBER RIVER RECREATIONAL TRAIL (152)
6621,22930,953,Bike Trail,None,Bike Trail,None,HUMBER RIVER RECREATIONAL TRAIL (153)
6622,22931,953,Bike Trail,None,Bike Trail,None,HUMBER RIVER RECREATIONAL TRAIL (84)
6623,22932,953,Bike Trail,None,Bike Trail,None,HUMBER RIVER RECREATIONAL TRAIL (85)
6624,24315,953,Bike Trail,None,Bike Trail,None,WEST HUMBER TRAIL ( 15)
6625,24316,953,Bike Trail,None,Bike Trail,None,WEST HUMBER TRAIL ( 16)
6626,24317,953,Bike Trail,None,Bike Trail,None,WEST HUMBER TRAIL ( 17)
6627,24318,953,Bike Trail,None,Bike Trail,None,WEST HUMBER TRAIL ( 18)
6628,24319,953,Bike Trail,None,Bike Trail,None,WEST HUMBER TRAIL ( 19)
6629,24321,953,Bike Trail,None,Bike Trail,None,WEST HUMBER TRAIL ( 20)
6630,24324,953,Bike Trail,None,Bike Trail,None,WEST HUMBER TRAIL ( 23)
6631,24325,953,Bike Trail,None,Bike Trail,None,WEST HUMBER TRAIL ( 24)
6632,24327,953,Bike Trail,None,Bike Trail,None,WEST HUMBER TRAIL ( 26)
6633,24328,953,Bike Trail,None,Bike Trail,None,WEST HUMBER TRAIL ( 27)
6634,24329,953,Bike Trail,None,Bike Trail,None,WEST HUMBER TRAIL ( 28)
6635,24330,953,Bike Trail,None,Bike Trail,None,WEST HUMBER TRAIL ( 29)
6636,24332,953,Bike Trail,None,Bike Trail,None,WEST HUMBER TRAIL ( 30)
6637,24333,953,Bike Trail,None,Bike Trail,None,WEST HUMBER TRAIL ( 31)
6638,24334,953,Bike Trail,None,Bike Trail,None,WEST HUMBER TRAIL ( 32)
6639,24335,953,Bike Trail,None,Bike Trail,None,WEST HUMBER TRAIL ( 33)
6640,24336,953,Bike Trail,None,Bike Trail,None,WEST HUMBER TRAIL ( 34)
6641,24337,953,Bike Trail,None,Bike Trail,None,WEST HUMBER TRAIL ( 35)
6642,24338,953,Bike Trail,None,Bike Trail,None,WEST HUMBER TRAIL ( 36)
6643,24339,953,Bike Trail,None,Bike Trail,None,WEST HUMBER TRAIL ( 37)
6644,24340,953,Bike Trail,None,Bike Trail,None,WEST HUMBER TRAIL ( 38)
6645,24341,953,Bike Trail,None,Bike Trail,None,WEST HUMBER TRAIL ( 39)
6646,24343,953,Bike Trail,None,Bike Trail,None,WEST HUMBER TRAIL ( 40)
6647,31019,953,Outdoor Fitness Equipment,None,Outdoor Fitness Equipment,None,WEST HUMBER PARKLAND - Outdoor Fitness Equipment (  1)
6648,32499,953,Parking Lot,None,Outdoor Parking Lot,None,WEST HUMBER PARKLAND - Outdoor Parking Lot
6649,34190,953,Playground,None,Playground Site,None,WEST HUMBER PARKLAND - Playground CW
6650,42711,953,Playground,None,Playground Site,None,WEST HUMBER PARKLAND - Playground CE
6651,57412,953,Pond,None,Open Water,None,WEST HUMBER PARKLAND - Open Water (  1)
6652,57413,953,Pond,None,Open Water,None,WEST HUMBER PARKLAND - Open Water (  2)
6653,57414,953,Pond,None,Open Water,None,WEST HUMBER PARKLAND - Open Water (  3)
6654,57415,953,Pond,None,Open Water,None,WEST HUMBER PARKLAND - Open Water (  4)
6655,57416,953,Pond,None,Open Water,None,WEST HUMBER PARKLAND - Open Water (  5)
6656,60865,953,Outdoor Fitness Equipment,None,Outdoor Fitness Equipment,None,WEST HUMBER PARKLAND - Outdoor Fitness Equipment (  2)
6657,60866,953,Outdoor Fitness Equipment,None,Outdoor Fitness Equipment,None,WEST HUMBER PARKLAND - Outdoor Fitness Equipment (  3)
6658,60867,953,Outdoor Fitness Equipment,None,Outdoor Fitness Equipment,None,WEST HUMBER PARKLAND - Outdoor Fitness Equipment (  4)
6659,60868,953,Outdoor Fitness Equipment,None,Outdoor Fitness Equipment,None,WEST HUMBER PARKLAND - Outdoor Fitness Equipment (  5)
6660,60869,953,Outdoor Fitness Equipment,None,Outdoor Fitness Equipment,None,WEST HUMBER PARKLAND - Outdoor Fitness Equipment (  6)
6661,102196,953,Drinking Fountain,None,Drinking Fountain Count,None,WEST HUMBER PARKLAND - Drinking Water Source
6662,13285,956,Drinking Fountain,None,Drinking Fountain Count,None,MEL LASTMAN SQUARE - Drinking Water Source (  1)
6663,43592,956,Outdoor Rink,ice,Outdoor Ice Pad,None,MEL LASTMAN SQUARE - Outdoor Ice Pad
6664,49003,956,Amphitheatre,special,Amphitheatre,None,MEL LASTMAN SQUARE - Amphitheatre
6665,49322,956,Outdoor Table Tennis,None,Outdoor Table Tennis,None,MEL LASTMAN SQUARE - Outdoor Table Tennis (  1)
6666,49826,956,Outdoor Table Tennis,None,Outdoor Table Tennis,None,MEL LASTMAN SQUARE - Outdoor Table Tennis (  2)
6667,102276,956,Drinking Fountain,None,Drinking Fountain Count,None,MEL LASTMAN SQUARE - Drinking Water Source (  2)
6668,102277,956,Drinking Fountain,None,Drinking Fountain Count,None,MEL LASTMAN SQUARE - Drinking Water Source (  3)
6669,102278,956,Drinking Fountain,None,Drinking Fountain Count,None,MEL LASTMAN SQUARE - Drinking Water Source (  4)
6670,967689,956,Gazebo,None,Gazebo,None,MEL LASTMAN SQUARE - Shade Structure
6671,17865,957,Ball Diamond,sport,Baseball Diamond Field - C,C,MOSSGROVE PARK - Ball Diamond Field
6672,72293,957,Playground,None,Playground Site,None,MOSSGROVE PARK - Playground
6673,77460,957,Outdoor Fitness Equipment,None,Outdoor Fitness Equipment,None,MOSSGROVE PARK - Outdoor Fitness Equipment Area - Outdoor Fitness Equipment
6674,2468,958,Drinking Fountain,None,Drinking Fountain Count,None,BILL HANCOX PARK - Drinking Water Source
6675,18131,958,Sport Field,sport,Soccer Field - A,A,BILL HANCOX PARK - Soccer Field (  1)
6676,18132,958,Sport Field,sport,Soccer Field - B,B,BILL HANCOX PARK - Soccer Field (  2)
6677,18133,958,Sport Field,sport,Soccer Field - B,B,BILL HANCOX PARK - Soccer Field (  3)
6678,34345,958,Playground,None,Playground Site,None,BILL HANCOX PARK - Playground
6679,2197,959,Drinking Fountain,None,Drinking Fountain Count,None,KINGSVIEW PARK - Drinking Water Source
6680,3036,959,Outdoor Tennis Court,None,Outdoor Tennis Court,None,KINGSVIEW PARK - Outdoor Tennis Court (  1)
6681,3037,959,Outdoor Tennis Court,None,Outdoor Tennis Court,None,KINGSVIEW PARK - Outdoor Tennis Court (  2)
6682,4202,959,Splash Pad,None,Splash/Spray Pad,None,KINGSVIEW PARK - Splash/Spray Pad
6683,34096,959,Playground,None,Playground Site,None,KINGSVIEW PARK - Playground
6684,989678,959,Pickleball Court,None,None,None,KINGSVIEW PARK - Pickleball Court (  1)
6685,989678,959,Pickleball Court,None,None,None,KINGSVIEW PARK - Pickleball Court (  1)
6686,2634,960,Drinking Fountain,None,Drinking Fountain Count,None,WINCOTT PARK - Drinking Water Source
6687,22860,960,Bike Trail,None,Bike Trail,None,HUMBER CREEK TRAIL ( 15)
6688,22861,960,Bike Trail,None,Bike Trail,None,HUMBER CREEK TRAIL ( 16)
6689,34149,960,Playground,None,Playground Site,None,WINCOTT PARK - Playground N
6690,42663,960,Playground,None,Playground Site,None,WINCOTT PARK - Playground S
6691,57417,960,Pond,None,Open Water,None,WINCOTT PARK - Open Water
6692,75262,960,Outdoor Table Tennis,None,Outdoor Table Tennis,None,WINCOTT PARK - Outdoor Table Tennis
6693,3818,961,Outdoor Basketball Court,None,Basketball Court,None,CYNTHIA LAI PARK - Basketball Court
6694,32434,961,Parking Lot,None,Outdoor Parking Lot,None,CYNTHIA LAI PARK - Outdoor Parking Lot (  1)
6695,33892,961,Playground,None,Playground Site,None,CYNTHIA LAI PARK - Playground
6696,102258,961,Drinking Fountain,None,Drinking Fountain Count,None,CYNTHIA LAI PARK - Drinking Water Source
6697,850046,961,Parking Lot,None,Outdoor Parking Lot,None,CYNTHIA LAI PARK - Outdoor Parking Lot (  2)
6698,850047,961,Parking Lot,None,Outdoor Parking Lot,None,CYNTHIA LAI PARK - Outdoor Parking Lot (  3)
6699,2163,962,Drinking Fountain,None,Drinking Fountain Count,None,LIVINGSTONE PARK - Drinking Water Source
6700,4123,962,Wading Pool,None,Wading Pool,None,LIVINGSTONE PARK - Wading Pool
6701,33779,962,Playground,None,Playground Site,None,LIVINGSTONE PARK - Playground
6702,2317,963,Drinking Fountain,None,Drinking Fountain Count,None,FLAGSTAFF PARK - Drinking Water Source
6703,3251,963,Pickleball Court,None,None,None,FLAGSTAFF PARK - Tennis Court Area
6704,3251,963,Pickleball Court,None,None,None,FLAGSTAFF PARK - Tennis Court Area
6705,3252,963,Outdoor Basketball Court,None,Basketball Court,None,FLAGSTAFF PARK - Basketball Court
6706,3253,963,Outdoor Tennis Court,None,Outdoor Tennis Court,None,FLAGSTAFF PARK - Outdoor Tennis Court (  2)
6707,3254,963,Outdoor Tennis Court,None,Outdoor Tennis Court,None,FLAGSTAFF PARK - Outdoor Tennis Court (  1)
6708,4463,963,Outdoor Pool,pool,Outdoor Pool Tank,None,FLAGSTAFF PARK - Outdoor Pool Tank
6709,5720,963,Washroom Facility,None,Washroom Building,None,FLAGSTAFF PARK OUTDOOR POOL BUILDING
6710,32304,963,Parking Lot,None,Outdoor Parking Lot,None,FLAGSTAFF PARK - Outdoor Parking Lot
6711,34069,963,Playground,None,Playground Site,None,FLAGSTAFF PARK - Playground
6712,36402,963,Sport Field,sport,Soccer Field,None,FLAGSTAFF PARK - Soccer Field
6713,33918,964,Playground,None,Playground Site,None,SCARLETT HEIGHTS PARK - Playground
6714,33949,966,Playground,None,Playground Site,None,ALEXANDER PARK - Playground
6715,33994,967,Playground,None,Playground Site,None,DELMA PARK - Playground
6716,29940,968,Kitchen,room,Kitchen,None,YORKWOODS PARK - Kitchen
6717,34163,968,Playground,None,Playground Site,None,YORKWOODS PARK - Playground
6718,3175,971,Outdoor Basketball Court,None,Basketball Court,None,GREYSTONE PARK - Basketball Court (  1)
6719,4368,971,Splash Pad,None,Splash/Spray Pad,None,GREYSTONE PARK - Splash/Spray Pad
6720,29002,971,Outdoor Basketball Court,None,Basketball Court,None,GREYSTONE PARK - Basketball Court (  2)
6721,34466,971,Playground,None,Playground Site,None,GREYSTONE PARK - Playground
6722,3772,972,Outdoor Basketball Court,None,Basketball Court,None,SANWOOD PARK - Basketball Court
6723,23890,972,Bike Trail,None,Bike Trail,None,SANWOOD PARK TRAIL (  2)
6724,23891,972,Bike Trail,None,Bike Trail,None,SANWOOD PARK TRAIL (  1)
6725,33913,972,Playground,None,Playground Site,None,SANWOOD PARK - Playground
6726,40524,972,Bike Trail,None,Bike Trail,None,SANWOOD PARK TRAIL (  4)
6727,40525,972,Bike Trail,None,Bike Trail,None,SANWOOD PARK TRAIL (  3)
6728,967996,972,Gazebo,None,Gazebo,None,SANWOOD PARK - Shade Structure
6729,34004,974,Playground,None,Playground Site,None,DONNYBROOK PARK - Playground
6730,968007,974,Gazebo,None,Gazebo,None,DONNYBROOK PARK - Shade Structure
6731,33780,975,Playground,None,Playground Site,None,LLOYD MANOR PARK - Playground
6732,967893,975,Gazebo,None,Gazebo,None,LLOYD MANOR PARK - Shade Structure (  1)
6733,967894,975,Gazebo,None,Gazebo,None,LLOYD MANOR PARK - Shade Structure (  2)
6734,5902,976,Gazebo,None,Gazebo,None,CARSBROOKE PARK - Shade Structure (  1)
6735,5903,976,Gazebo,None,Gazebo,None,CARSBROOKE PARK - Shade Structure (  2)
6736,34380,976,Playground,None,Playground Site,None,CARSBROOKE PARK - Playground
6737,3002,977,Outdoor Basketball Court,None,Basketball Court,None,LAKESHORE VILLAGE PARK - Basketball Court
6738,4183,977,Splash Pad,None,Splash/Spray Pad,None,LAKESHORE VILLAGE PARK - Splash/Spray Pad
6739,34107,977,Playground,None,Playground Site,None,LAKESHORE VILLAGE PARK - Playground
6740,77815,977,Gazebo,None,Gazebo,None,LAKESHORE VILLAGE PARK - Shade Structure (  2)
6741,33795,978,Playground,None,Playground Site,None,MADELAINE PARK - Playground
6742,102138,978,Bottle Filling Station,None,Water Bottle Filling Count,None,MADELAINE PARK - Drinking Water Source
6743,23544,979,Bike Trail,None,Bike Trail,None,MIMICO CREEK TRAIL ( 19)
6744,23546,979,Bike Trail,None,Bike Trail,None,MIMICO CREEK TRAIL ( 20)
6745,23547,979,Bike Trail,None,Bike Trail,None,MIMICO CREEK TRAIL ( 21)
6746,22292,980,Bike Trail,None,Bike Trail,None,EAST DON RIVER TRAIL ( 10)
6747,22293,980,Bike Trail,None,Bike Trail,None,EAST DON RIVER TRAIL ( 11)
6748,22294,980,Bike Trail,None,Bike Trail,None,EAST DON RIVER TRAIL ( 12)
6749,22295,980,Bike Trail,None,Bike Trail,None,EAST DON RIVER TRAIL ( 13)
6750,22346,980,Bike Trail,None,Bike Trail,None,EAST DON RIVER TRAIL (  6)
6751,22357,980,Bike Trail,None,Bike Trail,None,EAST DON RIVER TRAIL (  7)
6752,22368,980,Bike Trail,None,Bike Trail,None,EAST DON RIVER TRAIL (  8)
6753,22369,980,Bike Trail,None,Bike Trail,None,EAST DON RIVER TRAIL (  9)
6754,32243,980,Parking Lot,None,Outdoor Parking Lot,None,CHARLES SAURIOL CONSERVATION AREA - Outdoor Parking Lot (  1)
6755,57314,980,Pond,None,Open Water,None,CHARLES SAURIOL CONSERVATION AREA - Open Water
6756,103060,980,Playground,None,Playground Site,None,CHARLES SAURIOL CONSERVATION AREA - Playground
6757,132517,980,Outdoor Fitness Equipment,None,Outdoor Fitness Equipment,None,CHARLES SAURIOL CONSERVATION AREA - Outdoor Fitness Equipment (  1)
6758,132518,980,Outdoor Fitness Equipment,None,Outdoor Fitness Equipment,None,CHARLES SAURIOL CONSERVATION AREA - Outdoor Fitness Equipment (  2)
6759,850070,980,Parking Lot,None,Outdoor Parking Lot,None,CHARLES SAURIOL CONSERVATION AREA - Outdoor Parking Lot (  2)
6760,33770,981,Playground,None,Playground Site,None,BELMAR PARK - Playground
6761,57142,981,Splash Pad,None,Splash/Spray Pad,None,BELMAR PARK - Splash/Spray Pad
6762,13292,982,Drinking Fountain,None,Drinking Fountain Count,None,RANEE PARK - Drinking Water Source
6763,34333,982,Playground,None,Playground Site,None,RANEE PARK - Playground
6764,2596,984,Drinking Fountain,None,Drinking Fountain Count,None,STAFFORD PARK - Drinking Water Source
6765,33857,984,Playground,None,Playground Site,None,STAFFORD PARK - Playground
6766,34078,985,Playground,None,Playground Site,None,FRANKLIN PARK - Playground
6767,2657,987,Drinking Fountain,None,Drinking Fountain Count,None,ROSETHORN PARK - Drinking Water Source
6768,3800,987,Outdoor Tennis Court,None,Outdoor Tennis Court,None,ROSETHORN PARK - Outdoor Tennis Court (  1)
6769,3801,987,Outdoor Tennis Court,None,Outdoor Tennis Court,None,ROSETHORN PARK - Outdoor Tennis Court (  2)
6770,3802,987,Outdoor Tennis Court,None,Outdoor Tennis Court,None,ROSETHORN PARK - Outdoor Tennis Court (  3)
6771,33896,987,Playground,None,Playground Site,None,ROSETHORN PARK - Playground
6772,75983,987,Gazebo,None,Gazebo,None,ROSETHORN PARK - Shade Structure
6773,22175,988,Bike Trail,None,Bike Trail,None,COLONY PARK TRAIL
6774,34423,988,Playground,None,Playground Site,None,COLONY PARK - Playground
6775,34470,990,Playground,None,Playground Site,None,HAIMER PARK - Playground
6776,42712,991,Playground,None,Playground Site,None,HUMBER GATE PARK - Playground
6777,34506,992,Playground,None,Playground Site,None,HUMBERVIEW PARK - Playground
6778,34034,993,Playground,None,Playground Site,None,KAY PARK - Playground
6779,33791,994,Playground,None,Playground Site,None,MARY HARKER PARK - Playground
6780,72180,994,Outdoor Fitness Equipment,None,Outdoor Fitness Equipment,None,MARY HARKER PARK - Outdoor Fitness Equipment Area - Outdoor Fitness Equipment (  1)
6781,72181,994,Outdoor Fitness Equipment,None,Outdoor Fitness Equipment,None,MARY HARKER PARK - Outdoor Fitness Equipment Area - Outdoor Fitness Equipment (  2)
6782,72182,994,Outdoor Fitness Equipment,None,Outdoor Fitness Equipment,None,MARY HARKER PARK - Outdoor Fitness Equipment Area - Outdoor Fitness Equipment (  3)
6783,72183,994,Outdoor Fitness Equipment,None,Outdoor Fitness Equipment,None,MARY HARKER PARK - Outdoor Fitness Equipment Area - Outdoor Fitness Equipment (  4)
6784,34183,995,Playground,None,Playground Site,None,TAMARISK PARK - Playground
6785,34150,996,Playground,None,Playground Site,None,WINDWOOD PARK - Playground
6786,33829,997,Playground,None,Playground Site,None,SILVERSTONE PARK - Playground
6787,5329,998,Splash Pad,None,Splash/Spray Pad,None,NORTH HUMBER PARK - Splash/Spray Pad
6788,17877,998,Ball Diamond,sport,Baseball Diamond Field - C,C,NORTH HUMBER PARK - Ball Diamond Field
6789,34223,998,Playground,None,Playground Site,None,NORTH HUMBER PARK - Playground
6790,74882,998,Drinking Fountain,None,Drinking Fountain Count,None,NORTH HUMBER PARK - Drinking Water Source
6791,967851,998,Gazebo,None,Gazebo,None,NORTH HUMBER PARK - Shade Structure (  4)
6792,61183,999,Playground,None,Playground Site,None,PLOWSHARE PARK - Playground
6793,3972,1000,Outdoor Basketball Court,None,Basketball Court,None,NORTH KIPLING PARK - Basketball Court
6794,32413,1000,Parking Lot,None,Outdoor Parking Lot,None,NORTH KIPLING PARK - Outdoor Parking Lot
6795,74923,1000,Bottle Filling Station,None,Water Bottle Filling Count,None,NORTH KIPLING PARK - Drinking Water Source
6796,984869,1000,Playground,None,Playground Site,None,NORTH KIPLING PARK - Playground
6797,2797,1001,Community Garden,None,Community Garden,None,PANORAMA PARK COMMUNITY GARDEN
6798,3167,1002,Outdoor Bocce Court,None,Outdoor Bocce Court,None,HABITANT PARK - Outdoor Bocce Court (  1)
6799,3168,1002,Outdoor Bocce Court,None,Outdoor Bocce Court,None,HABITANT PARK - Outdoor Bocce Court (  2)
6800,32327,1002,Parking Lot,None,Outdoor Parking Lot,None,HABITANT PARK - Outdoor Parking Lot
6801,33772,1003,Playground,None,Playground Site,None,ACACIA PARK - Playground
6802,2160,1004,Drinking Fountain,None,Drinking Fountain Count,None,LOUISE RUSSO PARK - Drinking Water Source
6803,33787,1004,Playground,None,Playground Site,None,LOUISE RUSSO PARK - Playground
6804,34268,1006,Playground,None,Playground Site,None,PRIMULA PARKETTE - Playground
6805,3276,1007,Outdoor Basketball Court,None,Basketball Court,None,FAIRHAVEN PARK - Basketball Court
6806,4479,1007,Outdoor Pool,pool,Outdoor Pool Tank,None,FAIRHAVEN PARK - Outdoor Pool Tank
6807,4481,1007,Wading Pool,None,Wading Pool,None,FAIRHAVEN PARK - Wading Pool
6808,5730,1007,Washroom Facility,None,Washroom Building,None,FAIRHAVEN PARK OUTDOOR POOL BUILDING
6809,34059,1007,Playground,None,Playground Site,None,FAIRHAVEN PARK - Playground
6810,75172,1007,Outdoor Chess Table,None,Outdoor Chess Table,None,FAIRHAVEN PARK - Outdoor Chess Table (  1)
6811,75173,1007,Outdoor Chess Table,None,Outdoor Chess Table,None,FAIRHAVEN PARK - Outdoor Chess Table (  2)
6812,78777,1007,Outdoor Fitness Equipment,None,Outdoor Fitness Equipment,None,FAIRHAVEN PARK - Outdoor Fitness Equipment Area - Outdoor Fitness Equipment (  1)
6813,78778,1007,Outdoor Fitness Equipment,None,Outdoor Fitness Equipment,None,FAIRHAVEN PARK - Outdoor Fitness Equipment Area - Outdoor Fitness Equipment (  2)
6814,78779,1007,Outdoor Fitness Equipment,None,Outdoor Fitness Equipment,None,FAIRHAVEN PARK - Outdoor Fitness Equipment Area - Outdoor Fitness Equipment (  3)
6815,78780,1007,Outdoor Fitness Equipment,None,Outdoor Fitness Equipment,None,FAIRHAVEN PARK - Outdoor Fitness Equipment Area - Outdoor Fitness Equipment (  4)
6816,78781,1007,Outdoor Fitness Equipment,None,Outdoor Fitness Equipment,None,FAIRHAVEN PARK - Outdoor Fitness Equipment Area - Outdoor Fitness Equipment (  5)
6817,78782,1007,Outdoor Fitness Equipment,None,Outdoor Fitness Equipment,None,FAIRHAVEN PARK - Outdoor Fitness Equipment Area - Outdoor Fitness Equipment (  6)
6818,102018,1007,Bottle Filling Station,None,Water Bottle Filling Count,None,FAIRHAVEN PARK - Drinking Water Source
6819,34147,1008,Playground,None,Playground Site,None,WILLOWRIDGE PARK - Playground
6820,34406,1009,Playground,None,Playground Site,None,CHESTNUT HILLS PARK - Playground
6821,102078,1009,Bottle Filling Station,None,Water Bottle Filling Count,None,CHESTNUT HILLS PARK - Drinking Water Source
6822,34036,1010,Playground,None,Playground Site,None,EDEN VALLEY PARK - Playground
6823,34461,1011,Playground,None,Playground Site,None,GREEN MEADOWS PARK - ETOBICOKE YORK - Playground
6824,3112,1012,Pickleball Court,None,None,None,HUMBER VALLEY PARK - Tennis Court Area
6825,3112,1012,Pickleball Court,None,None,None,HUMBER VALLEY PARK - Tennis Court Area
6826,3113,1012,Outdoor Tennis Court,None,Outdoor Tennis Court,None,HUMBER VALLEY PARK - Outdoor Tennis Court (  1)
6827,3114,1012,Outdoor Tennis Court,None,Outdoor Tennis Court,None,HUMBER VALLEY PARK - Outdoor Tennis Court (  2)
6828,3115,1012,Outdoor Tennis Court,None,Outdoor Tennis Court,None,HUMBER VALLEY PARK - Outdoor Tennis Court (  3)
6829,3116,1012,Outdoor Tennis Court,None,Outdoor Tennis Court,None,HUMBER VALLEY PARK - Outdoor Tennis Court (  4)
6830,28891,1012,Washroom Facility,None,Washroom Building,None,HUMBER VALLEY A.I.R. BUILDING
6831,32361,1012,Parking Lot,None,Outdoor Parking Lot,None,HUMBER VALLEY PARK - Outdoor Parking Lot
6832,34503,1012,Playground,None,Playground Site,None,HUMBER VALLEY PARK - Playground
6833,72483,1012,Outdoor Fitness Equipment,None,Outdoor Fitness Equipment,None,HUMBER VALLEY PARK - Outdoor Fitness Equipment Area - Outdoor Fitness Equipment (  1)
6834,72484,1012,Outdoor Fitness Equipment,None,Outdoor Fitness Equipment,None,HUMBER VALLEY PARK - Outdoor Fitness Equipment Area - Outdoor Fitness Equipment (  2)
6835,72485,1012,Outdoor Fitness Equipment,None,Outdoor Fitness Equipment,None,HUMBER VALLEY PARK - Outdoor Fitness Equipment Area - Outdoor Fitness Equipment (  3)
6836,72486,1012,Outdoor Fitness Equipment,None,Outdoor Fitness Equipment,None,HUMBER VALLEY PARK - Outdoor Fitness Equipment Area - Outdoor Fitness Equipment (  4)
6837,72488,1012,Outdoor Fitness Equipment,None,Outdoor Fitness Equipment,None,HUMBER VALLEY PARK - Outdoor Fitness Equipment Area - Outdoor Fitness Equipment (  5)
6838,34279,1014,Playground,None,Playground Site,None,THIRTY EIGHTH STREET PARK - Playground
6839,34368,1016,Playground,None,Playground Site,None,BROOKS ROAD PARK - Playground E
6840,80642,1016,Playground,None,Playground Site,None,BROOKS ROAD PARK - Playground W
6841,34213,1017,Playground,None,Playground Site,None,NATAL PARK - Playground
6842,40483,1017,Bike Trail,None,Bike Trail,None,NATAL PARK TRAIL (  2)
6843,40484,1017,Bike Trail,None,Bike Trail,None,NATAL PARK TRAIL (  3)
6844,40485,1017,Bike Trail,None,Bike Trail,None,NATAL PARK TRAIL (  4)
6845,40486,1017,Bike Trail,None,Bike Trail,None,NATAL PARK TRAIL (  5)
6846,102150,1017,Bottle Filling Station,None,Water Bottle Filling Count,None,NATAL PARK - Drinking Water Source
6847,34252,1018,Playground,None,Playground Site,None,PETER SECOR PARK - Playground
6848,3663,1021,Pickleball Court,None,None,None,SUNNYLEA PARK - Tennis Court Area
6849,3663,1021,Pickleball Court,None,None,None,SUNNYLEA PARK - Tennis Court Area
6850,3664,1021,Outdoor Tennis Court,None,Outdoor Tennis Court,None,SUNNYLEA PARK - Outdoor Tennis Court (  1)
6851,3665,1021,Outdoor Tennis Court,None,Outdoor Tennis Court,None,SUNNYLEA PARK - Outdoor Tennis Court (  2)
6852,5028,1021,Wading Pool,None,Wading Pool,None,SUNNYLEA PARK - Wading Pool
6853,33870,1021,Playground,None,Playground Site,None,SUNNYLEA PARK - Playground
6854,967911,1021,Gazebo,None,Gazebo,None,SUNNYLEA PARK - Shade Structure
6855,23467,1022,Bike Trail,None,Bike Trail,None,MEADOWVALE RD TRAIL
6856,23889,1022,Bike Trail,None,Bike Trail,None,ROUGE VALLEY PARK TRAIL
6857,49541,1022,Parking Lot,None,Outdoor Parking Lot,None,ROUGE PARK - Outdoor Parking Lot (  1)
6858,57384,1022,Pond,None,Open Water,None,ROUGE PARK - Open Water (  1)
6859,57385,1022,Pond,None,Open Water,None,ROUGE PARK - Open Water (  2)
6860,57386,1022,Pond,None,Open Water,None,ROUGE PARK - Open Water (  3)
6861,850082,1022,Parking Lot,None,Outdoor Parking Lot,None,ROUGE PARK - Outdoor Parking Lot (  2)
6862,2483,1023,Drinking Fountain,None,Drinking Fountain Count,None,BAMBURGH PARK - Drinking Water Source
6863,18004,1023,Sport Field,sport,Soccer Field - C,C,BAMBURGH PARK - Soccer Field (  1)
6864,18005,1023,Sport Field,sport,Soccer Field - C,C,BAMBURGH PARK - Soccer Field (  2)
6865,23107,1023,Bike Trail,None,Bike Trail,None,L'AMOREAUX STEELES RECREATION TRAIL
6866,33972,1023,Playground,None,Playground Site,None,BAMBURGH PARK - Playground
6867,3508,1025,Pickleball Court,None,None,None,BENNINGTON HEIGHTS PARK - Tennis Court Area
6868,3509,1025,Outdoor Tennis Court,None,Outdoor Tennis Court,None,BENNINGTON HEIGHTS PARK - Outdoor Tennis Court (  1)
6869,3510,1025,Outdoor Tennis Court,None,Outdoor Tennis Court,None,BENNINGTON HEIGHTS PARK - Outdoor Tennis Court (  2)
6870,17680,1025,Ball Diamond,sport,Baseball Diamond Field - C,C,BENNINGTON HEIGHTS PARK - Ball Diamond Field
6871,29774,1025,Kitchen,room,Kitchen,None,BENNINGTON HEIGHTS PARK CLUBHOUSE - Kitchen
6872,33880,1025,Playground,None,Playground Site,None,BENNINGTON HEIGHTS PARK - Playground
6873,968115,1025,Bottle Filling Station,None,Water Bottle Filling Count,None,BENNINGTON HEIGHTS PARK - Drinking Water Source
6874,33927,1026,Playground,None,Playground Site,None,SHEPPARD EAST PARK - Playground
6875,77319,1026,Outdoor Table Tennis,None,Outdoor Table Tennis,None,SHEPPARD EAST PARK - Outdoor Table Tennis
6876,102040,1026,Bottle Filling Station,None,Water Bottle Filling Count,None,SHEPPARD EAST PARK - Drinking Water Source
6877,23026,1027,Bike Trail,None,Bike Trail,None,HUMBER RIVER RECREATIONAL TRAIL ( 47)
6878,17727,1028,Sport Field,sport,Soccer Field - C,C,DANFORTH GARDENS PARK - Soccer Field
6879,33941,1028,Playground,None,Playground Site,None,DANFORTH GARDENS PARK - Playground
6880,3009,1029,Outdoor Tennis Court,None,Outdoor Tennis Court,None,LABURNHAM PARK - Outdoor Tennis Court
6881,3010,1029,Pickleball Court,None,None,None,LABURNHAM PARK - Pickleball Court
6882,3010,1029,Pickleball Court,None,None,None,LABURNHAM PARK - Pickleball Court
6883,3010,1029,Outdoor Tennis Court,None,Outdoor Tennis Court,None,LABURNHAM PARK - Pickleball Court
6884,34105,1029,Playground,None,Playground Site,None,LABURNHAM PARK - Playground E
6885,42725,1029,Playground,None,Playground Site,None,LABURNHAM PARK - Playground W
6886,33845,1030,Playground,None,Playground Site,None,SMITHWOOD PARK - Playground
6887,2783,1032,Community Garden,None,Community Garden,None,BELL MANOR PARK COMMUNITY GARDEN
6888,33983,1032,Playground,None,Playground Site,None,BELL MANOR PARK - Playground
6889,849785,1032,Dog Fountain,None,Dog Fountain Count,None,BELL MANOR PARK - Drinking Water Source
6890,849785,1032,Bottle Filling Station,None,Water Bottle Filling Count,None,BELL MANOR PARK - Drinking Water Source
6891,849862,1032,Splash Pad,None,Splash/Spray Pad,None,BELL MANOR PARK - Splash/Spray Pad
6892,4030,1034,Splash Pad,None,Splash/Spray Pad,None,MICHAEL POWER PARK - Splash/Spray Pad
6893,5422,1034,Picnic Shelter,picnic,Shelter,None,MICHAEL POWER PARK - Shade Structure
6894,34541,1034,Playground,None,Playground Site,None,MICHAEL POWER PARK - Playground
6895,34462,1035,Playground,None,Playground Site,None,GREENBELT PARK - Playground
6896,34250,1036,Playground,None,Playground Site,None,PEMBERTON PARKETTE - Playground
6897,17973,1037,Ball Diamond,sport,Baseball Diamond Field - C,C,WARDEN PARK - Ball Diamond Field
6898,132479,1037,Outdoor Fitness Equipment,None,Outdoor Fitness Equipment,None,WARDEN PARK - Outdoor Fitness Equipment (  1)
6899,132480,1037,Outdoor Fitness Equipment,None,Outdoor Fitness Equipment,None,WARDEN PARK - Outdoor Fitness Equipment (  2)
6900,132481,1037,Outdoor Fitness Equipment,None,Outdoor Fitness Equipment,None,WARDEN PARK - Outdoor Fitness Equipment (  3)
6901,132482,1037,Outdoor Fitness Equipment,None,Outdoor Fitness Equipment,None,WARDEN PARK - Outdoor Fitness Equipment (  4)
6902,132483,1037,Outdoor Fitness Equipment,None,Outdoor Fitness Equipment,None,WARDEN PARK - Outdoor Fitness Equipment (  5)
6903,74762,1038,Drinking Fountain,None,Drinking Fountain Count,None,LAVERY TRAIL PARK - Drinking Water Source
6904,4533,1039,Splash Pad,None,Splash/Spray Pad,None,EASTVIEW PARK - Splash/Spray Pad
6905,33986,1039,Playground,None,Playground Site,None,EASTVIEW PARK - Playground
6906,34391,1040,Playground,None,Playground Site,None,CENTENNIAL PARK - SCARBOROUGH - Playground
6907,22348,1041,Bike Trail,None,Bike Trail,None,EAST DON RIVER TRAIL ( 61)
6908,22349,1041,Bike Trail,None,Bike Trail,None,EAST DON RIVER TRAIL ( 62)
6909,22350,1041,Bike Trail,None,Bike Trail,None,EAST DON RIVER TRAIL ( 63)
6910,22351,1041,Bike Trail,None,Bike Trail,None,EAST DON RIVER TRAIL ( 64)
6911,22352,1041,Bike Trail,None,Bike Trail,None,EAST DON RIVER TRAIL ( 65)
6912,22353,1041,Bike Trail,None,Bike Trail,None,EAST DON RIVER TRAIL ( 66)
6913,22354,1041,Bike Trail,None,Bike Trail,None,EAST DON RIVER TRAIL ( 67)
6914,33879,1043,Playground,None,Playground Site,None,BENNER PARK - Playground
6915,2125,1044,Drinking Fountain,None,Drinking Fountain Count,None,ALAMOSA PARK - Drinking Water Source
6916,2875,1044,Outdoor Tennis Court,None,Outdoor Tennis Court,None,ALAMOSA PARK - Outdoor Tennis Court (  1)
6917,2876,1044,Outdoor Tennis Court,None,Outdoor Tennis Court,None,ALAMOSA PARK - Outdoor Tennis Court (  2)
6918,2877,1044,Outdoor Tennis Court,None,Outdoor Tennis Court,None,ALAMOSA PARK - Outdoor Tennis Court (  3)
6919,46045,1044,Playground,None,Playground Site,None,ALAMOSA PARK - Playground
6920,29771,1045,Kitchen,room,Kitchen,None,BARBARA FRUM RECREATION CENTRE - Kitchen
6921,48120,1045,Meeting Room,None,None,None,BARBARA FRUM RECREATION CENTRE - Meeting Room (  1)
6922,48121,1045,Meeting Room,None,None,None,BARBARA FRUM RECREATION CENTRE - Meeting Room (  2)
6923,48122,1045,Multipurpose Room,room,Room - A,A,BARBARA FRUM RECREATION CENTRE - Multipurpose Room
6924,2475,1046,Drinking Fountain,None,Drinking Fountain Count,None,BEN NOBLEMAN PARK - Drinking Water Source
6925,28555,1046,Community Garden,None,Community Garden,None,BEN NOBLEMAN PARK COMMUNITY ORCHARD
6926,33878,1046,Playground,None,Playground Site,None,BEN NOBLEMAN PARK - Playground
6927,17690,1049,Sport Field,sport,Soccer Field - C,C,BRIDLETOWNE PARK - Soccer Field
6928,24232,1049,Bike Trail,None,Bike Trail,None,WEST HIGHLAND CREEK TRAIL ( 30)
6929,24233,1049,Bike Trail,None,Bike Trail,None,WEST HIGHLAND CREEK TRAIL ( 31)
6930,24234,1049,Bike Trail,None,Bike Trail,None,WEST HIGHLAND CREEK TRAIL ( 32)
6931,34359,1049,Playground,None,Playground Site,None,BRIDLETOWNE PARK - Playground
6932,18016,1051,Sport Field,sport,Soccer Field - C,C,BYNG PARK - Soccer Field (  1)
6933,18017,1051,Sport Field,sport,Soccer Field - C,C,BYNG PARK - Soccer Field (  2)
6934,32231,1051,Parking Lot,None,Outdoor Parking Lot,None,BYNG PARK - Outdoor Parking Lot
6935,34374,1051,Playground,None,Playground Site,None,BYNG PARK - Playground S
6936,101993,1051,Playground,None,Playground Site,None,BYNG PARK - Playground N
6937,102145,1051,Bottle Filling Station,None,Water Bottle Filling Count,None,BYNG PARK - Drinking Water Source
6938,2445,1053,Drinking Fountain,None,Drinking Fountain Count,None,CAMPBELL AVENUE PARK - Drinking Water Source
6939,3463,1053,Outdoor Basketball Court,None,Basketball Court,None,CAMPBELL AVENUE PARK - Basketball Court
6940,4764,1053,Wading Pool,None,Wading Pool,None,CAMPBELL AVENUE PARK - Wading Pool
6941,14267,1053,Pickleball Court,None,None,None,CAMPBELL AVENUE PARK - Outdoor Artificial Ice Rink
6942,14267,1053,Pickleball Court,None,None,None,CAMPBELL AVENUE PARK - Outdoor Artificial Ice Rink
6943,14267,1053,Pickleball Court,None,None,None,CAMPBELL AVENUE PARK - Outdoor Artificial Ice Rink
6944,14267,1053,Pickleball Court,None,None,None,CAMPBELL AVENUE PARK - Outdoor Artificial Ice Rink
6945,14267,1053,Pickleball Court,None,None,None,CAMPBELL AVENUE PARK - Outdoor Artificial Ice Rink
6946,18134,1053,Sport Field,sport,Soccer Field - C,C,CAMPBELL AVENUE PARK - Soccer Field (  1)
6947,18135,1053,Sport Field,sport,Soccer Field - C,C,CAMPBELL AVENUE PARK - Soccer Field (  2)
6948,18136,1053,Sport Field,sport,Soccer Field - C,C,CAMPBELL AVENUE PARK - Soccer Field (  3)
6949,28885,1053,Washroom Facility,None,Washroom Building,None,CAMPBELL AVENUE PARK A.I.R. BUILDING
6950,28885,1053,Change Room Facility,None,Changeroom Building,None,CAMPBELL AVENUE PARK A.I.R. BUILDING
6951,34375,1053,Playground,None,Playground Site,None,CAMPBELL AVENUE PARK - Playground
6952,43577,1053,Outdoor Rink,ice,Outdoor Ice Pad,None,CAMPBELL AVENUE PARK - Outdoor Ice Pad
6953,10469,1056,Indoor Pool,pool,Indoor Pool Tank - A,A,DENNIS R. TIMBRELL RESOURCE CENTRE - Indoor Pool Tank
6954,29796,1056,Kitchen,room,Kitchen,None,DENNIS R. TIMBRELL RESOURCE CENTRE - Kitchen (  3)
6955,29797,1056,Kitchen,room,Kitchen,None,DENNIS R. TIMBRELL RESOURCE CENTRE - Kitchen (  2)
6956,29798,1056,Kitchen,room,Kitchen - B,B,DENNIS R. TIMBRELL RESOURCE CENTRE - Kitchen (  1)
6957,40832,1056,Weight/Cardio Room,None,Room-Fitness/Weight,None,DENNIS R. TIMBRELL RESOURCE CENTRE - Fitness Room
6958,40833,1056,Weight/Cardio Room,None,Room-Fitness/Weight,None,DENNIS R. TIMBRELL RESOURCE CENTRE - Weight Room
6959,41303,1056,Gymnasium,gym,Gymnasium - B,B,DENNIS R. TIMBRELL RESOURCE CENTRE - Gymnasium
6960,47958,1056,Lounge,room,Room - C,C,DENNIS R. TIMBRELL RESOURCE CENTRE - Lounge
6961,47959,1056,Multipurpose Room,room,Room - C,C,DENNIS R. TIMBRELL RESOURCE CENTRE - Multipurpose Room (  1)
6962,47960,1056,Multipurpose Room,room,Room - C,C,DENNIS R. TIMBRELL RESOURCE CENTRE - Multipurpose Room (  2)
6963,47961,1056,Multipurpose Room,room,Room - C,C,DENNIS R. TIMBRELL RESOURCE CENTRE - Multipurpose Room (  3)
6964,47962,1056,Preschool,room,Preschool - C,C,DENNIS R. TIMBRELL RESOURCE CENTRE - Preschool
6965,48183,1056,Computer/Training Room,room,Room-Computer/Training - C,C,DENNIS R. TIMBRELL RESOURCE CENTRE - Computer-Training
6966,48184,1056,Multipurpose Room,room,Room - C,C,DENNIS R. TIMBRELL RESOURCE CENTRE - Multipurpose Room (  4)
6967,849433,1056,Recording Studio,None,Room,None,DENNIS R. TIMBRELL RESOURCE CENTRE - Recording Studio
6968,2364,1057,Drinking Fountain,None,Drinking Fountain Count,None,DENTONIA PARK - Drinking Water Source (  1)
6969,2364,1057,Dog Fountain,None,Dog Fountain Count,None,DENTONIA PARK - Drinking Water Source (  1)
6970,3357,1057,Outdoor Basketball Court,None,Basketball Court,None,DENTONIA PARK - Basketball Court
6971,4608,1057,Splash Pad,None,Splash/Spray Pad,None,DENTONIA PARK - Splash/Spray Pad
6972,17732,1057,Ball Diamond,sport,Baseball Diamond Field - A,A,DENTONIA PARK - Ball Diamond Field
6973,17733,1057,Cricket Pitch Field,sport,Cricket Pitch Field - C,C,DENTONIA PARK - Cricket Pitch Field
6974,29356,1057,Clubhouse,None,Clubhouse,None,DENTONIA DROP IN CENTRE
6975,29356,1057,Washroom Facility,None,Washroom Building,None,DENTONIA DROP IN CENTRE
6976,33999,1057,Playground,None,Playground Site,None,DENTONIA PARK - Playground
6977,42593,1057,Outdoor Chess Table,None,Outdoor Chess Table,None,DENTONIA PARK - Outdoor Chess Table (  2)
6978,42594,1057,Outdoor Chess Table,None,Outdoor Chess Table,None,DENTONIA PARK - Outdoor Chess Table (  1)
6979,49586,1057,Picnic Site,picnic,Picnic Site,None,DENTONIA PARK - Picnic Site
6980,58231,1057,Outdoor Table Tennis,None,Outdoor Table Tennis,None,DENTONIA PARK - Outdoor Table Tennis
6981,96812,1057,Outdoor Oven,None,Outdoor Oven,None,DENTONIA PARK - Bake Oven
6982,102019,1057,Bottle Filling Station,None,Water Bottle Filling Count,None,DENTONIA PARK - Drinking Water Source (  2)
6983,2823,1058,Dogs Off-Leash Area,None,Off Leash Area,None,DON RUSSELL MEMORIAL PARK - Off Leash Area
6984,4599,1058,Wading Pool,None,Wading Pool,None,DON RUSSELL MEMORIAL PARK - Wading Pool
6985,17737,1058,Ball Diamond,sport,Baseball Diamond Field - C,C,DON RUSSELL MEMORIAL PARK - Ball Diamond Field
6986,17739,1058,Outdoor track,None,Outdoor Track,None,DON RUSSELL MEMORIAL PARK - Outdoor Track
6987,32261,1058,Parking Lot,None,Outdoor Parking Lot,None,DON RUSSELL MEMORIAL PARK - Outdoor Parking Lot
6988,34003,1058,Playground,None,Playground Site,None,DON RUSSELL MEMORIAL PARK - Playground N
6989,968787,1058,Playground,None,Playground Site,None,DON RUSSELL MEMORIAL PARK - Playground S
6990,28553,1059,Community Garden,None,Community Garden,None,YOUTH GARDEN
6991,2350,1061,Drinking Fountain,None,Drinking Fountain Count,None,E.T. SETON PARK - Drinking Water Source
6992,23197,1061,Bike Trail,None,Bike Trail,None,LOWER DON RIVER TRAIL (  1)
6993,23208,1061,Bike Trail,None,Bike Trail,None,LOWER DON RIVER TRAIL (  2)
6994,23925,1061,Bike Trail,None,Bike Trail,None,TAYLOR CREEK TRAIL (  1)
6995,23936,1061,Bike Trail,None,Bike Trail,None,TAYLOR CREEK TRAIL (  2)
6996,24083,1061,Bike Trail,None,Bike Trail,None,WEST DON RIVER TRAIL (  1)
6997,24084,1061,Bike Trail,None,Bike Trail,None,WEST DON RIVER TRAIL ( 10)
6998,24085,1061,Bike Trail,None,Bike Trail,None,WEST DON RIVER TRAIL ( 11)
6999,24086,1061,Bike Trail,None,Bike Trail,None,WEST DON RIVER TRAIL ( 12)
7000,24087,1061,Bike Trail,None,Bike Trail,None,WEST DON RIVER TRAIL ( 13)
7001,24088,1061,Bike Trail,None,Bike Trail,None,WEST DON RIVER TRAIL ( 14)
7002,24089,1061,Bike Trail,None,Bike Trail,None,WEST DON RIVER TRAIL ( 15)
7003,24090,1061,Bike Trail,None,Bike Trail,None,WEST DON RIVER TRAIL ( 16)
7004,24092,1061,Bike Trail,None,Bike Trail,None,WEST DON RIVER TRAIL ( 18)
7005,24093,1061,Bike Trail,None,Bike Trail,None,WEST DON RIVER TRAIL ( 19)
7006,24094,1061,Bike Trail,None,Bike Trail,None,WEST DON RIVER TRAIL (  2)
7007,24095,1061,Bike Trail,None,Bike Trail,None,WEST DON RIVER TRAIL ( 20)
7008,24096,1061,Bike Trail,None,Bike Trail,None,WEST DON RIVER TRAIL ( 21)
7009,24097,1061,Bike Trail,None,Bike Trail,None,WEST DON RIVER TRAIL ( 22)
7010,24098,1061,Bike Trail,None,Bike Trail,None,WEST DON RIVER TRAIL ( 23)
7011,24099,1061,Bike Trail,None,Bike Trail,None,WEST DON RIVER TRAIL ( 24)
7012,24100,1061,Bike Trail,None,Bike Trail,None,WEST DON RIVER TRAIL ( 25)
7013,24101,1061,Bike Trail,None,Bike Trail,None,WEST DON RIVER TRAIL ( 26)
7014,24102,1061,Bike Trail,None,Bike Trail,None,WEST DON RIVER TRAIL ( 27)
7015,24103,1061,Bike Trail,None,Bike Trail,None,WEST DON RIVER TRAIL ( 28)
7016,24104,1061,Bike Trail,None,Bike Trail,None,WEST DON RIVER TRAIL ( 29)
7017,24105,1061,Bike Trail,None,Bike Trail,None,WEST DON RIVER TRAIL (  3)
7018,24106,1061,Bike Trail,None,Bike Trail,None,WEST DON RIVER TRAIL ( 30)
7019,24107,1061,Bike Trail,None,Bike Trail,None,WEST DON RIVER TRAIL ( 31)
7020,24108,1061,Bike Trail,None,Bike Trail,None,WEST DON RIVER TRAIL ( 32)
7021,24116,1061,Bike Trail,None,Bike Trail,None,WEST DON RIVER TRAIL (  4)
7022,24127,1061,Bike Trail,None,Bike Trail,None,WEST DON RIVER TRAIL (  5)
7023,24138,1061,Bike Trail,None,Bike Trail,None,WEST DON RIVER TRAIL (  6)
7024,24143,1061,Bike Trail,None,Bike Trail,None,WEST DON RIVER TRAIL (  7)
7025,24144,1061,Bike Trail,None,Bike Trail,None,WEST DON RIVER TRAIL (  8)
7026,24145,1061,Bike Trail,None,Bike Trail,None,WEST DON RIVER TRAIL (  9)
7027,28295,1061,Picnic Site,picnic,Picnic Site,None,E.T. SETON PARK - Picnic Site (  3)
7028,32270,1061,Parking Lot,None,Outdoor Parking Lot,None,E.T. SETON PARK - Outdoor Parking Lot (  1)
7029,32272,1061,Parking Lot,None,Outdoor Parking Lot,None,E.T. SETON PARK - Outdoor Parking Lot (  2)
7030,32273,1061,Parking Lot,None,Outdoor Parking Lot,None,E.T. SETON PARK - Outdoor Parking Lot (  3)
7031,32274,1061,Parking Lot,None,Outdoor Parking Lot,None,E.T. SETON PARK - Outdoor Parking Lot (  4)
7032,32275,1061,Parking Lot,None,Outdoor Parking Lot,None,E.T. SETON PARK - Outdoor Parking Lot (  5)
7033,36742,1061,Disc Golf Course,None,Disc Golf,None,E.T. SETON PARK - Disc Golf
7034,46482,1061,Picnic Shelter,picnic,Shelter,None,E.T. SETON PARK - Shade Structure (  1)
7035,49562,1061,Picnic Site,picnic,Picnic Site,None,E.T. SETON PARK - Picnic Site (  1)
7036,49563,1061,Picnic Site,picnic,Picnic Site,None,E.T. SETON PARK - Picnic Site (  2)
7037,49564,1061,Picnic Site,picnic,Picnic Site,None,E.T. SETON PARK - Picnic Site (  4)
7038,57325,1061,Pond,None,Open Water,None,E.T. SETON PARK - Open Water (  1)
7039,57326,1061,Pond,None,Open Water,None,E.T. SETON PARK - Open Water (  2)
7040,57327,1061,Pond,None,Open Water,None,E.T. SETON PARK - Open Water (  3)
7041,57328,1061,Pond,None,Open Water,None,E.T. SETON PARK - Open Water (  4)
7042,57329,1061,Pond,None,Open Water,None,E.T. SETON PARK - Open Water (  5)
7043,57330,1061,Pond,None,Open Water,None,E.T. SETON PARK - Open Water (  6)
7044,101485,1061,Outdoor Basketball Court,None,Basketball Court,None,E.T. SETON PARK - Basketball Court (  1)
7045,101486,1061,Outdoor Basketball Court,None,Basketball Court,None,E.T. SETON PARK - Basketball Court (  2)
7046,101487,1061,Outdoor Basketball Court,None,Basketball Court,None,E.T. SETON PARK - Basketball Court (  3)
7047,101488,1061,Outdoor Basketball Court,None,Basketball Court,None,E.T. SETON PARK - Basketball Court (  4)
7048,29828,1063,Kitchen,room,Kitchen - C,C,FALSTAFF COMMUNITY RECREATION CENTRE - Kitchen
7049,40843,1063,Weight/Cardio Room,None,Room-Fitness/Weight,None,FALSTAFF COMMUNITY RECREATION CENTRE - Weight Room
7050,41331,1063,Gymnasium,gym,Gymnasium - B,B,FALSTAFF COMMUNITY RECREATION CENTRE - Gymnasium
7051,49004,1063,Multipurpose Room,room,Room - C,C,FALSTAFF COMMUNITY RECREATION CENTRE - Multipurpose Room (  1)
7052,49006,1063,Meeting Room,None,None,None,FALSTAFF COMMUNITY RECREATION CENTRE - Meeting Room
7053,49007,1063,Enhanced Youth Space,None,Room - C,C,FALSTAFF COMMUNITY RECREATION CENTRE - Enhanced Youth Space
7054,49008,1063,Craft Room,room,Room-Craft - C,C,FALSTAFF COMMUNITY RECREATION CENTRE - Craft Room
7055,849442,1063,Recording Studio,None,Room,None,FALSTAFF COMMUNITY RECREATION CENTRE - Recording Studio
7056,41332,1064,Gymnasium,gym,Gymnasium,None,FOREST VALLEY OUTDOOR EDUCATION CENTRE - Gymnasium
7057,45542,1065,Dogs Off-Leash Area,None,Off Leash Area,None,FRANK FAUBERT WOOD LOT (Hand of God Park) - Off Leash Area
7058,2300,1069,Drinking Fountain,None,Drinking Fountain Count,None,GLEN CEDAR PARK - Drinking Water Source
7059,34441,1069,Playground,None,Playground Site,None,GLEN CEDAR PARK - Playground
7060,34459,1071,Playground,None,Playground Site,None,GRATTAN PARK - Playground
7061,2236,1073,Drinking Fountain,None,Drinking Fountain Count,None,HUMBER BAY PARK EAST - Drinking Water Source (  1)
7062,2237,1073,Drinking Fountain,None,Drinking Fountain Count,None,HUMBER BAY PARK EAST - Drinking Water Source (  2)
7063,4277,1073,Picnic Site,picnic,Picnic Site,None,HUMBER BAY PARK EAST - Picnic Site
7064,22827,1073,Bike Trail,None,Bike Trail,None,HUMBER BAY PARK EAST TRAIL ( 10)
7065,22829,1073,Bike Trail,None,Bike Trail,None,HUMBER BAY PARK EAST TRAIL ( 12)
7066,22831,1073,Bike Trail,None,Bike Trail,None,HUMBER BAY PARK EAST TRAIL ( 14)
7067,22832,1073,Bike Trail,None,Bike Trail,None,HUMBER BAY PARK EAST TRAIL ( 15)
7068,22833,1073,Bike Trail,None,Bike Trail,None,HUMBER BAY PARK EAST TRAIL ( 16)
7069,22839,1073,Bike Trail,None,Bike Trail,None,HUMBER BAY PARK EAST TRAIL (  4)
7070,22841,1073,Bike Trail,None,Bike Trail,None,HUMBER BAY PARK EAST TRAIL (  6)
7071,22842,1073,Bike Trail,None,Bike Trail,None,HUMBER BAY PARK EAST TRAIL (  7)
7072,22843,1073,Bike Trail,None,Bike Trail,None,HUMBER BAY PARK EAST TRAIL (  8)
7073,22844,1073,Bike Trail,None,Bike Trail,None,HUMBER BAY PARK EAST TRAIL (  9)
7074,29533,1073,Fieldhouse,None,Fieldhouse,None,HUMBER BAY PARK EAST - Fieldhouse
7075,32355,1073,Parking Lot,None,Outdoor Parking Lot,None,HUMBER BAY PARK EAST - Outdoor Parking Lot
7076,57351,1073,Pond,None,Open Water,None,HUMBER BAY PARK EAST - Open Water (  1)
7077,57352,1073,Pond,None,Open Water,None,HUMBER BAY PARK EAST - Open Water (  2)
7078,2812,1074,Dogs Off-Leash Area,None,Off Leash Area,None,HUMBER BAY PARK WEST - Off Leash Area
7079,22846,1074,Bike Trail,None,Bike Trail,None,HUMBER BAY PARK WEST TRAIL (  4)
7080,22847,1074,Bike Trail,None,Bike Trail,None,HUMBER BAY PARK WEST TRAIL (  3)
7081,32356,1074,Parking Lot,None,Outdoor Parking Lot,None,HUMBER BAY PARK WEST - Outdoor Parking Lot (  1)
7082,32357,1074,Parking Lot,None,Outdoor Parking Lot,None,HUMBER BAY PARK WEST - Outdoor Parking Lot (  2)
7083,32358,1074,Parking Lot,None,Outdoor Parking Lot,None,HUMBER BAY PARK WEST - Outdoor Parking Lot (  3)
7084,32359,1074,Parking Lot,None,Outdoor Parking Lot,None,HUMBER BAY PARK WEST - Outdoor Parking Lot (  4)
7085,32360,1074,Parking Lot,None,Outdoor Parking Lot,None,HUMBER BAY PARK WEST - Outdoor Parking Lot (  5)
7086,36442,1074,Washroom Facility,None,Washroom Building,None,HUMBER BAY PARK WEST - Washroom and Storage Building
7087,40449,1074,Bike Trail,None,Bike Trail,None,HUMBER BAY PARK WEST TRAIL ( 21)
7088,40450,1074,Bike Trail,None,Bike Trail,None,HUMBER BAY PARK WEST TRAIL (  5)
7089,40462,1074,Bike Trail,None,Bike Trail,None,HUMBER BAY PARK WEST TRAIL (  2)
7090,40465,1074,Bike Trail,None,Bike Trail,None,HUMBER BAY PARK WEST TRAIL ( 23)
7091,102238,1074,Drinking Fountain,None,Drinking Fountain Count,None,HUMBER BAY PARK WEST - Drinking Water Source
7092,849999,1074,Parking Lot,None,Outdoor Parking Lot,None,HUMBER BAY PARK WEST - Outdoor Parking Lot (  6)
7093,850001,1074,Parking Lot,None,Outdoor Parking Lot,None,HUMBER BAY PARK WEST - Outdoor Parking Lot (  7)
7094,850088,1074,Parking Lot,None,Outdoor Parking Lot,None,HUMBER BAY PARK WEST - Outdoor Parking Lot (  8)
7095,850089,1074,Parking Lot,None,Outdoor Parking Lot,None,HUMBER BAY PARK WEST - Outdoor Parking Lot (  9)
7096,29855,1076,Kitchen,room,Kitchen - B,B,JENNER JEAN-MARIE COMMUNITY RECREATION CENTRE - Kitchen
7097,40847,1076,Weight/Cardio Room,None,Room-Fitness/Weight,None,JENNER JEAN-MARIE COMMUNITY RECREATION CENTRE - Weight Room
7098,41374,1076,Gymnasium,gym,Gymnasium - B,B,JENNER JEAN-MARIE COMMUNITY RECREATION CENTRE - Gymnasium
7099,48311,1076,Day Care,room,None,None,JENNER JEAN-MARIE COMMUNITY RECREATION CENTRE - Day-Care
7100,48313,1076,Lounge,room,Room - C,C,JENNER JEAN-MARIE COMMUNITY RECREATION CENTRE - Lounge
7101,48317,1076,Multipurpose Room,room,Room - C,C,JENNER JEAN-MARIE COMMUNITY RECREATION CENTRE - Multipurpose Room (  1)
7102,48318,1076,Multipurpose Room,room,Room - C,C,JENNER JEAN-MARIE COMMUNITY RECREATION CENTRE - Multipurpose Room (  2)
7103,48319,1076,Multipurpose Room,room,Room - C,C,JENNER JEAN-MARIE COMMUNITY RECREATION CENTRE - Multipurpose Room (  3)
7104,17823,1077,Ball Diamond,sport,Baseball Diamond Field - C,C,KEMPTON HOWARD PARK - Ball Diamond Field
7105,34088,1077,Playground,None,Playground Site,None,KEMPTON HOWARD PARK - Playground
7106,74722,1077,Outdoor Table Tennis,None,Outdoor Table Tennis,None,KEMPTON HOWARD PARK - Outdoor Table Tennis
7107,96585,1077,Splash Pad,None,Splash/Spray Pad,None,KEMPTON HOWARD PARK - Splash/Spray Pad
7108,96586,1077,Wading Pool,None,Wading Pool,None,KEMPTON HOWARD PARK - Wading Pool
7109,102236,1077,Drinking Fountain,None,Drinking Fountain Count,None,KEMPTON HOWARD PARK - Drinking Water Source
7110,41386,1078,Gymnasium,gym,Gymnasium - B,B,KEN COX COMMUNITY CENTRE - Gymnasium
7111,48332,1078,Fitness/Dance Studio,None,Room,None,KEN COX COMMUNITY CENTRE - Fitness/Dance Studio
7112,48333,1078,Multipurpose Room,room,Room - C,C,KEN COX COMMUNITY CENTRE - Multipurpose Room (  1)
7113,48334,1078,Multipurpose Room,room,Room - A,A,KEN COX COMMUNITY CENTRE - Multipurpose Room (  2)
7114,48335,1078,Multipurpose Room,room,Room - C,C,KEN COX COMMUNITY CENTRE - Multipurpose Room (  3)
7115,48336,1078,Multipurpose Room,room,Room - C,C,KEN COX COMMUNITY CENTRE - Multipurpose Room (  4)
7116,48337,1078,Multipurpose Room,room,Room - C,C,KEN COX COMMUNITY CENTRE - Multipurpose Room (  5)
7117,48338,1078,Multipurpose Room,room,Room - C,C,KEN COX COMMUNITY CENTRE - Multipurpose Room (  6)
7118,48339,1078,Multipurpose Room,room,Room - A,A,KEN COX COMMUNITY CENTRE - Multipurpose Room (  7)
7119,48340,1078,Multipurpose Room,room,Room - Premier,P,KEN COX COMMUNITY CENTRE - Multipurpose Room (  8)
7120,2342,1079,Drinking Fountain,None,Drinking Fountain Count,None,EAST POINT PARK - Drinking Water Source (  1)
7121,13473,1079,Fieldhouse,None,Fieldhouse,None,EAST POINT PARK KEN MORRISH SOFTBALL COMPLEX
7122,18204,1079,Ball Diamond,sport,Baseball Diamond Field - Premier,P,EAST POINT PARK - Ball Diamond Field (  1)
7123,18205,1079,Ball Diamond,sport,Baseball Diamond Field - Premier,P,EAST POINT PARK - Ball Diamond Field (  2)
7124,18206,1079,Ball Diamond,sport,Baseball Diamond Field - Premier,P,EAST POINT PARK - Ball Diamond Field (  3)
7125,18207,1079,Ball Diamond,sport,Baseball Diamond Field - Premier,P,EAST POINT PARK - Ball Diamond Field (  4)
7126,22422,1079,Bike Trail,None,Bike Trail,None,EAST POINT PARK TRAIL (  2)
7127,22423,1079,Bike Trail,None,Bike Trail,None,EAST POINT PARK TRAIL (  3)
7128,22424,1079,Bike Trail,None,Bike Trail,None,EAST POINT PARK TRAIL (  4)
7129,29392,1079,Washroom Facility,None,Washroom Building,None,EAST POINT PARK - Washroom Building
7130,32286,1079,Parking Lot,None,Outdoor Parking Lot,None,EAST POINT PARK - Outdoor Parking Lot (  1)
7131,32287,1079,Parking Lot,None,Outdoor Parking Lot,None,EAST POINT PARK - Outdoor Parking Lot (  2)
7132,57332,1079,Pond,None,Open Water,None,EAST POINT PARK - Open Water
7133,102228,1079,Drinking Fountain,None,Drinking Fountain Count,None,EAST POINT PARK - Drinking Water Source (  3)
7134,2809,1080,Dogs Off-Leash Area,None,Off Leash Area,None,KING'S MILL PARK - Off Leash Area
7135,23013,1080,Bike Trail,None,Bike Trail,None,HUMBER RIVER RECREATIONAL TRAIL ( 35)
7136,23014,1080,Bike Trail,None,Bike Trail,None,HUMBER RIVER RECREATIONAL TRAIL ( 36)
7137,23015,1080,Bike Trail,None,Bike Trail,None,HUMBER RIVER RECREATIONAL TRAIL ( 37)
7138,23016,1080,Bike Trail,None,Bike Trail,None,HUMBER RIVER RECREATIONAL TRAIL ( 38)
7139,23017,1080,Bike Trail,None,Bike Trail,None,HUMBER RIVER RECREATIONAL TRAIL ( 39)
7140,23019,1080,Bike Trail,None,Bike Trail,None,HUMBER RIVER RECREATIONAL TRAIL ( 40)
7141,23020,1080,Bike Trail,None,Bike Trail,None,HUMBER RIVER RECREATIONAL TRAIL ( 41)
7142,32370,1080,Parking Lot,None,Outdoor Parking Lot,None,KING'S MILL PARK - Outdoor Parking Lot (  1)
7143,32371,1080,Parking Lot,None,Outdoor Parking Lot,None,KING'S MILL PARK - Outdoor Parking Lot (  2)
7144,32372,1080,Parking Lot,None,Outdoor Parking Lot,None,KING'S MILL PARK - Outdoor Parking Lot (  3)
7145,57362,1080,Pond,None,Open Water,None,KING'S MILL PARK - Open Water (  1)
7146,57363,1080,Pond,None,Open Water,None,KING'S MILL PARK - Open Water (  2)
7147,57364,1080,Pond,None,Open Water,None,KING'S MILL PARK - Open Water (  3)
7148,57365,1080,Pond,None,Open Water,None,KING'S MILL PARK - Open Water (  4)
7149,29791,1081,Kitchen,room,Kitchen,None,MIMICO-CORONATION CLUB HOUSE - Kitchen
7150,48341,1081,Multipurpose Room,room,Room - C,C,MIMICO-CORONATION CLUB HOUSE - Multipurpose Room
7151,625,1083,Allotment Garden,None,Allotment Garden,None,LESLIE STREET ALLOTMENTS
7152,2176,1084,Drinking Fountain,None,Drinking Fountain Count,None,LIBERTY VILLAGE PARK - Drinking Water Source
7153,2176,1084,Dog Fountain,None,Dog Fountain Count,None,LIBERTY VILLAGE PARK - Drinking Water Source
7154,34124,1084,Playground,None,Playground Site,None,LIBERTY VILLAGE PARK - Playground W
7155,103317,1084,Splash Pad,None,Splash/Spray Pad,None,LIBERTY VILLAGE PARK - Splash/Spray Pad
7156,849675,1084,Playground,None,Playground Site,None,LIBERTY VILLAGE PARK - Playground E
7157,23024,1085,Bike Trail,None,Bike Trail,None,HUMBER RIVER RECREATIONAL TRAIL ( 45)
7158,850040,1085,Parking Lot,None,Outdoor Parking Lot,None,MEMORIAL PARK - YORK - Outdoor Parking Lot
7159,2123,1088,Dog Fountain,None,Dog Fountain Count,None,MILLIKEN PARK - Drinking Water Source (  1)
7160,2123,1088,Drinking Fountain,None,Drinking Fountain Count,None,MILLIKEN PARK - Drinking Water Source (  1)
7161,4027,1088,Splash Pad,None,Splash/Spray Pad,None,MILLIKEN PARK - Splash/Spray Pad
7162,5415,1088,Picnic Shelter,picnic,Shelter,None,MILLIKEN PARK - Shade Structure (  1)
7163,5416,1088,Picnic Shelter,picnic,Shelter,None,MILLIKEN PARK - Shade Structure (  2)
7164,5417,1088,Picnic Shelter,picnic,Shelter,None,MILLIKEN PARK - Shade Structure (  3)
7165,13602,1088,Washroom Facility,None,Washroom Building,None,MILLIKEN PARK WASHROOM AND CONCESSION BUILDING
7166,23477,1088,Bike Trail,None,Bike Trail,None,MILLIKEN PARK TRAIL (  1)
7167,23484,1088,Bike Trail,None,Bike Trail,None,MILLIKEN PARK TRAIL ( 16)
7168,23486,1088,Bike Trail,None,Bike Trail,None,MILLIKEN PARK TRAIL ( 18)
7169,23488,1088,Bike Trail,None,Bike Trail,None,MILLIKEN PARK TRAIL (  2)
7170,23489,1088,Bike Trail,None,Bike Trail,None,MILLIKEN PARK TRAIL ( 20)
7171,23490,1088,Bike Trail,None,Bike Trail,None,MILLIKEN PARK TRAIL ( 21)
7172,23492,1088,Bike Trail,None,Bike Trail,None,MILLIKEN PARK TRAIL ( 23)
7173,23494,1088,Bike Trail,None,Bike Trail,None,MILLIKEN PARK TRAIL ( 25)
7174,23496,1088,Bike Trail,None,Bike Trail,None,MILLIKEN PARK TRAIL ( 27)
7175,23500,1088,Bike Trail,None,Bike Trail,None,MILLIKEN PARK TRAIL ( 30)
7176,23504,1088,Bike Trail,None,Bike Trail,None,MILLIKEN PARK TRAIL ( 34)
7177,23508,1088,Bike Trail,None,Bike Trail,None,MILLIKEN PARK TRAIL ( 38)
7178,23509,1088,Bike Trail,None,Bike Trail,None,MILLIKEN PARK TRAIL ( 39)
7179,23510,1088,Bike Trail,None,Bike Trail,None,MILLIKEN PARK TRAIL (  4)
7180,23511,1088,Bike Trail,None,Bike Trail,None,MILLIKEN PARK TRAIL ( 40)
7181,23512,1088,Bike Trail,None,Bike Trail,None,MILLIKEN PARK TRAIL ( 41)
7182,23514,1088,Bike Trail,None,Bike Trail,None,MILLIKEN PARK TRAIL ( 43)
7183,23516,1088,Bike Trail,None,Bike Trail,None,MILLIKEN PARK TRAIL ( 45)
7184,23517,1088,Bike Trail,None,Bike Trail,None,MILLIKEN PARK TRAIL ( 46)
7185,23520,1088,Bike Trail,None,Bike Trail,None,MILLIKEN PARK TRAIL ( 49)
7186,23523,1088,Bike Trail,None,Bike Trail,None,MILLIKEN PARK TRAIL ( 51)
7187,23526,1088,Bike Trail,None,Bike Trail,None,MILLIKEN PARK TRAIL ( 54)
7188,23527,1088,Bike Trail,None,Bike Trail,None,MILLIKEN PARK TRAIL ( 55)
7189,23530,1088,Bike Trail,None,Bike Trail,None,MILLIKEN PARK TRAIL (  6)
7190,23531,1088,Bike Trail,None,Bike Trail,None,MILLIKEN PARK TRAIL (  7)
7191,28326,1088,Picnic Site,picnic,Picnic Site,None,MILLIKEN PARK - Picnic Site A
7192,28327,1088,Picnic Site,picnic,Picnic Site,None,MILLIKEN PARK - Picnic Site B
7193,28328,1088,Picnic Site,picnic,Picnic Site,None,MILLIKEN PARK - Picnic Site C
7194,30922,1088,Gazebo,None,Gazebo,None,MILLIKEN PARK - Shade Structure (  4)
7195,32401,1088,Parking Lot,None,Outdoor Parking Lot,None,MILLIKEN PARK - Outdoor Parking Lot (  1)
7196,32402,1088,Parking Lot,None,Outdoor Parking Lot,None,MILLIKEN PARK - Outdoor Parking Lot (  2)
7197,34193,1088,Playground,None,Playground Site,None,MILLIKEN PARK - Playground E
7198,42666,1088,Playground,None,Playground Site,None,MILLIKEN PARK - Playground C
7199,42713,1088,Playground,None,Playground Site,None,MILLIKEN PARK - Playground W
7200,42762,1088,Children's Garden,None,Children's Garden,None,MILLIKEN PARK COMMUNITY RECREATIONAL CENTRE - Children's Garden
7201,57374,1088,Pond,None,Open Water,None,MILLIKEN PARK - Open Water (  1)
7202,57375,1088,Pond,None,Open Water,None,MILLIKEN PARK - Open Water (  2)
7203,57376,1088,Pond,None,Open Water,None,MILLIKEN PARK - Open Water (  3)
7204,57377,1088,Pond,None,Open Water,None,MILLIKEN PARK - Open Water (  4)
7205,80662,1088,Playground,None,Playground Site,None,MILLIKEN PARK - Playground N
7206,102270,1088,Drinking Fountain,None,Drinking Fountain Count,None,MILLIKEN PARK - Drinking Water Source (  2)
7207,103362,1088,Bottle Filling Station,None,Water Bottle Filling Count,None,MILLIKEN PARK - Drinking Water Source (  3)
7208,967669,1088,Gazebo,None,Gazebo,None,MILLIKEN PARK - Shade Structure (  5)
7209,967670,1088,Gazebo,None,Gazebo,None,MILLIKEN PARK - Shade Structure (  6)
7210,967671,1088,Gazebo,None,Gazebo,None,MILLIKEN PARK - Shade Structure (  7)
7211,967672,1088,Gazebo,None,Gazebo,None,MILLIKEN PARK - Shade Structure (  8)
7212,968430,1088,Outdoor Fitness Equipment,None,Outdoor Fitness Equipment,None,MILLIKEN PARK - Outdoor Fitness Equipment Area - Outdoor Fitness Equipment - Push Up Bars
7213,968431,1088,Outdoor Fitness Equipment,None,Outdoor Fitness Equipment,None,MILLIKEN PARK - Outdoor Fitness Equipment Area - Outdoor Fitness Equipment - Flat/Long Bench
7214,968432,1088,Outdoor Fitness Equipment,None,Outdoor Fitness Equipment,None,MILLIKEN PARK - Outdoor Fitness Equipment Area - Outdoor Fitness Equipment  - Jump Up/Pull Up Bar
7215,968433,1088,Outdoor Fitness Equipment,None,Outdoor Fitness Equipment,None,MILLIKEN PARK - Outdoor Fitness Equipment Area - Outdoor Fitness Equipment (  4)
7216,968434,1088,Outdoor Fitness Equipment,None,Outdoor Fitness Equipment,None,MILLIKEN PARK - Outdoor Fitness Equipment Area - Outdoor Fitness Equipment - Parallel Bars
7217,32622,1089,Change Room Facility,None,Changeroom Building,None,NATHAN PHILLIPS SQUARE A.I.R. BUILDING
7218,32622,1089,Washroom Facility,None,Washroom Building,None,NATHAN PHILLIPS SQUARE A.I.R. BUILDING
7219,34409,1089,Playground,None,Playground Site,None,NATHAN PHILLIPS SQUARE - Playground
7220,42605,1089,Outdoor Chess Table,None,Outdoor Chess Table,None,NATHAN PHILLIPS SQUARE - Outdoor Chess Table (  6)
7221,42606,1089,Outdoor Chess Table,None,Outdoor Chess Table,None,NATHAN PHILLIPS SQUARE - Outdoor Chess Table (  5)
7222,42607,1089,Outdoor Chess Table,None,Outdoor Chess Table,None,NATHAN PHILLIPS SQUARE - Outdoor Chess Table (  4)
7223,42608,1089,Outdoor Chess Table,None,Outdoor Chess Table,None,NATHAN PHILLIPS SQUARE - Outdoor Chess Table (  3)
7224,42609,1089,Outdoor Chess Table,None,Outdoor Chess Table,None,NATHAN PHILLIPS SQUARE - Outdoor Chess Table (  2)
7225,42610,1089,Outdoor Chess Table,None,Outdoor Chess Table,None,NATHAN PHILLIPS SQUARE - Outdoor Chess Table (  1)
7226,43599,1089,Outdoor Rink,ice,Outdoor Ice Pad,None,NATHAN PHILLIPS SQUARE - Outdoor Ice Pad
7227,41438,1091,Gymnasium,gym,Gymnasium,None,NEW TORONTO SENIORS' CENTRE - Gymnasium
7228,46447,1091,Craft Room,room,Room-Craft,None,NEW TORONTO SENIORS' CENTRE - Craft Room
7229,48982,1091,Multipurpose Room,room,Room - C,C,NEW TORONTO SENIORS' CENTRE - Multipurpose Room
7230,5280,1093,Outdoor Pool,pool,Outdoor Pool Tank,None,O'CONNOR COMMUNITY CENTRE - Outdoor Pool Tank
7231,29894,1093,Kitchen,room,Kitchen,None,O'CONNOR COMMUNITY CENTRE - Kitchen (  2)
7232,29895,1093,Kitchen,room,Kitchen - B,B,O'CONNOR COMMUNITY CENTRE - Kitchen (  1)
7233,40864,1093,Weight/Cardio Room,None,Room-Fitness/Weight,None,O'CONNOR COMMUNITY CENTRE - Weight Room
7234,41450,1093,Gymnasium,gym,Gymnasium - B,B,O'CONNOR COMMUNITY CENTRE - Gymnasium
7235,47888,1093,Lounge,room,Room - B,B,O'CONNOR COMMUNITY CENTRE - Lounge
7236,47889,1093,Multipurpose Room,room,Room - C,C,O'CONNOR COMMUNITY CENTRE - Multipurpose Room (  1)
7237,47890,1093,Preschool,room,Preschool - B,B,O'CONNOR COMMUNITY CENTRE - Preschool
7238,47904,1093,Enhanced Youth Space,None,Room - B,B,O'CONNOR COMMUNITY CENTRE - Enhanced Youth Space
7239,23679,1094,Bike Trail,None,Bike Trail,None,PORT UNION VILLAGE COMMON TRAIL ( 15)
7240,23686,1094,Bike Trail,None,Bike Trail,None,PORT UNION VILLAGE COMMON TRAIL ( 21)
7241,23687,1094,Bike Trail,None,Bike Trail,None,PORT UNION VILLAGE COMMON TRAIL ( 22)
7242,23702,1094,Bike Trail,None,Bike Trail,None,PORT UNION VILLAGE COMMON TRAIL (  5)
7243,23705,1094,Bike Trail,None,Bike Trail,None,PORT UNION VILLAGE COMMON TRAIL (  8)
7244,24080,1094,Bike Trail,None,Bike Trail,None,WATERFRONT TRAIL (  7)
7245,29598,1094,Washroom Facility,None,Washroom Building,None,PORT UNION VILLAGE COMMON PARK - Washroom Building
7246,34262,1094,Playground,None,Playground Site,None,PORT UNION VILLAGE COMMON PARK - Playground
7247,57380,1094,Pond,None,Open Water,None,PORT UNION VILLAGE COMMON PARK - Open Water
7248,102100,1094,Bottle Filling Station,None,Water Bottle Filling Count,None,PORT UNION VILLAGE COMMON PARK - Drinking Water Source
7249,116985,1094,Splash Pad,None,Splash/Spray Pad,None,PORT UNION VILLAGE COMMON PARK - Splash/Spray Pad
7250,850006,1094,Parking Lot,None,Outdoor Parking Lot,None,PORT UNION VILLAGE COMMON PARK - Outdoor Parking Lot
7251,968046,1094,Gazebo,None,Gazebo,None,PORT UNION VILLAGE COMMON PARK - Shade Structure
7252,42764,1095,Children's Garden,None,Children's Garden,None,PRINCESS STREET PARK - Children's Garden
7253,2377,1096,Drinking Fountain,None,Drinking Fountain Count,None,COXWELL COMMON - Drinking Water Source
7254,79446,1097,Outdoor Fitness Equipment,None,Outdoor Fitness Equipment,None,SALEM PARKETTE - Outdoor Fitness Equipment Area - Outdoor Fitness Equipment (  1)
7255,79447,1097,Outdoor Fitness Equipment,None,Outdoor Fitness Equipment,None,SALEM PARKETTE - Outdoor Fitness Equipment Area - Outdoor Fitness Equipment (  2)
7256,79448,1097,Outdoor Fitness Equipment,None,Outdoor Fitness Equipment,None,SALEM PARKETTE - Outdoor Fitness Equipment Area - Outdoor Fitness Equipment (  3)
7257,79449,1097,Outdoor Fitness Equipment,None,Outdoor Fitness Equipment,None,SALEM PARKETTE - Outdoor Fitness Equipment Area - Outdoor Fitness Equipment (  4)
7258,102028,1097,Bottle Filling Station,None,Water Bottle Filling Count,None,SALEM PARKETTE - Drinking Water Source
7259,849950,1097,Parking Lot,None,Outdoor Parking Lot,None,SALEM PARKETTE - Outdoor Parking Lot (  1)
7260,849951,1097,Parking Lot,None,Outdoor Parking Lot,None,SALEM PARKETTE - Outdoor Parking Lot (  2)
7261,2793,1098,Community Garden,None,Community Garden,None,SCADDING COURT URBAN AGRICULTURE PROGRAM
7262,10503,1098,Indoor Pool,pool,Indoor Pool Tank - B,B,SCADDING COURT COMMUNITY CENTRE - Indoor Pool Tank
7263,41470,1098,Gymnasium,gym,Gymnasium - B,B,SCADDING COURT COMMUNITY CENTRE - Gymnasium
7264,48456,1098,Multipurpose Room,room,Room - C,C,SCADDING COURT COMMUNITY CENTRE - Multipurpose Room
7265,40870,1099,Weight/Cardio Room,None,Room-Fitness/Weight,None,SCARBOROUGH CIVIC CENTRE - Fitness Room
7266,48457,1099,Computer/Training Room,room,Room-Computer/Training,None,SCARBOROUGH CIVIC CENTRE - Computer-Training
7267,24986,1100,Dogs Off-Leash Area,None,Off Leash Area,None,SCARBOROUGH HEIGHTS PARK - Off Leash Area
7268,32443,1100,Parking Lot,None,Outdoor Parking Lot,None,SCARBOROUGH HEIGHTS PARK - Outdoor Parking Lot
7269,102152,1100,Bottle Filling Station,None,Water Bottle Filling Count,None,SCARBOROUGH HEIGHTS PARK - Drinking Water Source
7270,102112,1102,Bottle Filling Station,None,Water Bottle Filling Count,None,ST. ALBAN'S SQUARE - Drinking Water Source
7271,102112,1102,Dog Fountain,None,Dog Fountain Count,None,ST. ALBAN'S SQUARE - Drinking Water Source
7272,102112,1102,Drinking Fountain,None,Drinking Fountain Count,None,ST. ALBAN'S SQUARE - Drinking Water Source
7273,74502,1103,Outdoor Chess Table,None,Outdoor Chess Table,None,DON PANOS PARKETTE - Outdoor Chess Table (  1)
7274,74503,1103,Outdoor Chess Table,None,Outdoor Chess Table,None,DON PANOS PARKETTE - Outdoor Chess Table (  2)
7275,74504,1103,Outdoor Chess Table,None,Outdoor Chess Table,None,DON PANOS PARKETTE - Outdoor Chess Table (  3)
7276,2605,1104,Drinking Fountain,None,Drinking Fountain Count,None,ST. CLEMENTS - YONGE PARKETTE - Drinking Water Source
7277,29919,1105,Kitchen,room,Kitchen - B,B,STEPHEN LEACOCK COMMUNITY RECREATION CENTRE - Kitchen
7278,45942,1105,Indoor Dry Pad,ice,Indoor Dry Pad - Premier,P,STEPHEN LEACOCK COMMUNITY RECREATION CENTRE - Indoor Dry Pad (  1)
7279,45943,1105,Indoor Dry Pad,ice,Indoor Dry Pad - Premier,P,STEPHEN LEACOCK COMMUNITY RECREATION CENTRE - Indoor Dry Pad (  2)
7280,48063,1105,Multipurpose Room,room,Room - C,C,STEPHEN LEACOCK COMMUNITY RECREATION CENTRE - Multipurpose Room (  1)
7281,48472,1105,Fitness/Dance Studio,None,Room - C,C,STEPHEN LEACOCK COMMUNITY RECREATION CENTRE - Fitness/Dance Studio
7282,48473,1105,Gallery,room,Gallery/Hall  - B,B,STEPHEN LEACOCK COMMUNITY RECREATION CENTRE - Gallery/Hall
7283,48474,1105,Meeting Room,None,None,None,STEPHEN LEACOCK COMMUNITY RECREATION CENTRE - Meeting Room
7284,48475,1105,Multipurpose Room,room,Room - C,C,STEPHEN LEACOCK COMMUNITY RECREATION CENTRE - Multipurpose Room (  2)
7285,48476,1105,Multipurpose Room,room,Room - C,C,STEPHEN LEACOCK COMMUNITY RECREATION CENTRE - Multipurpose Room (  3)
7286,48477,1105,Multipurpose Room,room,Room - C,C,STEPHEN LEACOCK COMMUNITY RECREATION CENTRE - Multipurpose Room (  4)
7287,49023,1105,Indoor Track,None,Indoor Track,None,STEPHEN LEACOCK COMMUNITY RECREATION CENTRE - Indoor Track
7288,17992,1107,Sport Field,sport,Soccer Field - C,C,YORK STADIUM - Soccer Field
7289,60923,1107,Parking Lot,None,Outdoor Parking Lot,None,YORK STADIUM - Outdoor Parking Lot
7290,10448,1110,Indoor Pool,pool,Indoor Pool Tank - B,B,ALBERT CAMPBELL COLLEGIATE INSTITUTE - Indoor Pool Tank
7291,29780,1132,Kitchen,room,Kitchen,None,BLOORDALE MIDDLE PUBLIC SCHOOL - Kitchen
7292,10459,1143,Indoor Pool,pool,Indoor Pool Tank - A,A,CEDARBRAE COLLEGIATE INSTITUTE - Indoor Pool Tank
7293,36660,1161,Sport Field,sport,Soccer Field - A,A,CRESTWOOD COLLEGE - Soccer Field
7294,10463,1163,Indoor Pool,pool,Indoor Pool Tank - B,B,CW JEFFERYS COLLEGIATE INSTITUTE - Indoor Pool Tank
7295,10468,1164,Indoor Pool,pool,Indoor Pool Tank - B,B,DA MORRISON MIDDLE SCHOOL - Indoor Pool Tank
7296,13263,1181,Drinking Fountain,None,Drinking Fountain Count,None,EDITHVALE PARK - Drinking Water Source (  1)
7297,13263,1181,Dog Fountain,None,Dog Fountain Count,None,EDITHVALE PARK - Drinking Water Source (  1)
7298,17523,1181,Outdoor Basketball Court,None,Basketball Court,None,EDITHVALE PARK - Basketball Court (  1)
7299,32290,1181,Parking Lot,None,Outdoor Parking Lot,None,EDITHVALE PARK - Outdoor Parking Lot
7300,34040,1181,Playground,None,Playground Site,None,EDITHVALE PARK - Playground E
7301,36143,1181,Sport Field,sport,Soccer Field - C,C,EDITHVALE PARK - Soccer Field
7302,36302,1181,Outdoor Oven,None,Outdoor Oven,None,EDITHVALE PARK - Bake Oven
7303,42655,1181,Playground,None,Playground Site,None,EDITHVALE PARK - Playground C
7304,49324,1181,Outdoor Table Tennis,None,Outdoor Table Tennis,None,EDITHVALE PARK - Outdoor Table Tennis
7305,57562,1181,Amphitheatre,special,Amphitheatre,None,EDITHVALE PARK - Amphitheatre
7306,75787,1181,Outdoor Fitness Equipment,None,Outdoor Fitness Equipment,None,EDITHVALE PARK - Outdoor Fitness Equipment Area - Outdoor Fitness Equipment (  1)
7307,75788,1181,Outdoor Fitness Equipment,None,Outdoor Fitness Equipment,None,EDITHVALE PARK - Outdoor Fitness Equipment Area - Outdoor Fitness Equipment (  2)
7308,75789,1181,Outdoor Fitness Equipment,None,Outdoor Fitness Equipment,None,EDITHVALE PARK - Outdoor Fitness Equipment Area - Outdoor Fitness Equipment (  3)
7309,75790,1181,Outdoor Fitness Equipment,None,Outdoor Fitness Equipment,None,EDITHVALE PARK - Outdoor Fitness Equipment Area - Outdoor Fitness Equipment (  4)
7310,75791,1181,Outdoor Fitness Equipment,None,Outdoor Fitness Equipment,None,EDITHVALE PARK - Outdoor Fitness Equipment Area - Outdoor Fitness Equipment (  5)
7311,75793,1181,Outdoor Fitness Equipment,None,Outdoor Fitness Equipment,None,EDITHVALE PARK - Outdoor Fitness Equipment Area - Outdoor Fitness Equipment (  6)
7312,77318,1181,Drinking Fountain,None,Drinking Fountain Count,None,EDITHVALE PARK - Drinking Water Source (  2)
7313,79967,1181,Firepit,None,Firepit,None,EDITHVALE PARK - Firepit
7314,101709,1181,Ball Diamond,sport,Baseball Diamond Field,None,EDITHVALE PARK - Ball Diamond Field
7315,101710,1181,Outdoor Basketball Court,None,Basketball Court,None,EDITHVALE PARK - Basketball Court (  2)
7316,101711,1181,Outdoor Basketball Court,None,Basketball Court,None,EDITHVALE PARK - Basketball Court (  3)
7317,967998,1181,Picnic Shelter,picnic,Shelter,None,EDITHVALE PARK - Shade Structure (  2)
7318,990879,1181,Playground,None,Playground Site,None,EDITHVALE PARK - Playground W
7319,10475,1186,Indoor Pool,pool,Indoor Pool Tank - C,C,EMERY COLLEGIATE INSTITUTE - Indoor Pool Tank
7320,10480,1200,Indoor Pool,pool,Indoor Pool Tank - B,B,GEORGES VANIER SECONDARY SCHOOL - Indoor Pool Tank
7321,10481,1205,Indoor Pool,pool,Indoor Pool Tank - C,C,GORDON A. BROWN MS - Indoor Pool Tank
7322,14283,1220,Outdoor Rink,ice,Outdoor Ice Pad,None,HODGSON PUBLIC SCHOOL - Outdoor Ice Pad (  1)
7323,28890,1220,Washroom Facility,None,Washroom Building,None,HODGSON PUBLIC SCHOOL A.I.R. BUILDING
7324,43588,1220,Outdoor Rink,ice,Outdoor Ice Pad,None,HODGSON PUBLIC SCHOOL - Outdoor Ice Pad (  2)
7325,29849,1232,Kitchen,room,Kitchen,None,ISLINGTON COMMUNITY SCHOOL - Kitchen
7326,29083,1250,Indoor Pool,pool,Indoor Pool Tank - B,B,L'AMOREAUX COLLEGIATE INSTITUTE - Indoor Pool Tank
7327,10492,1255,Indoor Pool,pool,Indoor Pool Tank - A,A,LESTER B. PEARSON COLLEGIATE INSTITUTE - Indoor Pool Tank
7328,10504,1315,Indoor Pool,pool,Indoor Pool Tank - B,B,SIR OLIVER MOWAT COLLEGIATE INSTITUTE - Indoor Pool Tank
7329,10511,1371,Indoor Pool,pool,Indoor Pool Tank - B,B,VAUGHAN ROAD ACADEMY - Indoor Pool Tank
7330,10512,1373,Indoor Pool,pool,Indoor Pool Tank - B,B,VICTORIA PARK COLLEGIATE INSTITUTE - Indoor Pool Tank
7331,10514,1381,Indoor Pool,pool,Indoor Pool Tank - B,B,WEST HILL COLLEGIATE INSTITUTE - Indoor Pool Tank
7332,10515,1384,Indoor Pool,pool,Indoor Pool Tank - C,C,WESTON COLLEGIATE INSTITUTE - Indoor Pool Tank
7333,10516,1387,Indoor Pool,pool,Indoor Pool Tank - A,A,WEXFORD COLLEGIATE INSTITUTE - Indoor Pool Tank
7334,10517,1399,Indoor Pool,pool,Indoor Pool Tank - B,B,YORK MILLS COLLEGIATE INSTITUTE - Indoor Pool Tank
7335,10396,1406,Practice Wicket,None,Practice Wicket - C,C,WEXFORD HYDRO - Practice Wicket
7336,17983,1406,Cricket Pitch Field,sport,Cricket Pitch Field - C,C,WEXFORD HYDRO - Cricket Pitch Field
7337,18251,1406,Sport Field,sport,Soccer Field - C,C,WEXFORD HYDRO - Soccer Field (  1)
7338,18252,1406,Sport Field,sport,Soccer Field - C,C,WEXFORD HYDRO - Soccer Field (  2)
7339,18253,1406,Sport Field,sport,Soccer Field - C,C,WEXFORD HYDRO - Soccer Field (  3)
7340,18254,1406,Sport Field,sport,Soccer Field - C,C,WEXFORD HYDRO - Soccer Field (  4)
7341,18255,1406,Sport Field,sport,Soccer Field - C,C,WEXFORD HYDRO - Soccer Field (  5)
7342,49545,1406,Parking Lot,None,Outdoor Parking Lot,None,WEXFORD HYDRO - Outdoor Parking Lot (  1)
7343,850050,1406,Parking Lot,None,Outdoor Parking Lot,None,WEXFORD HYDRO - Outdoor Parking Lot (  2)
7344,850053,1406,Parking Lot,None,Outdoor Parking Lot,None,WEXFORD HYDRO - Outdoor Parking Lot (  3)
7345,17818,1424,Sport Field,sport,Soccer Field - C,C,ACADEMY SOCCER FIELD - Soccer Field
7346,33961,1425,Playground,None,Playground Site,None,DE HAVILLAND 'MOSSIE' PARK - Playground
7347,36602,1425,Multipurpose Field,None,Multipurpose Field,None,DE HAVILLAND 'MOSSIE' PARK - Multipurpose Field
7348,60062,1425,Splash Pad,None,Splash/Spray Pad,None,DE HAVILLAND 'MOSSIE' PARK - Splash/Spray Pad
7349,132465,1425,Outdoor Fitness Equipment,None,Outdoor Fitness Equipment,None,DE HAVILLAND 'MOSSIE' PARK - Outdoor Fitness Equipment Area - Outdoor Fitness Equipment (  1)
7350,132466,1425,Outdoor Fitness Equipment,None,Outdoor Fitness Equipment,None,DE HAVILLAND 'MOSSIE' PARK - Outdoor Fitness Equipment Area - Outdoor Fitness Equipment (  2)
7351,132467,1425,Outdoor Fitness Equipment,None,Outdoor Fitness Equipment,None,DE HAVILLAND 'MOSSIE' PARK - Outdoor Fitness Equipment Area - Outdoor Fitness Equipment (  3)
7352,132468,1425,Outdoor Fitness Equipment,None,Outdoor Fitness Equipment,None,DE HAVILLAND 'MOSSIE' PARK - Outdoor Fitness Equipment Area - Outdoor Fitness Equipment (  4)
7353,967683,1425,Gazebo,None,Gazebo,None,DE HAVILLAND 'MOSSIE' PARK - Shade Structure (  1)
7354,13061,1429,Change Room Facility,None,Changeroom Building,None,POWER HOUSE RECREATION CENTRE
7355,29904,1429,Kitchen,room,Kitchen,None,POWER HOUSE RECREATION CENTRE - Kitchen
7356,48427,1429,Gallery,room,Gallery/Hall  - B,B,POWER HOUSE RECREATION CENTRE - Gallery/Hall
7357,48428,1429,Multipurpose Room,room,Room - C,C,POWER HOUSE RECREATION CENTRE - Multipurpose Room
7358,849445,1429,Enhanced Youth Space,None,Room,None,POWER HOUSE RECREATION CENTRE - Enhanced Youth Space
7359,23357,1430,Bike Trail,None,Bike Trail,None,MARTIN GOODMAN TRAIL ( 66)
7360,44887,1430,Parking Lot,None,Outdoor Parking Lot,None,TORONTO INUKSHUK PARK - Outdoor Parking Lot (  1)
7361,44891,1430,Parking Lot,None,Outdoor Parking Lot,None,TORONTO INUKSHUK PARK - Outdoor Parking Lot (  2)
7362,34458,1431,Playground,None,Playground Site,None,GRANGE PARK - Playground
7363,67202,1431,Splash Pad,None,Splash/Spray Pad,None,GRANGE PARK - Splash/Spray Pad
7364,67422,1431,Dogs Off-Leash Area,None,Off Leash Area,None,GRANGE PARK - Off Leash Area
7365,78294,1431,Bottle Filling Station,None,Water Bottle Filling Count,None,GRANGE PARK - Drinking Water Source (  1)
7366,78294,1431,Drinking Fountain,None,Drinking Fountain Count,None,GRANGE PARK - Drinking Water Source (  1)
7367,78294,1431,Dog Fountain,None,Dog Fountain Count,None,GRANGE PARK - Drinking Water Source (  1)
7368,78354,1431,Bottle Filling Station,None,Water Bottle Filling Count,None,GRANGE PARK - Drinking Water Source (  2)
7369,78355,1431,Bottle Filling Station,None,Water Bottle Filling Count,None,GRANGE PARK - Drinking Water Source (  3)
7370,78383,1431,Fieldhouse,None,Fieldhouse,None,GRANGE PARK - Fieldhouse
7371,79343,1431,Washroom Facility,None,Washroom Building,None,GRANGE PARK - Washroom Building (  1)
7372,79344,1431,Washroom Facility,None,Washroom Building,None,GRANGE PARK - Washroom Building (  2)
7373,850030,1431,Parking Lot,None,Outdoor Parking Lot,None,GRANGE PARK - Outdoor Parking Lot
7374,47906,1440,Multipurpose Room,room,Room - B,B,ST. MARK'S UNITED CHURCH - Multipurpose Room
7375,3362,1448,Outdoor Basketball Court,None,Basketball Court,None,WOOLNER PARK - Basketball Court (  1)
7376,28102,1448,Outdoor Basketball Court,None,Basketball Court,None,WOOLNER PARK - Basketball Court (  2)
7377,28103,1448,Outdoor Basketball Court,None,Basketball Court,None,WOOLNER PARK - Basketball Court (  3)
7378,28104,1448,Outdoor Basketball Court,None,Basketball Court,None,WOOLNER PARK - Basketball Court (  4)
7379,34160,1448,Playground,None,Playground Site,None,WOOLNER PARK - Playground
7380,71342,1448,Dogs Off-Leash Area,None,Off Leash Area,None,WOOLNER PARK - Off Leash Area
7381,102101,1448,Drinking Fountain,None,Drinking Fountain Count,None,WOOLNER PARK - Drinking Water Source
7382,102101,1448,Bottle Filling Station,None,Water Bottle Filling Count,None,WOOLNER PARK - Drinking Water Source
7383,132484,1448,Outdoor Fitness Equipment,None,Outdoor Fitness Equipment,None,WOOLNER PARK - Outdoor Fitness Equipment Area - Outdoor Fitness Equipment (  1)
7384,132485,1448,Outdoor Fitness Equipment,None,Outdoor Fitness Equipment,None,WOOLNER PARK - Outdoor Fitness Equipment Area - Outdoor Fitness Equipment (  2)
7385,132486,1448,Outdoor Fitness Equipment,None,Outdoor Fitness Equipment,None,WOOLNER PARK - Outdoor Fitness Equipment Area - Outdoor Fitness Equipment (  3)
7386,132487,1448,Outdoor Fitness Equipment,None,Outdoor Fitness Equipment,None,WOOLNER PARK - Outdoor Fitness Equipment Area - Outdoor Fitness Equipment (  4)
7387,2822,1449,Dogs Off-Leash Area,None,Off Leash Area,None,DON VALLEY BRICK WORKS - Off Leash Area
7388,40339,1449,Bike Trail,None,Bike Trail,None,DON VALLEY BRICK WORKS TRAIL (  1)
7389,40340,1449,Bike Trail,None,Bike Trail,None,DON VALLEY BRICK WORKS TRAIL (  2)
7390,40341,1449,Bike Trail,None,Bike Trail,None,DON VALLEY BRICK WORKS TRAIL (  3)
7391,40342,1449,Bike Trail,None,Bike Trail,None,DON VALLEY BRICK WORKS TRAIL (  4)
7392,40343,1449,Bike Trail,None,Bike Trail,None,DON VALLEY BRICK WORKS TRAIL (  5)
7393,40351,1449,Bike Trail,None,Bike Trail,None,DON VALLEY BRICK WORKS TRAIL ( 13)
7394,40352,1449,Bike Trail,None,Bike Trail,None,DON VALLEY BRICK WORKS TRAIL ( 14)
7395,40353,1449,Bike Trail,None,Bike Trail,None,DON VALLEY BRICK WORKS TRAIL ( 15)
7396,40354,1449,Bike Trail,None,Bike Trail,None,DON VALLEY BRICK WORKS TRAIL ( 16)
7397,40355,1449,Bike Trail,None,Bike Trail,None,DON VALLEY BRICK WORKS TRAIL ( 17)
7398,40356,1449,Bike Trail,None,Bike Trail,None,DON VALLEY BRICK WORKS TRAIL ( 18)
7399,40362,1449,Bike Trail,None,Bike Trail,None,DON VALLEY BRICK WORKS TRAIL ( 24)
7400,40363,1449,Bike Trail,None,Bike Trail,None,DON VALLEY BRICK WORKS TRAIL ( 25)
7401,40368,1449,Bike Trail,None,Bike Trail,None,DON VALLEY BRICK WORKS TRAIL ( 30)
7402,40371,1449,Bike Trail,None,Bike Trail,None,DON VALLEY BRICK WORKS TRAIL ( 33)
7403,48251,1449,Multipurpose Room,room,Room - C,C,EVERGREEN BRICK WORKS - Multipurpose Room
7404,57319,1449,Pond,None,Open Water,None,DON VALLEY BRICK WORKS - Open Water (  1)
7405,57320,1449,Pond,None,Open Water,None,DON VALLEY BRICK WORKS - Open Water (  2)
7406,57321,1449,Pond,None,Open Water,None,DON VALLEY BRICK WORKS - Open Water (  3)
7407,57322,1449,Pond,None,Open Water,None,DON VALLEY BRICK WORKS - Open Water (  4)
7408,79459,1449,Washroom Facility,None,Washroom Building,None,DON VALLEY BRICK WORKS BUILDING A
7409,102093,1449,Dog Fountain,None,Dog Fountain Count,None,DON VALLEY BRICK WORKS - Drinking Water Source (  1)
7410,102093,1449,Bottle Filling Station,None,Water Bottle Filling Count,None,DON VALLEY BRICK WORKS - Drinking Water Source (  1)
7411,102093,1449,Drinking Fountain,None,Drinking Fountain Count,None,DON VALLEY BRICK WORKS - Drinking Water Source (  1)
7412,102232,1449,Drinking Fountain,None,Drinking Fountain Count,None,DON VALLEY BRICK WORKS - Drinking Water Source (  2)
7413,849998,1449,Parking Lot,None,Outdoor Parking Lot,None,DON VALLEY BRICK WORKS - Outdoor Parking Lot
7414,22870,1450,Bike Trail,None,Bike Trail,None,HUMBER RIVER RECREATIONAL TRAIL (  1)
7415,22981,1450,Bike Trail,None,Bike Trail,None,HUMBER RIVER RECREATIONAL TRAIL (  2)
7416,23007,1450,Bike Trail,None,Bike Trail,None,HUMBER RIVER RECREATIONAL TRAIL (  3)
7417,23018,1450,Bike Trail,None,Bike Trail,None,HUMBER RIVER RECREATIONAL TRAIL (  4)
7418,57318,1450,Pond,None,Open Water,None,CRAWFORD - JONES MEMORIAL PARK - Open Water
7419,850039,1450,Parking Lot,None,Outdoor Parking Lot,None,CRAWFORD - JONES MEMORIAL PARK - Outdoor Parking Lot
7420,2406,1451,Drinking Fountain,None,Drinking Fountain Count,None,CLIFF LUMSDON PARK - Drinking Water Source
7421,17702,1452,Sport Field,sport,Soccer Field - C,C,CEDARGROVE PARK - Soccer Field
7422,34388,1452,Playground,None,Playground Site,None,CEDARGROVE PARK - Playground
7423,2437,1453,Dog Fountain,None,Dog Fountain Count,None,ARENA GARDENS - Drinking Water Source
7424,2437,1453,Drinking Fountain,None,Drinking Fountain Count,None,ARENA GARDENS - Drinking Water Source
7425,33964,1453,Playground,None,Playground Site,None,ARENA GARDENS - Playground
7426,45203,1456,Parking Lot,None,Outdoor Parking Lot,None,CUDIA PARK - Outdoor Parking Lot
7427,13256,1457,Drinking Fountain,None,Drinking Fountain Count,None,DRIFTWOOD PARK - Drinking Water Source
7428,17743,1457,Ball Diamond,sport,Baseball Diamond Field - C,C,DRIFTWOOD PARK - Ball Diamond Field
7429,21955,1457,Bike Trail,None,Bike Trail,None,BLACK CREEK TRAIL ( 29)
7430,21957,1457,Bike Trail,None,Bike Trail,None,BLACK CREEK TRAIL ( 30)
7431,21958,1457,Bike Trail,None,Bike Trail,None,BLACK CREEK TRAIL ( 31)
7432,21960,1457,Bike Trail,None,Bike Trail,None,BLACK CREEK TRAIL ( 33)
7433,21963,1457,Bike Trail,None,Bike Trail,None,BLACK CREEK TRAIL ( 36)
7434,21964,1457,Bike Trail,None,Bike Trail,None,BLACK CREEK TRAIL ( 37)
7435,21965,1457,Bike Trail,None,Bike Trail,None,BLACK CREEK TRAIL ( 38)
7436,22529,1457,Bike Trail,None,Bike Trail,None,FINCH CORRIDOR TRAIL (  1)
7437,34011,1457,Playground,None,Playground Site,None,DRIFTWOOD PARK - Playground
7438,40380,1457,Bike Trail,None,Bike Trail,None,DRIFTWOOD PARK TRAIL (  3)
7439,40381,1457,Bike Trail,None,Bike Trail,None,DRIFTWOOD PARK TRAIL (  4)
7440,40382,1457,Bike Trail,None,Bike Trail,None,DRIFTWOOD PARK TRAIL (  5)
7441,40383,1457,Bike Trail,None,Bike Trail,None,DRIFTWOOD PARK TRAIL (  6)
7442,40384,1457,Bike Trail,None,Bike Trail,None,DRIFTWOOD PARK TRAIL (  7)
7443,40385,1457,Bike Trail,None,Bike Trail,None,DRIFTWOOD PARK TRAIL (  8)
7444,21929,1460,Bike Trail,None,Bike Trail,None,BETTY SUTHERLAND TRAIL (  5)
7445,21930,1460,Bike Trail,None,Bike Trail,None,BETTY SUTHERLAND TRAIL (  6)
7446,21931,1460,Bike Trail,None,Bike Trail,None,BETTY SUTHERLAND TRAIL (  7)
7447,21932,1460,Bike Trail,None,Bike Trail,None,BETTY SUTHERLAND TRAIL (  8)
7448,22297,1460,Bike Trail,None,Bike Trail,None,EAST DON RIVER TRAIL ( 15)
7449,22298,1460,Bike Trail,None,Bike Trail,None,EAST DON RIVER TRAIL ( 16)
7450,22299,1460,Bike Trail,None,Bike Trail,None,EAST DON RIVER TRAIL ( 17)
7451,22300,1460,Bike Trail,None,Bike Trail,None,EAST DON RIVER TRAIL ( 18)
7452,22301,1460,Bike Trail,None,Bike Trail,None,EAST DON RIVER TRAIL ( 19)
7453,22303,1460,Bike Trail,None,Bike Trail,None,EAST DON RIVER TRAIL ( 20)
7454,22304,1460,Bike Trail,None,Bike Trail,None,EAST DON RIVER TRAIL ( 21)
7455,22305,1460,Bike Trail,None,Bike Trail,None,EAST DON RIVER TRAIL ( 22)
7456,22306,1460,Bike Trail,None,Bike Trail,None,EAST DON RIVER TRAIL ( 23)
7457,22307,1460,Bike Trail,None,Bike Trail,None,EAST DON RIVER TRAIL ( 24)
7458,22308,1460,Bike Trail,None,Bike Trail,None,EAST DON RIVER TRAIL ( 25)
7459,22309,1460,Bike Trail,None,Bike Trail,None,EAST DON RIVER TRAIL ( 26)
7460,22310,1460,Bike Trail,None,Bike Trail,None,EAST DON RIVER TRAIL ( 27)
7461,22311,1460,Bike Trail,None,Bike Trail,None,EAST DON RIVER TRAIL ( 28)
7462,22312,1460,Bike Trail,None,Bike Trail,None,EAST DON RIVER TRAIL ( 29)
7463,22314,1460,Bike Trail,None,Bike Trail,None,EAST DON RIVER TRAIL ( 30)
7464,22315,1460,Bike Trail,None,Bike Trail,None,EAST DON RIVER TRAIL ( 31)
7465,22316,1460,Bike Trail,None,Bike Trail,None,EAST DON RIVER TRAIL ( 32)
7466,22317,1460,Bike Trail,None,Bike Trail,None,EAST DON RIVER TRAIL ( 33)
7467,22319,1460,Bike Trail,None,Bike Trail,None,EAST DON RIVER TRAIL ( 35)
7468,22320,1460,Bike Trail,None,Bike Trail,None,EAST DON RIVER TRAIL ( 36)
7469,22321,1460,Bike Trail,None,Bike Trail,None,EAST DON RIVER TRAIL ( 37)
7470,22322,1460,Bike Trail,None,Bike Trail,None,EAST DON RIVER TRAIL ( 38)
7471,22323,1460,Bike Trail,None,Bike Trail,None,EAST DON RIVER TRAIL ( 39)
7472,22325,1460,Bike Trail,None,Bike Trail,None,EAST DON RIVER TRAIL ( 40)
7473,22326,1460,Bike Trail,None,Bike Trail,None,EAST DON RIVER TRAIL ( 41)
7474,22327,1460,Bike Trail,None,Bike Trail,None,EAST DON RIVER TRAIL ( 42)
7475,22328,1460,Bike Trail,None,Bike Trail,None,EAST DON RIVER TRAIL ( 43)
7476,22329,1460,Bike Trail,None,Bike Trail,None,EAST DON RIVER TRAIL ( 44)
7477,22330,1460,Bike Trail,None,Bike Trail,None,EAST DON RIVER TRAIL ( 45)
7478,22331,1460,Bike Trail,None,Bike Trail,None,EAST DON RIVER TRAIL ( 46)
7479,22332,1460,Bike Trail,None,Bike Trail,None,EAST DON RIVER TRAIL ( 47)
7480,22333,1460,Bike Trail,None,Bike Trail,None,EAST DON RIVER TRAIL ( 48)
7481,22334,1460,Bike Trail,None,Bike Trail,None,EAST DON RIVER TRAIL ( 49)
7482,22336,1460,Bike Trail,None,Bike Trail,None,EAST DON RIVER TRAIL ( 50)
7483,22337,1460,Bike Trail,None,Bike Trail,None,EAST DON RIVER TRAIL ( 51)
7484,22338,1460,Bike Trail,None,Bike Trail,None,EAST DON RIVER TRAIL ( 52)
7485,22339,1460,Bike Trail,None,Bike Trail,None,EAST DON RIVER TRAIL ( 53)
7486,23662,1460,Bike Trail,None,Bike Trail,None,OLD CUMMER AVE TRAIL (  2)
7487,23663,1460,Bike Trail,None,Bike Trail,None,OLD CUMMER AVE TRAIL (  3)
7488,32284,1460,Parking Lot,None,Outdoor Parking Lot,None,EAST DON PARKLAND - Outdoor Parking Lot
7489,57331,1460,Pond,None,Open Water,None,EAST DON PARKLAND - Open Water
7490,2296,1461,Drinking Fountain,None,Drinking Fountain Count,None,GOLDHAWK PARK - Drinking Water Source (  1)
7491,3212,1461,Outdoor Basketball Court,None,Basketball Court,None,GOLDHAWK PARK - Basketball Court
7492,17779,1461,Sport Field,sport,Soccer Field - C,C,GOLDHAWK PARK - Soccer Field (  1)
7493,18158,1461,Ball Diamond,sport,Baseball Diamond Field - C,C,GOLDHAWK PARK - Ball Diamond Field (  1)
7494,18159,1461,Ball Diamond,sport,Baseball Diamond Field - C,C,GOLDHAWK PARK - Ball Diamond Field (  2)
7495,18160,1461,Ball Diamond,sport,Baseball Diamond Field - C,C,GOLDHAWK PARK - Ball Diamond Field (  3)
7496,22371,1461,Bike Trail,None,Bike Trail,None,EAST HIGHLAND CREEK TRAIL ( 10)
7497,22372,1461,Bike Trail,None,Bike Trail,None,EAST HIGHLAND CREEK TRAIL ( 11)
7498,22373,1461,Bike Trail,None,Bike Trail,None,EAST HIGHLAND CREEK TRAIL ( 12)
7499,22374,1461,Bike Trail,None,Bike Trail,None,EAST HIGHLAND CREEK TRAIL ( 13)
7500,22375,1461,Bike Trail,None,Bike Trail,None,EAST HIGHLAND CREEK TRAIL ( 14)
7501,22376,1461,Bike Trail,None,Bike Trail,None,EAST HIGHLAND CREEK TRAIL ( 15)
7502,22377,1461,Bike Trail,None,Bike Trail,None,EAST HIGHLAND CREEK TRAIL ( 16)
7503,22378,1461,Bike Trail,None,Bike Trail,None,EAST HIGHLAND CREEK TRAIL ( 17)
7504,22379,1461,Bike Trail,None,Bike Trail,None,EAST HIGHLAND CREEK TRAIL ( 18)
7505,22380,1461,Bike Trail,None,Bike Trail,None,EAST HIGHLAND CREEK TRAIL ( 19)
7506,22382,1461,Bike Trail,None,Bike Trail,None,EAST HIGHLAND CREEK TRAIL ( 20)
7507,22383,1461,Bike Trail,None,Bike Trail,None,EAST HIGHLAND CREEK TRAIL ( 21)
7508,22384,1461,Bike Trail,None,Bike Trail,None,EAST HIGHLAND CREEK TRAIL ( 22)
7509,22385,1461,Bike Trail,None,Bike Trail,None,EAST HIGHLAND CREEK TRAIL ( 23)
7510,22386,1461,Bike Trail,None,Bike Trail,None,EAST HIGHLAND CREEK TRAIL ( 24)
7511,22387,1461,Bike Trail,None,Bike Trail,None,EAST HIGHLAND CREEK TRAIL ( 25)
7512,22388,1461,Bike Trail,None,Bike Trail,None,EAST HIGHLAND CREEK TRAIL ( 26)
7513,22389,1461,Bike Trail,None,Bike Trail,None,EAST HIGHLAND CREEK TRAIL ( 27)
7514,22390,1461,Bike Trail,None,Bike Trail,None,EAST HIGHLAND CREEK TRAIL ( 28)
7515,22391,1461,Bike Trail,None,Bike Trail,None,EAST HIGHLAND CREEK TRAIL ( 29)
7516,22414,1461,Bike Trail,None,Bike Trail,None,EAST HIGHLAND CREEK TRAIL (  5)
7517,22417,1461,Bike Trail,None,Bike Trail,None,EAST HIGHLAND CREEK TRAIL (  6)
7518,22418,1461,Bike Trail,None,Bike Trail,None,EAST HIGHLAND CREEK TRAIL (  7)
7519,22419,1461,Bike Trail,None,Bike Trail,None,EAST HIGHLAND CREEK TRAIL (  8)
7520,22420,1461,Bike Trail,None,Bike Trail,None,EAST HIGHLAND CREEK TRAIL (  9)
7521,32319,1461,Parking Lot,None,Outdoor Parking Lot,None,GOLDHAWK PARK - Outdoor Parking Lot (  1)
7522,32320,1461,Parking Lot,None,Outdoor Parking Lot,None,GOLDHAWK PARK - Outdoor Parking Lot (  2)
7523,34449,1461,Playground,None,Playground Site,None,GOLDHAWK PARK - Playground N
7524,42673,1461,Playground,None,Playground Site,None,GOLDHAWK PARK - Playground S
7525,46964,1461,Sport Field,sport,Soccer Field,None,GOLDHAWK PARK - Soccer Field (  2)
7526,102264,1461,Dog Fountain,None,Dog Fountain Count,None,GOLDHAWK PARK - Drinking Water Source (  2)
7527,102264,1461,Drinking Fountain,None,Drinking Fountain Count,None,GOLDHAWK PARK - Drinking Water Source (  2)
7528,967645,1461,Gazebo,None,Gazebo,None,GOLDHAWK PARK - Shade Structure
7529,29881,1462,Kitchen,room,Kitchen - C,C,MOUNT DENNIS COMMUNITY HALL - Kitchen
7530,48034,1462,Multipurpose Room,room,Room - C,C,MOUNT DENNIS COMMUNITY HALL - Multipurpose Room
7531,48388,1462,Meeting Room,None,None,None,MOUNT DENNIS COMMUNITY HALL - Meeting Room
7532,29813,1463,Kitchen,room,Kitchen - C,C,EDITHVALE COMMUNITY CENTRE - Kitchen (  2)
7533,29814,1463,Kitchen,room,Kitchen - B,B,EDITHVALE COMMUNITY CENTRE - Kitchen (  3)
7534,29815,1463,Kitchen,room,Kitchen,None,EDITHVALE COMMUNITY CENTRE - Kitchen (  1)
7535,40837,1463,Fitness/Dance Studio,None,Room - C,C,EDITHVALE COMMUNITY CENTRE - Fitness Studio
7536,40838,1463,Weight/Cardio Room,None,Room-Fitness/Weight,None,EDITHVALE COMMUNITY CENTRE - Weight Room
7537,41312,1463,Gymnasium,gym,Gymnasium - A,A,EDITHVALE COMMUNITY CENTRE - Gymnasium
7538,48215,1463,Craft Room,room,Room-Craft - C,C,EDITHVALE COMMUNITY CENTRE - Craft Room (  1)
7539,48216,1463,Craft Room,room,Room-Craft - C,C,EDITHVALE COMMUNITY CENTRE - Craft Room (  2)
7540,48217,1463,Craft Room,room,Room-Craft - C,C,EDITHVALE COMMUNITY CENTRE - Craft Room (  3)
7541,48218,1463,Fitness/Dance Studio,None,Room - B,B,EDITHVALE COMMUNITY CENTRE - Fitness/Dance Studio
7542,48219,1463,Lounge,room,Room - C,C,EDITHVALE COMMUNITY CENTRE - Lounge (  1)
7543,48220,1463,Lounge,room,Room - C,C,EDITHVALE COMMUNITY CENTRE - Lounge (  2)
7544,48221,1463,Meeting Room,None,None,None,EDITHVALE COMMUNITY CENTRE - Meeting Room
7545,48222,1463,Multipurpose Room,room,Room - C,C,EDITHVALE COMMUNITY CENTRE - Multipurpose Room (  1)
7546,48224,1463,Multipurpose Room,room,Room - B,B,EDITHVALE COMMUNITY CENTRE - Multipurpose Room (  3)
7547,48225,1463,Multipurpose Room,room,Room - C,C,EDITHVALE COMMUNITY CENTRE - Multipurpose Room (  4)
7548,48226,1463,Multipurpose Room,room,Room - C,C,EDITHVALE COMMUNITY CENTRE - Multipurpose Room (  5)
7549,48227,1463,Preschool,room,Preschool - C,C,EDITHVALE COMMUNITY CENTRE - Preschool (  1)
7550,48228,1463,Preschool,room,Preschool - C,C,EDITHVALE COMMUNITY CENTRE - Preschool (  2)
7551,48984,1463,Indoor Track,None,Indoor Track,None,EDITHVALE COMMUNITY CENTRE - Indoor Track
7552,101876,1465,Bottle Filling Station,None,Water Bottle Filling Count,None,GRAND AVENUE PARK - Drinking Water Source
7553,101877,1465,Dogs Off-Leash Area,None,Off Leash Area,None,GRAND AVENUE PARK - Off Leash Area
7554,101878,1465,Parking Lot,None,Outdoor Parking Lot,None,GRAND AVENUE PARK - Outdoor Parking Lot
7555,101879,1465,Sport Field,sport,Soccer Field,None,GRAND AVENUE PARK - Soccer Field
7556,101880,1465,Splash Pad,None,Splash/Spray Pad,None,GRAND AVENUE PARK - Splash/Spray Pad
7557,989113,1465,Outdoor track,None,Outdoor Track,None,GRAND AVENUE PARK - Outdoor Track
7558,2281,1466,Drinking Fountain,None,Drinking Fountain Count,None,HARDING PARK - Drinking Water Source
7559,17787,1466,Ball Diamond,sport,Baseball Diamond Field - C,C,HARDING PARK - Ball Diamond Field
7560,34472,1466,Playground,None,Playground Site,None,HARDING PARK - Playground
7561,101966,1467,Playground,None,Playground Site,None,JOSEPH BURR TYRRELL PARK - Playground
7562,102248,1467,Drinking Fountain,None,Drinking Fountain Count,None,JOSEPH BURR TYRRELL PARK - Drinking Water Source
7563,2165,1468,Drinking Fountain,None,Drinking Fountain Count,None,LITTLE TRINITY CHURCH LANDS - Drinking Water Source
7564,33777,1468,Playground,None,Playground Site,None,LITTLE TRINITY CHURCH LANDS - Playground
7565,5361,1470,Firepit,None,Firepit,None,MORNINGSIDE PARK - Firepit ( 2)
7566,5363,1470,Firepit,None,Firepit,None,MORNINGSIDE PARK - Firepit (  1)
7567,5364,1470,Firepit,None,Firepit,None,MORNINGSIDE PARK - Firepit ( 3)
7568,5365,1470,Picnic Site,picnic,Picnic Site,None,MORNINGSIDE PARK - Picnic Site (  5)
7569,5366,1470,Picnic Site,picnic,Picnic Site,None,MORNINGSIDE PARK - Picnic Site (  3)
7570,5367,1470,Picnic Site,picnic,Picnic Site,None,MORNINGSIDE PARK - Picnic Site (  1)
7571,5368,1470,Picnic Site,picnic,Picnic Site,None,MORNINGSIDE PARK - Picnic Site (  2)
7572,5369,1470,Picnic Site,picnic,Picnic Site,None,MORNINGSIDE PARK - Picnic Site (  4)
7573,5370,1470,Picnic Site,picnic,Picnic Site,None,MORNINGSIDE PARK - Picnic Site (  7) - Firepit
7574,5371,1470,Picnic Site,picnic,Picnic Site,None,MORNINGSIDE PARK - Picnic Site (  6)
7575,5372,1470,Picnic Site,picnic,Picnic Site,None,MORNINGSIDE PARK - Picnic Site ( 9) - Firepit
7576,5375,1470,Splash Pad,None,Splash/Spray Pad,None,MORNINGSIDE PARK - Splash/Spray Pad
7577,22798,1470,Bike Trail,None,Bike Trail,None,HIGHLAND CREEK TRAIL ( 24)
7578,22799,1470,Bike Trail,None,Bike Trail,None,HIGHLAND CREEK TRAIL ( 25)
7579,22800,1470,Bike Trail,None,Bike Trail,None,HIGHLAND CREEK TRAIL ( 26)
7580,22801,1470,Bike Trail,None,Bike Trail,None,HIGHLAND CREEK TRAIL ( 27)
7581,22802,1470,Bike Trail,None,Bike Trail,None,HIGHLAND CREEK TRAIL ( 28)
7582,22803,1470,Bike Trail,None,Bike Trail,None,HIGHLAND CREEK TRAIL ( 29)
7583,22805,1470,Bike Trail,None,Bike Trail,None,HIGHLAND CREEK TRAIL ( 30)
7584,22806,1470,Bike Trail,None,Bike Trail,None,HIGHLAND CREEK TRAIL ( 31)
7585,22807,1470,Bike Trail,None,Bike Trail,None,HIGHLAND CREEK TRAIL ( 32)
7586,22808,1470,Bike Trail,None,Bike Trail,None,HIGHLAND CREEK TRAIL ( 33)
7587,23634,1470,Bike Trail,None,Bike Trail,None,MORNINGSIDE PARK TRAIL (  6)
7588,23635,1470,Bike Trail,None,Bike Trail,None,MORNINGSIDE PARK TRAIL (  5)
7589,23636,1470,Bike Trail,None,Bike Trail,None,MORNINGSIDE PARK TRAIL (  1)
7590,23637,1470,Bike Trail,None,Bike Trail,None,MORNINGSIDE PARK TRAIL (  2)
7591,23638,1470,Bike Trail,None,Bike Trail,None,MORNINGSIDE PARK TRAIL (  4)
7592,23639,1470,Bike Trail,None,Bike Trail,None,MORNINGSIDE PARK TRAIL (  7)
7593,23640,1470,Bike Trail,None,Bike Trail,None,MORNINGSIDE PARK TRAIL (  3)
7594,29578,1470,Washroom Facility,None,Washroom Building,None,MORNINGSIDE PARK - Washroom Building (  1)
7595,29578,1470,Fieldhouse,None,Fieldhouse,None,MORNINGSIDE PARK - Washroom Building (  1)
7596,29579,1470,Washroom Facility,None,Washroom Building,None,MORNINGSIDE PARK - Washroom Building (  2)
7597,29580,1470,Washroom Facility,None,Washroom Building,None,MORNINGSIDE PARK - Washroom Building (  3)
7598,32406,1470,Parking Lot,None,Outdoor Parking Lot,None,MORNINGSIDE PARK - Outdoor Parking Lot (  1)
7599,32407,1470,Parking Lot,None,Outdoor Parking Lot,None,MORNINGSIDE PARK - Outdoor Parking Lot (  2)
7600,32408,1470,Parking Lot,None,Outdoor Parking Lot,None,MORNINGSIDE PARK - Outdoor Parking Lot (  3)
7601,32409,1470,Parking Lot,None,Outdoor Parking Lot,None,MORNINGSIDE PARK - Outdoor Parking Lot (  6)
7602,42667,1470,Playground,None,Playground Site,None,MORNINGSIDE PARK - Playground
7603,49575,1470,Picnic Site,picnic,Picnic Site,None,MORNINGSIDE PARK - Picnic Site (  8)
7604,58226,1470,Outdoor Table Tennis,None,Outdoor Table Tennis,None,MORNINGSIDE PARK - Outdoor Table Tennis
7605,59682,1470,Picnic Shelter,picnic,Shelter,None,MORNINGSIDE PARK - Picnic Site ( 10) - With Shelter
7606,79548,1470,Bottle Filling Station,None,Water Bottle Filling Count,None,MORNINGSIDE PARK - Drinking Water Source (  1)
7607,102058,1470,Bottle Filling Station,None,Water Bottle Filling Count,None,MORNINGSIDE PARK - Drinking Water Source (  2)
7608,102058,1470,Bottle Filling Station,None,Water Bottle Filling Count,None,MORNINGSIDE PARK - Drinking Water Source (  2)
7609,102060,1470,Bottle Filling Station,None,Water Bottle Filling Count,None,MORNINGSIDE PARK - Drinking Water Source (  3)
7610,102060,1470,Bottle Filling Station,None,Water Bottle Filling Count,None,MORNINGSIDE PARK - Drinking Water Source (  3)
7611,849968,1470,Parking Lot,None,Outdoor Parking Lot,None,MORNINGSIDE PARK - Outdoor Parking Lot (  4)
7612,849969,1470,Parking Lot,None,Outdoor Parking Lot,None,MORNINGSIDE PARK - Outdoor Parking Lot (  5)
7613,3762,1471,Outdoor Tennis Court,None,Outdoor Tennis Court,None,SCARLETT MILLS PARK - Outdoor Tennis Court (  1)
7614,3763,1471,Outdoor Tennis Court,None,Outdoor Tennis Court,None,SCARLETT MILLS PARK - Outdoor Tennis Court (  2)
7615,3764,1471,Outdoor Tennis Court,None,Outdoor Tennis Court,None,SCARLETT MILLS PARK - Outdoor Tennis Court (  3)
7616,3765,1471,Outdoor Tennis Court,None,Outdoor Tennis Court,None,SCARLETT MILLS PARK - Outdoor Tennis Court (  4)
7617,22872,1471,Bike Trail,None,Bike Trail,None,HUMBER RIVER RECREATIONAL TRAIL (100)
7618,22873,1471,Bike Trail,None,Bike Trail,None,HUMBER RIVER RECREATIONAL TRAIL (101)
7619,22874,1471,Bike Trail,None,Bike Trail,None,HUMBER RIVER RECREATIONAL TRAIL (102)
7620,22875,1471,Bike Trail,None,Bike Trail,None,HUMBER RIVER RECREATIONAL TRAIL (103)
7621,22876,1471,Bike Trail,None,Bike Trail,None,HUMBER RIVER RECREATIONAL TRAIL (104)
7622,23072,1471,Bike Trail,None,Bike Trail,None,HUMBER RIVER RECREATIONAL TRAIL ( 89)
7623,23074,1471,Bike Trail,None,Bike Trail,None,HUMBER RIVER RECREATIONAL TRAIL ( 90)
7624,23075,1471,Bike Trail,None,Bike Trail,None,HUMBER RIVER RECREATIONAL TRAIL ( 91)
7625,23076,1471,Bike Trail,None,Bike Trail,None,HUMBER RIVER RECREATIONAL TRAIL ( 92)
7626,23077,1471,Bike Trail,None,Bike Trail,None,HUMBER RIVER RECREATIONAL TRAIL ( 93)
7627,23078,1471,Bike Trail,None,Bike Trail,None,HUMBER RIVER RECREATIONAL TRAIL ( 94)
7628,23079,1471,Bike Trail,None,Bike Trail,None,HUMBER RIVER RECREATIONAL TRAIL ( 95)
7629,23080,1471,Bike Trail,None,Bike Trail,None,HUMBER RIVER RECREATIONAL TRAIL ( 96)
7630,23081,1471,Bike Trail,None,Bike Trail,None,HUMBER RIVER RECREATIONAL TRAIL ( 97)
7631,23082,1471,Bike Trail,None,Bike Trail,None,HUMBER RIVER RECREATIONAL TRAIL ( 98)
7632,23083,1471,Bike Trail,None,Bike Trail,None,HUMBER RIVER RECREATIONAL TRAIL ( 99)
7633,28050,1471,Bowling Green,None,Bowling Green,None,SCARLETT MILLS PARK - Bowling Green
7634,32445,1471,Parking Lot,None,Outdoor Parking Lot,None,SCARLETT MILLS PARK - Outdoor Parking Lot (  1)
7635,32446,1471,Parking Lot,None,Outdoor Parking Lot,None,SCARLETT MILLS PARK - Outdoor Parking Lot (  2)
7636,32447,1471,Parking Lot,None,Outdoor Parking Lot,None,SCARLETT MILLS PARK - Outdoor Parking Lot (  3)
7637,32448,1471,Parking Lot,None,Outdoor Parking Lot,None,SCARLETT MILLS PARK - Outdoor Parking Lot (  4)
7638,967720,1471,Picnic Shelter,picnic,Shelter,None,SCARLETT MILLS PARK - Shade Structure (  1)
7639,967721,1471,Picnic Shelter,picnic,Shelter,None,SCARLETT MILLS PARK - Shade Structure (  2)
7640,967722,1471,Picnic Shelter,picnic,Shelter,None,SCARLETT MILLS PARK - Shade Structure (  3)
7641,967723,1471,Picnic Shelter,picnic,Shelter,None,SCARLETT MILLS PARK - Shade Structure (  4)
7642,989785,1471,Picnic Site,picnic,Picnic Site,None,SCARLETT MILLS PARK - Picnic Site
7643,36782,1472,Dogs Off-Leash Area,None,Off Leash Area,None,THOMPSON STREET PARKETTE - Off Leash Area
7644,77434,1472,Dog Fountain,None,Dog Fountain Count,None,THOMPSON STREET PARKETTE - Drinking Water Source
7645,33828,1473,Playground,None,Playground Site,None,SILVERHILL PARK - Playground
7646,850081,1473,Parking Lot,None,Outdoor Parking Lot,None,SILVERHILL PARK - Outdoor Parking Lot (  2)
7647,3759,1474,Outdoor Basketball Court,None,Basketball Court,None,SEASONS PARK - Basketball Court
7648,17923,1474,Ball Diamond,sport,Baseball Diamond Field - C,C,SEASONS PARK - Ball Diamond Field
7649,33919,1474,Playground,None,Playground Site,None,SEASONS PARK - Playground
7650,967630,1474,Gazebo,None,Gazebo,None,SEASONS PARK - Shade Structure
7651,2686,1476,Drinking Fountain,None,Drinking Fountain Count,None,YORK MILLS VALLEY PARK - Drinking Water Source (  1)
7652,3882,1476,Outdoor Tennis Court,None,Outdoor Tennis Court,None,YORK MILLS VALLEY PARK - Outdoor Tennis Court (  1)
7653,3883,1476,Outdoor Tennis Court,None,Outdoor Tennis Court,None,YORK MILLS VALLEY PARK - Outdoor Tennis Court (  2)
7654,3885,1476,Outdoor Tennis Court,None,Outdoor Tennis Court,None,YORK MILLS VALLEY PARK - Outdoor Tennis Court (  3)
7655,3886,1476,Outdoor Tennis Court,None,Outdoor Tennis Court,None,YORK MILLS VALLEY PARK - Outdoor Tennis Court (  1)
7656,3887,1476,Outdoor Tennis Court,None,Outdoor Tennis Court,None,YORK MILLS VALLEY PARK - Outdoor Tennis Court (  2)
7657,24553,1476,Bike Trail,None,Bike Trail,None,YORK MILLS VALLEY PARK TRAIL
7658,34162,1476,Playground,None,Playground Site,None,YORK MILLS VALLEY PARK - Playground
7659,102211,1476,Drinking Fountain,None,Drinking Fountain Count,None,YORK MILLS VALLEY PARK - Drinking Water Source (  2)
7660,18199,1478,Ball Diamond,sport,Baseball Diamond Field - C,C,WOODSWORTH PARK - Ball Diamond Field (  1)
7661,22672,1478,Bike Trail,None,Bike Trail,None,GATINEAU HYDRO CORRIDOR TRAIL ( 22)
7662,22673,1478,Bike Trail,None,Bike Trail,None,GATINEAU HYDRO CORRIDOR TRAIL ( 23)
7663,22674,1478,Bike Trail,None,Bike Trail,None,GATINEAU HYDRO CORRIDOR TRAIL ( 24)
7664,22675,1478,Bike Trail,None,Bike Trail,None,GATINEAU HYDRO CORRIDOR TRAIL ( 25)
7665,49547,1479,Parking Lot,None,Outdoor Parking Lot,None,WOODLANDS PARK - Outdoor Parking Lot
7666,3493,1480,Outdoor Basketball Court,None,Basketball Court,None,BIRUNTHAN PARK - Basketball Court (  1)
7667,4805,1480,Splash Pad,None,Splash/Spray Pad,None,BIRUNTHAN PARK - Splash/Spray Pad
7668,17686,1480,Sport Field,sport,Soccer Field - C,C,BIRUNTHAN PARK - Soccer Field
7669,28462,1480,Outdoor Basketball Court,None,Basketball Court,None,BIRUNTHAN PARK - Basketball Court (  2)
7670,34349,1480,Playground,None,Playground Site,None,BIRUNTHAN PARK - Playground
7671,103283,1480,Bottle Filling Station,None,Water Bottle Filling Count,None,BIRUNTHAN PARK - Drinking Water Source
7672,967995,1480,Gazebo,None,Gazebo,None,BIRUNTHAN PARK - Shade Structure
7673,34537,1481,Playground,None,Playground Site,None,UPPER JUNCTION PARK - Playground
7674,37227,1482,Cricket Pitch Field,sport,Cricket Pitch Field - C,C,THACKERAY PARK - Cricket Pitch Field
7675,37228,1482,Practice Wicket,None,Practice Wicket - C,C,THACKERAY PARK - Practice Wicket
7676,45202,1482,Parking Lot,None,Outdoor Parking Lot,None,THACKERAY PARK - Outdoor Parking Lot (  1)
7677,45302,1482,Parking Lot,None,Outdoor Parking Lot,None,THACKERAY PARK - Outdoor Parking Lot (  2)
7678,22889,1486,Bike Trail,None,Bike Trail,None,HUMBER RIVER RECREATIONAL TRAIL (116)
7679,116977,1486,Drinking Fountain,None,Drinking Fountain Count,None,SOUTH HUMBER PARK - Drinking Water Souce
7680,968003,1486,Gazebo,None,Gazebo,None,SOUTH HUMBER PARK - Shade Structure
7681,33840,1487,Playground,None,Playground Site,None,SISKEN TRAIL PARK - Playground
7682,57392,1487,Pond,None,Open Water,None,SISKEN TRAIL PARK - Open Water
7683,23039,1489,Bike Trail,None,Bike Trail,None,HUMBER RIVER RECREATIONAL TRAIL ( 59)
7684,23041,1489,Bike Trail,None,Bike Trail,None,HUMBER RIVER RECREATIONAL TRAIL ( 60)
7685,23042,1489,Bike Trail,None,Bike Trail,None,HUMBER RIVER RECREATIONAL TRAIL ( 61)
7686,32429,1489,Parking Lot,None,Outdoor Parking Lot,None,RAYMORE PARK - Outdoor Parking Lot
7687,34335,1489,Playground,None,Playground Site,None,RAYMORE PARK - Playground
7688,58183,1489,Dogs Off-Leash Area,None,Off Leash Area,None,RAYMORE PARK - Off Leash Area
7689,58184,1489,Ball Diamond,sport,Baseball Diamond Field,None,RAYMORE PARK - Ball Diamond Field
7690,13322,1490,Drinking Fountain,None,Drinking Fountain Count,None,PRINCESS PARK - Drinking Water Source
7691,17898,1492,Ball Diamond,sport,Baseball Diamond Field - C,C,PORT ROYAL PARK - Ball Diamond Field
7692,17899,1492,Sport Field,sport,Soccer Field - C,C,PORT ROYAL PARK - Soccer Field
7693,34261,1492,Playground,None,Playground Site,None,PORT ROYAL PARK - Playground
7694,102252,1492,Drinking Fountain,None,Drinking Fountain Count,None,PORT ROYAL PARK - Drinking Water Source
7695,57379,1494,Pond,None,Open Water,None,POINT ROUGE TRAIL PARK - Open Water
7696,17605,1495,Splash Pad,None,Splash/Spray Pad,None,OATES PARK - Splash/Spray Pad
7697,17993,1495,Sport Field,sport,Soccer Field - C,C,OATES PARK - Soccer Field
7698,34533,1495,Playground,None,Playground Site,None,OATES PARK - Playground
7699,5311,1496,Splash Pad,None,Splash/Spray Pad,None,OAKRIDGE PARK - Splash/Spray Pad
7700,17879,1496,Sport Field,sport,Soccer Field - A,A,OAKRIDGE PARK - Soccer Field
7701,34232,1496,Playground,None,Playground Site,None,OAKRIDGE PARK - Playground
7702,49528,1496,Parking Lot,None,Outdoor Parking Lot,None,OAKRIDGE PARK - Outdoor Parking Lot
7703,102147,1496,Bottle Filling Station,None,Water Bottle Filling Count,None,OAKRIDGE PARK - Drinking Water Source
7704,132756,1496,Outdoor Table Tennis,None,Outdoor Table Tennis,None,OAKRIDGE PARK - Outdoor Table Tennis
7705,989573,1498,Drinking Fountain,None,Drinking Fountain Count,None,NORMAN JEWISON PARK - Drinking Water Source ( 1)
7706,989574,1498,Dog Fountain,None,Dog Fountain Count,None,NORMAN JEWISON PARK - Drinking Water Source ( 2)
7707,34202,1499,Playground,None,Playground Site,None,MOREAU TRAIL PARK - Playground
7708,18118,1500,Multipurpose Field,None,Multipurpose Field - C,C,MCCOWAN DISTRICT PARK - Multipurpose Field
7709,18119,1500,Sport Field,sport,Soccer Field - A,A,MCCOWAN DISTRICT PARK - Soccer Field
7710,23395,1500,Bike Trail,None,Bike Trail,None,MCCOWAN DISTRICT PARK TRAIL ( 10)
7711,23397,1500,Bike Trail,None,Bike Trail,None,MCCOWAN DISTRICT PARK TRAIL ( 12)
7712,23398,1500,Bike Trail,None,Bike Trail,None,MCCOWAN DISTRICT PARK TRAIL ( 13)
7713,23401,1500,Bike Trail,None,Bike Trail,None,MCCOWAN DISTRICT PARK TRAIL ( 16)
7714,23404,1500,Bike Trail,None,Bike Trail,None,MCCOWAN DISTRICT PARK TRAIL ( 19)
7715,23406,1500,Bike Trail,None,Bike Trail,None,MCCOWAN DISTRICT PARK TRAIL ( 20)
7716,23409,1500,Bike Trail,None,Bike Trail,None,MCCOWAN DISTRICT PARK TRAIL ( 23)
7717,23413,1500,Bike Trail,None,Bike Trail,None,MCCOWAN DISTRICT PARK TRAIL ( 27)
7718,23416,1500,Bike Trail,None,Bike Trail,None,MCCOWAN DISTRICT PARK TRAIL (  3)
7719,23417,1500,Bike Trail,None,Bike Trail,None,MCCOWAN DISTRICT PARK TRAIL ( 30)
7720,23418,1500,Bike Trail,None,Bike Trail,None,MCCOWAN DISTRICT PARK TRAIL ( 31)
7721,23422,1500,Bike Trail,None,Bike Trail,None,MCCOWAN DISTRICT PARK TRAIL ( 35)
7722,23423,1500,Bike Trail,None,Bike Trail,None,MCCOWAN DISTRICT PARK TRAIL ( 36)
7723,23424,1500,Bike Trail,None,Bike Trail,None,MCCOWAN DISTRICT PARK TRAIL ( 37)
7724,23425,1500,Bike Trail,None,Bike Trail,None,MCCOWAN DISTRICT PARK TRAIL ( 38)
7725,23427,1500,Bike Trail,None,Bike Trail,None,MCCOWAN DISTRICT PARK TRAIL (  4)
7726,23432,1500,Bike Trail,None,Bike Trail,None,MCCOWAN DISTRICT PARK TRAIL ( 44)
7727,23433,1500,Bike Trail,None,Bike Trail,None,MCCOWAN DISTRICT PARK TRAIL ( 45)
7728,23434,1500,Bike Trail,None,Bike Trail,None,MCCOWAN DISTRICT PARK TRAIL ( 46)
7729,23435,1500,Bike Trail,None,Bike Trail,None,MCCOWAN DISTRICT PARK TRAIL ( 47)
7730,23436,1500,Bike Trail,None,Bike Trail,None,MCCOWAN DISTRICT PARK TRAIL ( 48)
7731,23440,1500,Bike Trail,None,Bike Trail,None,MCCOWAN DISTRICT PARK TRAIL ( 51)
7732,23441,1500,Bike Trail,None,Bike Trail,None,MCCOWAN DISTRICT PARK TRAIL ( 52)
7733,23442,1500,Bike Trail,None,Bike Trail,None,MCCOWAN DISTRICT PARK TRAIL ( 53)
7734,23443,1500,Bike Trail,None,Bike Trail,None,MCCOWAN DISTRICT PARK TRAIL ( 54)
7735,23450,1500,Bike Trail,None,Bike Trail,None,MCCOWAN DISTRICT PARK TRAIL ( 60)
7736,23451,1500,Bike Trail,None,Bike Trail,None,MCCOWAN DISTRICT PARK TRAIL ( 61)
7737,23452,1500,Bike Trail,None,Bike Trail,None,MCCOWAN DISTRICT PARK TRAIL ( 62)
7738,23453,1500,Bike Trail,None,Bike Trail,None,MCCOWAN DISTRICT PARK TRAIL ( 63)
7739,23458,1500,Bike Trail,None,Bike Trail,None,MCCOWAN DISTRICT PARK TRAIL (  7)
7740,23460,1500,Bike Trail,None,Bike Trail,None,MCCOWAN DISTRICT PARK TRAIL (  9)
7741,42644,1500,Playground,None,Playground Site,None,MCCOWAN DISTRICT PARK - Playground
7742,49531,1500,Parking Lot,None,Outdoor Parking Lot,None,MCCOWAN DISTRICT PARK - Outdoor Parking Lot (  1)
7743,49532,1500,Parking Lot,None,Outdoor Parking Lot,None,MCCOWAN DISTRICT PARK - Outdoor Parking Lot (  2)
7744,60122,1500,Pickleball Court,None,None,None,MCCOWAN DISTRICT PARK - Outdoor Artificial Ice Rink
7745,60122,1500,Pickleball Court,None,None,None,MCCOWAN DISTRICT PARK - Outdoor Artificial Ice Rink
7746,60122,1500,Pickleball Court,None,None,None,MCCOWAN DISTRICT PARK - Outdoor Artificial Ice Rink
7747,60122,1500,Pickleball Court,None,None,None,MCCOWAN DISTRICT PARK - Outdoor Artificial Ice Rink
7748,60142,1500,Fieldhouse,None,Fieldhouse,None,MCCOWAN DISTRICT PARK - Fieldhouse
7749,60142,1500,Washroom Facility,None,Washroom Building,None,MCCOWAN DISTRICT PARK - Fieldhouse
7750,60143,1500,Outdoor Rink,ice,Outdoor Ice Pad,None,MCCOWAN DISTRICT PARK - Outdoor Ice Pad
7751,60144,1500,Skate Trail,None,Skate Trail,None,MCCOWAN DISTRICT PARK - Skate Trail
7752,60902,1500,Picnic Shelter,picnic,Shelter,None,MCCOWAN DISTRICT PARK - Shade Structure
7753,72637,1500,Parking Lot,None,Outdoor Parking Lot,None,MCCOWAN DISTRICT PARK - Outdoor Parking Lot (  3)
7754,94307,1500,Splash Pad,None,Splash/Spray Pad,None,MCCOWAN DISTRICT PARK - Splash/Spray Pad
7755,2976,1501,Outdoor Basketball Court,None,Basketball Court,None,LEONARD LINTON PARK - Basketball Court
7756,4156,1501,Skateboard Area,None,Skateboard Area,None,LEONARD LINTON PARK - Skateboard Area
7757,60422,1501,Playground,None,Playground Site,None,LEONARD LINTON PARK - Playground
7758,94343,1501,Outdoor Chess Table,None,Outdoor Chess Table,None,LEONARD LINTON PARK - Outdoor Chess Table (  1)
7759,94344,1501,Outdoor Chess Table,None,Outdoor Chess Table,None,LEONARD LINTON PARK - Outdoor Chess Table (  2)
7760,102095,1501,Bottle Filling Station,None,Water Bottle Filling Count,None,LEONARD LINTON PARK - Drinking Water Source
7761,34237,1503,Playground,None,Playground Site,None,JOHN CHANG NEIGHBOURHOOD PARK - Playground
7762,2224,1504,Drinking Fountain,None,Drinking Fountain Count,None,ISLINGTON PARK - Drinking Water Source
7763,34522,1504,Playground,None,Playground Site,None,ISLINGTON PARK - Playground
7764,3111,1508,Outdoor Basketball Court,None,Basketball Court,None,HUMBERLINE PARK - Basketball Court
7765,34504,1508,Playground,None,Playground Site,None,HUMBERLINE PARK - Playground
7766,74844,1508,Washroom Facility,None,Washroom Building,None,HUMBERLINE PARK - Washroom Building
7767,74866,1508,Drinking Fountain,None,Drinking Fountain Count,None,HUMBERLINE PARK - Drinking Water Source
7768,74866,1508,Bottle Filling Station,None,Water Bottle Filling Count,None,HUMBERLINE PARK - Drinking Water Source
7769,74866,1508,Bottle Filling Station,None,Water Bottle Filling Count,None,HUMBERLINE PARK - Drinking Water Source
7770,18038,1509,Sport Field,sport,Soccer Field - B,B,FINCH - HUMBERLINE SPORTSFIELDS - Soccer Field (  1)
7771,18039,1509,Sport Field,sport,Soccer Field - B,B,FINCH - HUMBERLINE SPORTSFIELDS - Soccer Field (  2)
7772,49520,1509,Parking Lot,None,Outdoor Parking Lot,None,FINCH - HUMBERLINE SPORTSFIELDS - Outdoor Parking Lot
7773,22769,1510,Bike Trail,None,Bike Trail,None,HARRISON PROPERTIES TRAIL (  1)
7774,22770,1510,Bike Trail,None,Bike Trail,None,HARRISON PROPERTIES TRAIL (  2)
7775,21878,1511,Bike Trail,None,Bike Trail,None,BELTLINE TRAIL ( 69)
7776,23198,1511,Bike Trail,None,Bike Trail,None,LOWER DON RIVER TRAIL (  9)
7777,23199,1511,Bike Trail,None,Bike Trail,None,LOWER DON RIVER TRAIL ( 10)
7778,23200,1511,Bike Trail,None,Bike Trail,None,LOWER DON RIVER TRAIL ( 11)
7779,23230,1511,Bike Trail,None,Bike Trail,None,LOWER DON RIVER TRAIL (  3)
7780,23237,1511,Bike Trail,None,Bike Trail,None,LOWER DON RIVER TRAIL (  4)
7781,23238,1511,Bike Trail,None,Bike Trail,None,LOWER DON RIVER TRAIL (  5)
7782,23239,1511,Bike Trail,None,Bike Trail,None,LOWER DON RIVER TRAIL (  6)
7783,23240,1511,Bike Trail,None,Bike Trail,None,LOWER DON RIVER TRAIL (  7)
7784,23241,1511,Bike Trail,None,Bike Trail,None,LOWER DON RIVER TRAIL (  8)
7785,57367,1511,Pond,None,Open Water,None,LOWER DON PARKLANDS - Open Water (  1)
7786,57368,1511,Pond,None,Open Water,None,LOWER DON PARKLANDS - Open Water (  2)
7787,57369,1511,Pond,None,Open Water,None,LOWER DON PARKLANDS - Open Water (  3)
7788,57370,1511,Pond,None,Open Water,None,LOWER DON PARKLANDS - Open Water (  4)
7789,57371,1511,Pond,None,Open Water,None,LOWER DON PARKLANDS - Open Water (  5)
7790,57372,1511,Pond,None,Open Water,None,LOWER DON PARKLANDS - Open Water (  6)
7791,1194,1529,Allotment Garden,None,Allotment Garden,None,BISHOP ALLOTMENTS
7792,44063,1569,Campground,None,Campground,None,CLAIREVILLE DAY CAMP
7793,257,1583,Allotment Garden,None,Allotment Garden,None,DAVENTRY ALLOTMENTS
7794,383,1631,Allotment Garden,None,Allotment Garden,None,FOUR WINDS ALLOTMENTS
7795,410,1642,Allotment Garden,None,Allotment Garden,None,GIVENDALE ALLOTMENTS
7796,2238,1663,Drinking Fountain,None,Drinking Fountain Count,None,HTO PARK - Drinking Water Source
7797,2239,1663,Outdoor Shower,None,Outdoor Shower,None,HTO PARK - Outdoor Shower (  1)
7798,2240,1663,Outdoor Shower,None,Outdoor Shower,None,HTO PARK - Outdoor Shower (  2)
7799,2813,1663,Beach,None,Beach,None,HTO BEACH (sand only)
7800,556,1681,Allotment Garden,None,Allotment Garden,None,JONESVILLE ALLOTMENTS
7801,36151,1685,Sport Field,sport,Soccer Field - Premier,P,TORONTO AZZURRI YOUTH SPORT VILLAGE - Soccer Field
7802,36157,1685,Cricket Pitch Field,sport,Cricket Pitch Field - C,C,KEELE RESERVOIR - Cricket Pitch Field (  1)
7803,36158,1685,Cricket Pitch Field,sport,Cricket Pitch Field - C,C,KEELE RESERVOIR - Cricket Pitch Field (  2)
7804,45382,1685,Clubhouse,None,Clubhouse,None,TORONTO AZZURRI YOUTH SPORT VILLAGE
7805,849967,1685,Parking Lot,None,Outdoor Parking Lot,None,KEELE RESERVOIR - Outdoor Parking Lot
7806,32518,1690,Parking Lot,None,Outdoor Parking Lot,None,KIPLING YARD - Outdoor Parking Lot
7807,2526,1707,Drinking Fountain,None,Drinking Fountain Count,None,TORONTO MUSIC GARDEN - Drinking Water Source (  1)
7808,2527,1707,Drinking Fountain,None,Drinking Fountain Count,None,TORONTO MUSIC GARDEN - Drinking Water Source (  2)
7809,36505,1707,Fieldhouse,None,Fieldhouse,None,TORONTO MUSIC GARDEN - Fieldhouse
7810,22543,1710,Bike Trail,None,Bike Trail,None,FINCH CORRIDOR TRAIL (  2)
7811,22544,1710,Bike Trail,None,Bike Trail,None,FINCH CORRIDOR TRAIL (  3)
7812,36152,1710,Sport Field,sport,Soccer Field - C,C,REMBERTO NAVIA - Soccer Field (  1)
7813,36153,1710,Sport Field,sport,Soccer Field - C,C,REMBERTO NAVIA - Soccer Field (  2)
7814,36154,1710,Sport Field,sport,Soccer Field - C,C,REMBERTO NAVIA - Soccer Field (  3)
7815,36155,1710,Sport Field,sport,Soccer Field - C,C,REMBERTO NAVIA - Soccer Field (  4)
7816,36156,1710,Sport Field,sport,Soccer Field - C,C,REMBERTO NAVIA - Soccer Field (  5)
7817,36159,1710,Cricket Pitch Field,sport,Cricket Pitch Field - C,C,REMBERTO NAVIA - Cricket Pitch Field
7818,850072,1710,Parking Lot,None,Outdoor Parking Lot,None,REMBERTO NAVIA SPORT FIELDS - Outdoor Parking Lot
7819,2640,1748,Drinking Fountain,None,Drinking Fountain Count,None,SCARBORO CRESCENT PARK - Drinking Water Source
7820,3768,1748,Outdoor Tennis Court,None,Outdoor Tennis Court,None,SCARBORO CRESCENT PARK - Outdoor Tennis Court (  1)
7821,3769,1748,Outdoor Tennis Court,None,Outdoor Tennis Court,None,SCARBORO CRESCENT PARK - Outdoor Tennis Court (  2)
7822,3770,1748,Outdoor Tennis Court,None,Outdoor Tennis Court,None,SCARBORO CRESCENT PARK - Outdoor Tennis Court (  1)
7823,3771,1748,Outdoor Tennis Court,None,Outdoor Tennis Court,None,SCARBORO CRESCENT PARK - Outdoor Tennis Court (  2)
7824,5133,1748,Splash Pad,None,Splash/Spray Pad,None,SCARBORO CRESCENT PARK - Splash/Spray Pad
7825,33915,1748,Playground,None,Playground Site,None,SCARBORO CRESCENT PARK - Playground
7826,36747,1748,Kitchen,room,Kitchen,None,SCARBORO CRESCENT PARK - Tennis Clubhouse - Kitchen
7827,36748,1748,Lounge,room,Room,None,SCARBORO CRESCENT PARK - Tennis Clubhouse - Sitting Room
7828,13825,1801,Allotment Garden,None,Allotment Garden,None,STOFFEL ALLOTMENTS
7829,27742,1806,Children's Garden,None,Children's Garden,None,CENTRE ISLAND PARK - FRANKLIN CHILDREN'S GARDEN
7830,29694,1806,Amphitheatre,special,Amphitheatre,None,CENTRE ISLAND PARK FRANKLIN CHILDREN'S GARDEN AMPHITHEATRE
7831,29879,1842,Kitchen,room,Kitchen,None,MONTGOMERY'S INN - Kitchen (  2)
7832,29880,1842,Kitchen,room,Kitchen,None,MONTGOMERY'S INN - Kitchen (  1)
7833,34416,1848,Playground,None,Playground Site,None,CLOVERCREST PARKETTE - Playground
7834,4159,1849,Splash Pad,None,Splash/Spray Pad,None,LEE CENTRE PARK - Splash/Spray Pad
7835,34118,1849,Playground,None,Playground Site,None,LEE CENTRE PARK - Playground
7836,988792,1849,Dog Fountain,None,Dog Fountain Count,None,LEE CENTRE PARK - Drinking Water Source
7837,988792,1849,Bottle Filling Station,None,Water Bottle Filling Count,None,LEE CENTRE PARK - Drinking Water Source
7838,34325,1850,Playground,None,Playground Site,None,QUEENSLAND PARK - Playground
7839,967805,1850,Picnic Shelter,picnic,Shelter,None,QUEENSLAND PARK - Shade Structure
7840,34217,1852,Playground,None,Playground Site,None,NESBITT PARK - Playground
7841,58233,1852,Outdoor Table Tennis,None,Outdoor Table Tennis,None,NESBITT PARK - Outdoor Table Tennis
7842,2584,1854,Drinking Fountain,None,Drinking Fountain Count,None,STRATFORD PARK - Drinking Water Source
7843,48983,1855,Curling Rink,None,Curling Rink,None,EAST YORK CURLING CLUB - Curling Rink
7844,48964,1856,Curling Rink,None,Curling Rink,None,LEASIDE CURLING CLUB - Curling Rink
7845,2627,1860,Drinking Fountain,None,Drinking Fountain Count,None,SHERBOURNE COMMON - Drinking Water Source (  1)
7846,2628,1860,Drinking Fountain,None,Drinking Fountain Count,None,SHERBOURNE COMMON - Drinking Water Source (  2)
7847,14073,1860,Splash Pad,None,Splash/Spray Pad,None,PAUL QUARRINGTON - Outdoor Artificial Ice Rink
7848,28901,1860,Washroom Facility,None,Washroom Building,None,SHERBOURNE COMMON A.I.R. BUILDING
7849,34180,1860,Playground,None,Playground Site,None,SHERBOURNE COMMON - Playground
7850,43569,1860,Outdoor Rink,ice,Outdoor Ice Pad,None,PAUL QUARRINGTON - Outdoor Ice Pad
7851,138629,1860,Splash Pad,None,Splash/Spray Pad,None,SHERBOURNE COMMON - Splash/Spray Pad
7852,34336,1861,Playground,None,Playground Site,None,REAN PARK - Playground
7853,29933,1865,Kitchen,room,Kitchen - Premier,P,WARDEN HILLTOP COMMUNITY CENTRE PARK - Kitchen
7854,40877,1865,Weight/Cardio Room,None,Room-Fitness/Weight,None,WARDEN HILLTOP COMMUNITY CENTRE PARK - Weight Room
7855,41503,1865,Gymnasium,gym,Gymnasium - A,A,WARDEN HILLTOP COMMUNITY CENTRE PARK - Gymnasium
7856,48506,1865,Craft Room,room,Room-Craft - C,C,WARDEN HILLTOP COMMUNITY CENTRE PARK - Craft Room
7857,48507,1865,Fitness/Dance Studio,None,Room - C,C,WARDEN HILLTOP COMMUNITY CENTRE PARK - Fitness/Dance Studio
7858,48508,1865,Meeting Room,None,None,None,WARDEN HILLTOP COMMUNITY CENTRE PARK - Meeting Room
7859,48509,1865,Multipurpose Room,room,Room - B,B,WARDEN HILLTOP COMMUNITY CENTRE PARK - Multipurpose Room (  1)
7860,48510,1865,Multipurpose Room,room,Room - C,C,WARDEN HILLTOP COMMUNITY CENTRE PARK - Multipurpose Room (  2)
7861,48511,1865,Multipurpose Room,room,Room - C,C,WARDEN HILLTOP COMMUNITY CENTRE PARK - Multipurpose Room (  3)
7862,48512,1865,Multipurpose Room,room,Room - B,B,WARDEN HILLTOP COMMUNITY CENTRE PARK - Multipurpose Room (  4)
7863,48513,1865,Preschool,room,Preschool - C,C,WARDEN HILLTOP COMMUNITY CENTRE PARK - Preschool
7864,132709,1865,Outdoor Basketball Court,None,Basketball Court,None,WARDEN HILLTOP COMMUNITY CENTRE PARK - Basketball Court
7865,33815,1868,Playground,None,Playground Site,None,MAXOME PARK - Playground
7866,44704,1870,Allotment Garden,None,Allotment Garden,None,CORNELL CAMPBELL HOUSE - Allotment Garden
7867,29920,1873,Kitchen,room,Kitchen,None,STEPHEN LEACOCK SENIORS' COMMUNITY CENTRE - Kitchen
7868,47891,1873,Craft Room,room,Room-Craft - C,C,STEPHEN LEACOCK SENIORS' COMMUNITY CENTRE - Craft Room (  1)
7869,47892,1873,Games Room,room,Games Room - C,C,STEPHEN LEACOCK SENIORS' COMMUNITY CENTRE - Games Room
7870,47893,1873,Lounge,room,Room - C,C,STEPHEN LEACOCK SENIORS' COMMUNITY CENTRE - Lounge
7871,47907,1873,Craft Room,room,Room-Craft - C,C,STEPHEN LEACOCK SENIORS' COMMUNITY CENTRE - Craft Room (  2)
7872,47908,1873,Gallery,room,Gallery/Hall  - B,B,STEPHEN LEACOCK SENIORS' COMMUNITY CENTRE - Gallery/Hall
7873,47909,1873,Multipurpose Room,room,Room - C,C,STEPHEN LEACOCK SENIORS' COMMUNITY CENTRE - Multipurpose Room
7874,34515,1879,Playground,None,Playground Site,None,IONVIEW PARK - Playground
7875,34263,1880,Playground,None,Playground Site,None,PORTAGE GARDENS PARK - Playground
7876,2326,1882,Drinking Fountain,None,Drinking Fountain Count,None,FAIRFIELD PARK - Drinking Water Source
7877,4483,1882,Shuffle Board,None,Shuffle Board,None,FAIRFIELD PARK - Shuffle Board (  1)
7878,4484,1882,Shuffle Board,None,Shuffle Board,None,FAIRFIELD PARK - Shuffle Board (  2)
7879,4485,1882,Splash Pad,None,Splash/Spray Pad,None,FAIRFIELD PARK - Splash/Spray Pad
7880,34058,1882,Playground,None,Playground Site,None,FAIRFIELD PARK - Playground
7881,849975,1882,Parking Lot,None,Outdoor Parking Lot,None,FAIRFIELD PARK - Outdoor Parking Lot
7882,3952,1884,Outdoor Tennis Court,None,Outdoor Tennis Court,None,OLD MILL SITE PARK - Outdoor Tennis Court (  1)
7883,3953,1884,Outdoor Tennis Court,None,Outdoor Tennis Court,None,OLD MILL SITE PARK - Outdoor Tennis Court (  2)
7884,3954,1884,Outdoor Tennis Court,None,Outdoor Tennis Court,None,OLD MILL SITE PARK - Outdoor Tennis Court (  3)
7885,3955,1884,Outdoor Tennis Court,None,Outdoor Tennis Court,None,OLD MILL SITE PARK - Outdoor Tennis Court (  4)
7886,34294,1886,Playground,None,Playground Site,None,TRAYMORE PARK - Playground
7887,60882,1886,Outdoor Fitness Equipment,None,Outdoor Fitness Equipment,None,TRAYMORE PARK - Outdoor Fitness Equipment (  1)
7888,60883,1886,Outdoor Fitness Equipment,None,Outdoor Fitness Equipment,None,TRAYMORE PARK - Outdoor Fitness Equipment (  2)
7889,60884,1886,Outdoor Fitness Equipment,None,Outdoor Fitness Equipment,None,TRAYMORE PARK - Outdoor Fitness Equipment (  3)
7890,60885,1886,Outdoor Fitness Equipment,None,Outdoor Fitness Equipment,None,TRAYMORE PARK - Outdoor Fitness Equipment (  4)
7891,60886,1886,Outdoor Fitness Equipment,None,Outdoor Fitness Equipment,None,TRAYMORE PARK - Outdoor Fitness Equipment (  5)
7892,33865,1888,Playground,None,Playground Site,None,STONEHOUSE PARK - Playground
7893,75142,1888,Outdoor Chess Table,None,Outdoor Chess Table,None,STONEHOUSE PARK - Outdoor Chess Table (  1)
7894,75143,1888,Outdoor Chess Table,None,Outdoor Chess Table,None,STONEHOUSE PARK - Outdoor Chess Table (  2)
7895,75165,1888,Outdoor Fitness Equipment,None,Outdoor Fitness Equipment,None,STONEHOUSE PARK - Outdoor Fitness Equipment Area - Outdoor Fitness Equipment (  1)
7896,75166,1888,Outdoor Fitness Equipment,None,Outdoor Fitness Equipment,None,STONEHOUSE PARK - Outdoor Fitness Equipment Area - Outdoor Fitness Equipment (  2)
7897,75167,1888,Outdoor Fitness Equipment,None,Outdoor Fitness Equipment,None,STONEHOUSE PARK - Outdoor Fitness Equipment Area - Outdoor Fitness Equipment (  3)
7898,75169,1888,Outdoor Fitness Equipment,None,Outdoor Fitness Equipment,None,STONEHOUSE PARK - Outdoor Fitness Equipment Area - Outdoor Fitness Equipment (  4)
7899,75170,1888,Outdoor Fitness Equipment,None,Outdoor Fitness Equipment,None,STONEHOUSE PARK - Outdoor Fitness Equipment Area - Outdoor Fitness Equipment (  5)
7900,75171,1888,Outdoor Fitness Equipment,None,Outdoor Fitness Equipment,None,STONEHOUSE PARK - Outdoor Fitness Equipment Area - Outdoor Fitness Equipment (  6)
7901,48452,1889,Multipurpose Room,room,Room - C,C,ROYWOOD PARK CLUBHOUSE - Multipurpose Room
7902,34412,1890,Playground,None,Playground Site,None,CLARINDA PARK - Playground
7903,2902,1893,Outdoor Bocce Court,None,Outdoor Bocce Court,None,EXBURY PARK - Outdoor Bocce Court (  1)
7904,2903,1893,Outdoor Bocce Court,None,Outdoor Bocce Court,None,EXBURY PARK - Outdoor Bocce Court (  2)
7905,34056,1893,Playground,None,Playground Site,None,EXBURY PARK - Playground
7906,33862,1895,Playground,None,Playground Site,None,STARRY PARK - Playground
7907,71303,1895,Gazebo,None,Gazebo,None,STARRY PARK - Shade Structure
7908,2780,1898,Community Garden,None,Community Garden,None,CHESTER LE OLIVE GARDEN
7909,18024,1898,Sport Field,sport,Soccer Field - C,C,CHESTER LE PARK - Soccer Field (  1)
7910,18025,1898,Sport Field,sport,Soccer Field - C,C,CHESTER LE PARK - Soccer Field (  2)
7911,34405,1898,Playground,None,Playground Site,None,CHESTER LE PARK - Playground
7912,2467,1901,Drinking Fountain,None,Drinking Fountain Count,None,BILL JOHNSTON PARK - Drinking Water Source (  1)
7913,2467,1901,Dog Fountain,None,Dog Fountain Count,None,BILL JOHNSTON PARK - Drinking Water Source (  1)
7914,58562,1901,Dogs Off-Leash Area,None,Off Leash Area,None,BILL JOHNSTON PARK - Off Leash Area
7915,102246,1901,Drinking Fountain,None,Drinking Fountain Count,None,BILL JOHNSTON PARK - Drinking Water Source (  2)
7916,102246,1901,Dog Fountain,None,Dog Fountain Count,None,BILL JOHNSTON PARK - Drinking Water Source (  2)
7917,29777,1916,Kitchen,room,Kitchen,None,BIRCHMOUNT YARD - Kitchen
7918,2439,1923,Drinking Fountain,None,Drinking Fountain Count,None,CASHMAN PARK - Drinking Water Source
7919,34381,1923,Playground,None,Playground Site,None,CASHMAN PARK - Playground
7920,34081,1949,Playground,None,Playground Site,None,FROST PARK - Playground
7921,2291,1950,Drinking Fountain,None,Drinking Fountain Count,None,GRAHAM PARK - Drinking Water Source
7922,34455,1950,Playground,None,Playground Site,None,GRAHAM PARK - Playground
7923,34479,1951,Playground,None,Playground Site,None,HAVERSON PARK - Playground
7924,30905,1952,Kitchen,room,Kitchen,None,HIGH PARK SERVICE YARD - Kitchen
7925,2243,1953,Drinking Fountain,None,Drinking Fountain Count,None,HOLLEY PARK - Drinking Water Source
7926,34499,1953,Playground,None,Playground Site,None,HOLLEY PARK - Playground
7927,17803,1955,Multipurpose Field,None,Multipurpose Field - B,B,HUMBER ARBORETUM - Multipurpose Field (  1)
7928,17803,1955,Cricket Pitch Field,sport,Cricket Pitch Field - B,B,HUMBER ARBORETUM - Multipurpose Field (  1)
7929,17804,1955,Multipurpose Field,None,Multipurpose Field - B,B,HUMBER ARBORETUM - Multipurpose Field (  2)
7930,24310,1955,Bike Trail,None,Bike Trail,None,WEST HUMBER TRAIL ( 10)
7931,24311,1955,Bike Trail,None,Bike Trail,None,WEST HUMBER TRAIL ( 11)
7932,24312,1955,Bike Trail,None,Bike Trail,None,WEST HUMBER TRAIL ( 12)
7933,24313,1955,Bike Trail,None,Bike Trail,None,WEST HUMBER TRAIL ( 13)
7934,24314,1955,Bike Trail,None,Bike Trail,None,WEST HUMBER TRAIL ( 14)
7935,24320,1955,Bike Trail,None,Bike Trail,None,WEST HUMBER TRAIL (  2)
7936,24331,1955,Bike Trail,None,Bike Trail,None,WEST HUMBER TRAIL (  3)
7937,24342,1955,Bike Trail,None,Bike Trail,None,WEST HUMBER TRAIL (  4)
7938,24351,1955,Bike Trail,None,Bike Trail,None,WEST HUMBER TRAIL (  5)
7939,24352,1955,Bike Trail,None,Bike Trail,None,WEST HUMBER TRAIL (  6)
7940,24353,1955,Bike Trail,None,Bike Trail,None,WEST HUMBER TRAIL (  7)
7941,24354,1955,Bike Trail,None,Bike Trail,None,WEST HUMBER TRAIL (  8)
7942,24355,1955,Bike Trail,None,Bike Trail,None,WEST HUMBER TRAIL (  9)
7943,57350,1955,Pond,None,Open Water,None,HUMBER ARBORETUM - Open Water
7944,60862,1955,Outdoor Fitness Equipment,None,Outdoor Fitness Equipment,None,HUMBER ARBORETUM - Outdoor Fitness Equipment (  1)
7945,60863,1955,Outdoor Fitness Equipment,None,Outdoor Fitness Equipment,None,HUMBER ARBORETUM - Outdoor Fitness Equipment (  2)
7946,60864,1955,Outdoor Fitness Equipment,None,Outdoor Fitness Equipment,None,HUMBER ARBORETUM - Outdoor Fitness Equipment (  3)
7947,34507,1956,Playground,None,Playground Site,None,HUMEWOOD PARK - Playground
7948,2728,1974,Drinking Fountain,None,Drinking Fountain Count,None,NOBLE PARK - Drinking Water Source
7949,3977,1974,Outdoor Basketball Court,None,Basketball Court,None,NOBLE PARK - Basketball Court
7950,17873,1974,Ball Diamond,sport,Baseball Diamond Field - C,C,NOBLE PARK - Ball Diamond Field
7951,34219,1974,Playground,None,Playground Site,None,NOBLE PARK - Playground
7952,34337,1978,Playground,None,Playground Site,None,REDGRAVE PARK - Playground
7953,2671,1979,Drinking Fountain,None,Drinking Fountain Count,None,RICARDO PARKETTE - Drinking Water Source
7954,34178,1979,Playground,None,Playground Site,None,RICARDO PARKETTE - Playground
7955,34278,1999,Playground,None,Playground Site,None,THE ELMS PARK - Playground W
7956,46082,1999,Playground,None,Playground Site,None,THE ELMS PARK - Playground E
7957,2559,2001,Dog Fountain,None,Dog Fountain Count,None,TICHESTER PARK - Drinking Water Source
7958,2559,2001,Drinking Fountain,None,Drinking Fountain Count,None,TICHESTER PARK - Drinking Water Source
7959,34284,2001,Playground,None,Playground Site,None,TICHESTER PARK - Playground
7960,78760,2001,Outdoor Table Tennis,None,Outdoor Table Tennis,None,TICHESTER PARK - Outdoor Table Tennis
7961,2159,2006,Drinking Fountain,None,Drinking Fountain Count,None,WESTMOUNT PARK - Drinking Water Source
7962,2949,2006,Pickleball Court,None,None,None,WESTMOUNT PARK - Tennis Court Area
7963,2949,2006,Pickleball Court,None,None,None,WESTMOUNT PARK - Tennis Court Area
7964,2949,2006,Pickleball Court,None,None,None,WESTMOUNT PARK - Tennis Court Area
7965,2950,2006,Outdoor Tennis Court,None,Outdoor Tennis Court,None,WESTMOUNT PARK - Outdoor Tennis Court (  1)
7966,2951,2006,Outdoor Tennis Court,None,Outdoor Tennis Court,None,WESTMOUNT PARK - Outdoor Tennis Court (  2)
7967,2952,2006,Outdoor Tennis Court,None,Outdoor Tennis Court,None,WESTMOUNT PARK - Outdoor Tennis Court (  3)
7968,4110,2006,Outdoor Pool,pool,Outdoor Pool Tank,None,WESTMOUNT PARK - Outdoor Pool Tank
7969,5465,2006,Washroom Facility,None,Washroom Building,None,WESTMOUNT PARK OUTDOOR POOL BUILDING
7970,34132,2006,Playground,None,Playground Site,None,WESTMOUNT PARK - Playground
7971,967939,2006,Gazebo,None,Gazebo,None,WESTMOUNT PARK - Shade Structure
7972,60564,2007,Indoor Rink,ice,Indoor Ice Pad,None,WESTON LIONS RECREATION ARENA - Indoor Ice Pad
7973,17302,2012,Indoor Pool,pool,Indoor Pool Tank,None,PAM McCONNELL AQUATIC CENTER - Indoor Pool Tank (  1)
7974,48430,2012,Multipurpose Room,room,Room - C,C,PAM McCONNELL AQUATIC CENTRE - Multipurpose Room
7975,48962,2012,Indoor Pool,pool,Indoor Pool Tank,None,PAM McCONNELL AQUATIC CENTER - Indoor Pool Tank (  2)
7976,48963,2012,Indoor Pool,pool,Indoor Pool Tank,None,PAM McCONNELL AQUATIC CENTER - Indoor Pool Tank (  3)
7977,17806,2013,Ball Diamond,sport,Baseball Diamond Field - C,C,HUMBERWOOD PARK - Ball Diamond Field
7978,32362,2013,Parking Lot,None,Outdoor Parking Lot,None,HUMBERWOOD PARK - Outdoor Parking Lot
7979,57358,2013,Pond,None,Open Water,None,HUMBERWOOD PARK - Open Water
7980,23021,2014,Bike Trail,None,Bike Trail,None,HUMBER RIVER RECREATIONAL TRAIL ( 42)
7981,32375,2014,Parking Lot,None,Outdoor Parking Lot,None,LAMBTON PARK - Outdoor Parking Lot
7982,34109,2014,Playground,None,Playground Site,None,LAMBTON PARK - Playground
7983,2316,2015,Drinking Fountain,None,Drinking Fountain Count,None,FLORENCE GELL PARK - Drinking Water Source
7984,4453,2015,Splash Pad,None,Splash/Spray Pad,None,FLORENCE GELL PARK - Splash/Spray Pad
7985,34073,2015,Playground,None,Playground Site,None,FLORENCE GELL PARK - Playground
7986,3575,2016,Outdoor Tennis Court,None,Outdoor Tennis Court,None,MARYLAND PARK - Outdoor Tennis Court (  1)
7987,3576,2016,Outdoor Tennis Court,None,Outdoor Tennis Court,None,MARYLAND PARK - Outdoor Tennis Court (  2)
7988,3577,2016,Outdoor Tennis Court,None,Outdoor Tennis Court,None,MARYLAND PARK - Outdoor Tennis Court (  3)
7989,3578,2016,Outdoor Tennis Court,None,Outdoor Tennis Court,None,MARYLAND PARK - Outdoor Tennis Court (  4)
7990,29870,2016,Kitchen,room,Kitchen,None,MARYLAND PARK TENNIS CLUBHOUSE - Kitchen
7991,33929,2016,Playground,None,Playground Site,None,MARYLAND PARK - Playground
7992,45482,2016,Bottle Filling Station,None,Water Bottle Filling Count,None,MARYLAND PARK - Drinking Water Source
7993,3582,2018,Outdoor Basketball Court,None,Basketball Court,None,TRUDELLE STREET PARK - Basketball Court (  2)
7994,28363,2018,Outdoor Basketball Court,None,Basketball Court,None,TRUDELLE STREET PARK - Basketball Court (  1)
7995,4809,2019,Splash Pad,None,Splash/Spray Pad,None,BIRCHCREST PARK - Splash/Spray Pad
7996,5942,2019,Picnic Shelter,picnic,Shelter,None,BIRCHCREST PARK - Shade Structure
7997,34347,2019,Playground,None,Playground Site,None,BIRCHCREST PARK - Playground
7998,4686,2020,Splash Pad,None,Splash/Spray Pad,None,SIX POINTS PARK - Splash/Spray Pad
7999,5860,2020,Amphitheatre,special,Amphitheatre,None,SIX POINTS PARK - Amphitheatre
8000,33841,2020,Playground,None,Playground Site,None,SIX POINTS PARK - Playground
8001,102029,2020,Bottle Filling Station,None,Water Bottle Filling Count,None,SIX POINTS PARK - Drinking Water Source
8002,5187,2021,Splash Pad,None,Splash/Spray Pad,None,RITA COX PARK - Splash/Spray Pad
8003,33838,2021,Playground,None,Playground Site,None,RITA COX PARK - Playground
8004,102242,2021,Dog Fountain,None,Dog Fountain Count,None,RITA COX PARK - Drinking Water Source
8005,102242,2021,Drinking Fountain,None,Drinking Fountain Count,None,RITA COX PARK - Drinking Water Source
8006,2506,2023,Drinking Fountain,None,Drinking Fountain Count,None,ALDWYCH PARK - Drinking Water Source
8007,4893,2023,Splash Pad,None,Splash/Spray Pad,None,ALDWYCH PARK - Splash/Spray Pad
8008,33947,2023,Playground,None,Playground Site,None,ALDWYCH PARK - Playground
8009,1997,2024,Farm/Zoo,None,Animal Attraction,None,FAR ENOUGH FARM
8010,2548,2024,Drinking Fountain,None,Drinking Fountain Count,None,TORONTO ISLANDS - ISLAND PARK - Drinking Water Source (  1)
8011,4945,2024,Picnic Site,picnic,Picnic Site,None,ISLAND PARK - Picnic Site ( 13)
8012,4946,2024,Picnic Site,picnic,Picnic Site,None,ISLAND PARK - Picnic Site ( 11)
8013,4947,2024,Picnic Site,picnic,Picnic Site,None,ISLAND PARK - Picnic Site ( 12)
8014,4950,2024,Picnic Site,picnic,Picnic Site,None,ISLAND PARK - Picnic Site ( 10)
8015,4969,2024,Picnic Site,picnic,Picnic Site,None,ISLAND PARK - Picnic Site (  6)
8016,4970,2024,Picnic Site,picnic,Picnic Site,None,ISLAND PARK - Picnic Site (  9)
8017,4972,2024,Picnic Site,picnic,Picnic Site,None,ISLAND PARK - Picnic Site (  8)
8018,4973,2024,Picnic Site,picnic,Picnic Site,None,ISLAND PARK - Picnic Site (  7)
8019,4974,2024,Picnic Site,picnic,Picnic Site,None,ISLAND PARK - Picnic Site (  4)
8020,4975,2024,Picnic Site,picnic,Picnic Site,None,ISLAND PARK - Picnic Site (  5)
8021,18743,2024,Drinking Fountain,None,Drinking Fountain Count,None,TORONTO ISLANDS - ISLAND PARK - Drinking Water Source (  2)
8022,18744,2024,Drinking Fountain,None,Drinking Fountain Count,None,TORONTO ISLANDS - ISLAND PARK - Drinking Water Source (  3)
8023,18745,2024,Drinking Fountain,None,Drinking Fountain Count,None,TORONTO ISLANDS - ISLAND PARK - Drinking Water Source (  4)
8024,29210,2024,Firepit,None,Firepit,None,TORONTO ISLANDS - ISLAND PARK - Firepit
8025,29674,2024,Picnic Shelter,picnic,Shelter,None,TORONTO ISLANDS - ISLAND PARK - Shade Structure (  1)
8026,29680,2024,Picnic Shelter,picnic,Shelter,None,TORONTO ISLANDS - ISLAND PARK - Shade Structure (  2)
8027,29685,2024,Washroom Facility,None,Washroom Building,None,ISLAND PARK WASHROOM - BUILDING 35
8028,29689,2024,Washroom Facility,None,Washroom Building,None,ISLAND PARK WASHROOM AND SHELTER - BUILDING 38
8029,40810,2024,Bike Trail,None,Bike Trail,None,TORONTO ISLANDS - ISLAND PARK TRAIL (  1)
8030,40811,2024,Bike Trail,None,Bike Trail,None,TORONTO ISLANDS - ISLAND PARK TRAIL (  2)
8031,40812,2024,Bike Trail,None,Bike Trail,None,TORONTO ISLANDS - ISLAND PARK TRAIL (  3)
8032,40813,2024,Bike Trail,None,Bike Trail,None,TORONTO ISLANDS - ISLAND PARK TRAIL (  4)
8033,40814,2024,Bike Trail,None,Bike Trail,None,TORONTO ISLANDS - ISLAND PARK TRAIL (  5)
8034,40815,2024,Bike Trail,None,Bike Trail,None,TORONTO ISLANDS - ISLAND PARK TRAIL (  6)
8035,40816,2024,Bike Trail,None,Bike Trail,None,TORONTO ISLANDS - ISLAND PARK TRAIL (  7)
8036,57407,2024,Pond,None,Open Water,None,TORONTO ISLANDS - ISLAND PARK - Open Water
8037,70222,2024,Playground,None,Playground Site,None,TORONTO ISLANDS - ISLAND PARK - Playground SE
8038,70224,2024,Playground,None,Playground Site,None,TORONTO ISLANDS - ISLAND PARK - Playground S
8039,70226,2024,Playground,None,Playground Site,None,TORONTO ISLANDS - ISLAND PARK - Playground SW
8040,70228,2024,Playground,None,Playground Site,None,TORONTO ISLANDS - ISLAND PARK - Playground N
8041,73704,2024,Splash Pad,None,Splash/Spray Pad,None,TORONTO ISLANDS - ISLAND PARK - Splash/Spray Pad
8042,3144,2025,Outdoor Tennis Court,None,Outdoor Tennis Court,None,HERON PARK - Outdoor Tennis Court (  1)
8043,3145,2025,Outdoor Tennis Court,None,Outdoor Tennis Court,None,HERON PARK - Outdoor Tennis Court (  2)
8044,3146,2025,Outdoor Tennis Court,None,Outdoor Tennis Court,None,HERON PARK - Outdoor Tennis Court (  3)
8045,3147,2025,Outdoor Tennis Court,None,Outdoor Tennis Court,None,HERON PARK - Outdoor Tennis Court (  4)
8046,3148,2025,Outdoor Tennis Court,None,Outdoor Tennis Court,None,HERON PARK - Outdoor Tennis Court (  5)
8047,4334,2025,Splash Pad,None,Splash/Spray Pad,None,HERON PARK - Splash/Spray Pad
8048,17791,2025,Ball Diamond,sport,Baseball Diamond Field - A,A,HERON PARK - Ball Diamond Field
8049,32329,2025,Parking Lot,None,Outdoor Parking Lot,None,HERON PARK - Outdoor Parking Lot (  1)
8050,32330,2025,Parking Lot,None,Outdoor Parking Lot,None,HERON PARK - Outdoor Parking Lot (  2)
8051,34485,2025,Playground,None,Playground Site,None,HERON PARK - Playground
8052,103363,2025,Drinking Fountain,None,Drinking Fountain Count,None,HERON PARK - Drinking Water Source
8053,4575,2027,Splash Pad,None,Splash/Spray Pad,None,DUFFERIN - KING PARK - Splash/Spray Pad
8054,34012,2027,Playground,None,Playground Site,None,DUFFERIN - KING PARK - Playground
8055,2301,2030,Drinking Fountain,None,Drinking Fountain Count,None,GLEDHILL PARK - Drinking Water Source
8056,2301,2030,Bottle Filling Station,None,Water Bottle Filling Count,None,GLEDHILL PARK - Drinking Water Source
8057,4418,2030,Splash Pad,None,Splash/Spray Pad,None,GLEDHILL PARK - Splash/Spray Pad
8058,34439,2030,Playground,None,Playground Site,None,GLEDHILL PARK - Playground
8059,3392,2031,Outdoor Basketball Court,None,Basketball Court,None,CORONATION PARK - YORK - Basketball Court (  1)
8060,4648,2031,Splash Pad,None,Splash/Spray Pad,None,CORONATION PARK - YORK - Splash/Spray Pad
8061,17424,2031,Ball Hockey Pad,None,Ball Hockey Pad,None,CORONATION PARK - YORK - Ball Hockey
8062,17507,2031,Outdoor Basketball Court,None,Basketball Court,None,CORONATION PARK - YORK - Basketball Court (  2)
8063,17724,2031,Ball Diamond,sport,Baseball Diamond Field - C,C,CORONATION PARK - YORK - Ball Diamond Field
8064,42672,2031,Playground,None,Playground Site,None,CORONATION PARK - YORK - Playground
8065,43673,2031,Sports Pad Area,None,Sportspad Area,None,CORONATION PARK - YORK - Sportspad Area
8066,44685,2031,Parking Lot,None,Outdoor Parking Lot,None,CORONATION PARK - YORK - Outdoor Parking Lot (  1)
8067,44686,2031,Parking Lot,None,Outdoor Parking Lot,None,CORONATION PARK - YORK - Outdoor Parking Lot (  2)
8068,74323,2031,Outdoor Fitness Equipment,None,Outdoor Fitness Equipment,None,CORONATION PARK - YORK - Outdoor Fitness Equipment Area - Outdoor Fitness Equipment (  1)
8069,74324,2031,Outdoor Fitness Equipment,None,Outdoor Fitness Equipment,None,CORONATION PARK - YORK - Outdoor Fitness Equipment Area - Outdoor Fitness Equipment (  2)
8070,74325,2031,Outdoor Fitness Equipment,None,Outdoor Fitness Equipment,None,CORONATION PARK - YORK - Outdoor Fitness Equipment Area - Outdoor Fitness Equipment (  3)
8071,74326,2031,Outdoor Fitness Equipment,None,Outdoor Fitness Equipment,None,CORONATION PARK - YORK - Outdoor Fitness Equipment Area - Outdoor Fitness Equipment (  4)
8072,74742,2031,Outdoor Table Tennis,None,Outdoor Table Tennis,None,CORONATION PARK - YORK - Outdoor Table Tennis
8073,850031,2031,Parking Lot,None,Outdoor Parking Lot,None,CORONATION PARK - YORK - Outdoor Parking Lot (  3)
8074,850032,2031,Parking Lot,None,Outdoor Parking Lot,None,CORONATION PARK - YORK - Outdoor Parking Lot (  4)
8075,850034,2031,Parking Lot,None,Outdoor Parking Lot,None,CORONATION PARK - YORK - Outdoor Parking Lot (  5)
8076,2944,2032,Ball Hockey Pad,None,Ball Hockey Pad,None,WOBURN PARK - SCARBOROUGH - Ball Hockey
8077,2945,2032,Outdoor Basketball Court,None,Basketball Court,None,WOBURN PARK - SCARBOROUGH - Basketball Court (  2)
8078,4109,2032,Splash Pad,None,Splash/Spray Pad,None,WOBURN PARK - SCARBOROUGH - Splash/Spray Pad
8079,28362,2032,Outdoor Basketball Court,None,Basketball Court,None,WOBURN PARK - SCARBOROUGH - Basketball Court (  1)
8080,3687,2034,Outdoor Tennis Court,None,Outdoor Tennis Court,None,STEPHEN LEACOCK PARK - Outdoor Tennis Court (  1)
8081,3688,2034,Outdoor Tennis Court,None,Outdoor Tennis Court,None,STEPHEN LEACOCK PARK - Outdoor Tennis Court (  2)
8082,3689,2034,Outdoor Tennis Court,None,Outdoor Tennis Court,None,STEPHEN LEACOCK PARK - Outdoor Tennis Court (  3)
8083,3690,2034,Outdoor Tennis Court,None,Outdoor Tennis Court,None,STEPHEN LEACOCK PARK - Outdoor Tennis Court (  4)
8084,5058,2034,Splash Pad,None,Splash/Spray Pad,None,STEPHEN LEACOCK PARK - Splash/Spray Pad
8085,17942,2034,Ball Diamond,sport,Baseball Diamond Field - C,C,STEPHEN LEACOCK PARK - Ball Diamond Field
8086,24164,2034,Bike Trail,None,Bike Trail,None,WEST HIGHLAND CREEK TRAIL (115)
8087,32463,2034,Parking Lot,None,Outdoor Parking Lot,None,STEPHEN LEACOCK PARK - Outdoor Parking Lot (  1)
8088,32464,2034,Parking Lot,None,Outdoor Parking Lot,None,STEPHEN LEACOCK PARK - Outdoor Parking Lot (  2)
8089,33863,2034,Playground,None,Playground Site,None,STEPHEN LEACOCK PARK - Playground
8090,1002368,2034,Outdoor Basketball Court,None,Basketball Court,None,STEPHEN LEACOCK PARK - Basketball Court
8091,1002369,2034,Sports Pad Area,None,Sportspad Area,None,STEPHEN LEACOCK PARK - Pickleball Court ( 1)
8092,1002370,2034,Sports Pad Area,None,Sportspad Area,None,STEPHEN LEACOCK PARK - Pickleball Court ( 2)
8093,2886,2036,Outdoor Basketball Court,None,Basketball Court,None,MCGREGOR PARK - Basketball Court (  1)
8094,2887,2036,Pickleball Court,None,None,None,MCGREGOR PARK - Tennis Court Area
8095,2888,2036,Outdoor Tennis Court,None,Outdoor Tennis Court,None,MCGREGOR PARK - Outdoor Tennis Court (  1)
8096,2889,2036,Outdoor Tennis Court,None,Outdoor Tennis Court,None,MCGREGOR PARK - Outdoor Tennis Court (  2)
8097,2890,2036,Pickleball Court,None,None,None,MCGREGOR PARK - Outdoor Sports Pad
8098,2890,2036,Pickleball Court,None,None,None,MCGREGOR PARK - Outdoor Sports Pad
8099,4045,2036,Splash Pad,None,Splash/Spray Pad,None,MCGREGOR PARK - Splash/Spray Pad
8100,18068,2036,Ball Diamond,sport,Baseball Diamond Field - C,C,MCGREGOR PARK - Ball Diamond Field (  1)
8101,18069,2036,Ball Diamond,sport,Baseball Diamond Field - A,A,MCGREGOR PARK - Ball Diamond Field (  2)
8102,28367,2036,Outdoor Basketball Court,None,Basketball Court,None,MCGREGOR PARK - Basketball Court (  2)
8103,32397,2036,Parking Lot,None,Outdoor Parking Lot,None,MCGREGOR PARK - Outdoor Parking Lot (  1)
8104,32398,2036,Parking Lot,None,Outdoor Parking Lot,None,MCGREGOR PARK - Outdoor Parking Lot (  2)
8105,32399,2036,Parking Lot,None,Outdoor Parking Lot,None,MCGREGOR PARK - Outdoor Parking Lot (  3)
8106,33822,2036,Playground,None,Playground Site,None,MCGREGOR PARK - Playground
8107,36882,2036,Outdoor Hand Ball Court,None,Outdoor Hand Ball Court,None,MCGREGOR PARK - Outdoor Hand Ball Court
8108,43674,2036,Sports Pad Area,None,Sportspad Area,None,MCGREGOR PARK - Sportspad Area
8109,102134,2036,Bottle Filling Station,None,Water Bottle Filling Count,None,MCGREGOR PARK - Drinking Water Source (  1)
8110,102134,2036,Bottle Filling Station,None,Water Bottle Filling Count,None,MCGREGOR PARK - Drinking Water Source (  1)
8111,102266,2036,Drinking Fountain,None,Drinking Fountain Count,None,MCGREGOR PARK - Drinking Water Source (  2)
8112,967658,2036,Gazebo,None,Gazebo,None,MCGREGOR PARK - Shade Structure
8113,2081,2037,Washroom Facility,None,Washroom Building,None,JACK GOODLAD COMMUNITY CENTRE
8114,2081,2037,Clubhouse,None,Clubhouse,None,JACK GOODLAD COMMUNITY CENTRE
8115,2220,2037,Drinking Fountain,None,Drinking Fountain Count,None,JACK GOODLAD PARK - Drinking Water Source
8116,3074,2037,Outdoor Basketball Court,None,Basketball Court,None,JACK GOODLAD PARK - Basketball Court (  1)
8117,3076,2037,Outdoor Bocce Court,None,Outdoor Bocce Court,None,JACK GOODLAD PARK - Outdoor Bocce Court (  1)
8118,3077,2037,Outdoor Bocce Court,None,Outdoor Bocce Court,None,JACK GOODLAD PARK - Outdoor Bocce Court (  2)
8119,3078,2037,Outdoor Bocce Court,None,Outdoor Bocce Court,None,JACK GOODLAD PARK - Outdoor Bocce Court (  3)
8120,3079,2037,Outdoor Bocce Court,None,Outdoor Bocce Court,None,JACK GOODLAD PARK - Outdoor Bocce Court (  4)
8121,4243,2037,Splash Pad,None,Splash/Spray Pad,None,JACK GOODLAD PARK - Splash/Spray Pad
8122,18054,2037,Ball Diamond,sport,Baseball Diamond Field - B,B,JACK GOODLAD PARK - Ball Diamond Field (  1)
8123,18055,2037,Ball Diamond,sport,Baseball Diamond Field - B,B,JACK GOODLAD PARK - Ball Diamond Field (  2)
8124,22669,2037,Bike Trail,None,Bike Trail,None,GATINEAU HYDRO CORRIDOR TRAIL (  2)
8125,22680,2037,Bike Trail,None,Bike Trail,None,GATINEAU HYDRO CORRIDOR TRAIL (  3)
8126,28402,2037,Outdoor Basketball Court,None,Basketball Court,None,JACK GOODLAD PARK - Basketball Court (  2)
8127,29851,2037,Kitchen,room,Kitchen,None,JACK GOODLAD COMMUNITY CENTRE - Kitchen
8128,32366,2037,Parking Lot,None,Outdoor Parking Lot,None,JACK GOODLAD PARK - Outdoor Parking Lot
8129,34524,2037,Playground,None,Playground Site,None,JACK GOODLAD PARK - Playground
8130,43678,2037,Sports Pad Area,None,Sportspad Area,None,JACK GOODLAD PARK - Sportspad Area
8131,48308,2037,Gallery,room,Gallery/Hall  - B,B,JACK GOODLAD COMMUNITY CENTRE - Gallery/Hall
8132,49571,2037,Picnic Site,picnic,Picnic Site,None,JACK GOODLAD PARK - Picnic Site
8133,967644,2037,Gazebo,None,Gazebo,None,JACK GOODLAD PARK - Shade Structure
8134,2536,2039,Drinking Fountain,None,Drinking Fountain Count,None,TORONTO ISLANDS - WARD'S ISLAND PARK - Drinking Water Source (  1)
8135,2539,2039,Drinking Fountain,None,Drinking Fountain Count,None,TORONTO ISLANDS - WARD'S ISLAND PARK - Drinking Water Source (  2)
8136,6021,2039,Gazebo,None,Gazebo,None,TORONTO ISLANDS - WARD'S ISLAND PARK - Shade Structure (  1)
8137,17064,2039,Beach,None,Beach,None,WARD'S ISLAND PARK BEACH
8138,18302,2039,Ball Diamond,sport,Baseball Diamond Field - C,C,TORONTO ISLANDS - WARD'S ISLAND PARK - Ball Diamond Field
8139,24266,2039,Pickleball Court,None,None,None,WARD'S ISLAND PARK - Outdoor Sports Pad
8140,24266,2039,Pickleball Court,None,None,None,WARD'S ISLAND PARK - Outdoor Sports Pad
8141,28353,2039,Picnic Site,picnic,Picnic Site,None,TORONTO ISLANDS - WARD'S ISLAND PARK - Picnic Site
8142,29707,2039,Gazebo,None,Gazebo,None,TORONTO ISLANDS - WARD'S ISLAND PARK - Shade Structure (  3)
8143,29708,2039,Washroom Facility,None,Washroom Building,None,"WARD'S ISLAND ""CHIPPEWA HOUSE"" - BUILDING 68"
8144,34165,2039,Playground,None,Playground Site,None,TORONTO ISLANDS - WARD'S ISLAND PARK - Playground S
8145,34605,2039,Washroom Facility,None,Washroom Building,None,WARD'S ISLAND PARK WASHROOM - BUILDING 60
8146,40767,2039,Bike Trail,None,Bike Trail,None,TORONTO ISLANDS - WARD'S ISLAND PARK TRAIL (  1)
8147,40772,2039,Bike Trail,None,Bike Trail,None,TORONTO ISLANDS - WARD'S ISLAND PARK TRAIL (  6)
8148,40773,2039,Bike Trail,None,Bike Trail,None,TORONTO ISLANDS - WARD'S ISLAND PARK TRAIL (  7)
8149,40778,2039,Bike Trail,None,Bike Trail,None,TORONTO ISLANDS - WARD'S ISLAND PARK TRAIL ( 12)
8150,40779,2039,Bike Trail,None,Bike Trail,None,TORONTO ISLANDS - WARD'S ISLAND PARK TRAIL ( 13)
8151,40781,2039,Bike Trail,None,Bike Trail,None,TORONTO ISLANDS - WARD'S ISLAND PARK TRAIL ( 15)
8152,40782,2039,Bike Trail,None,Bike Trail,None,TORONTO ISLANDS - WARD'S ISLAND PARK TRAIL ( 16)
8153,40783,2039,Bike Trail,None,Bike Trail,None,TORONTO ISLANDS - WARD'S ISLAND PARK TRAIL ( 17)
8154,40787,2039,Bike Trail,None,Bike Trail,None,TORONTO ISLANDS - WARD'S ISLAND PARK TRAIL ( 21)
8155,40788,2039,Bike Trail,None,Bike Trail,None,TORONTO ISLANDS - WARD'S ISLAND PARK TRAIL ( 22)
8156,40790,2039,Bike Trail,None,Bike Trail,None,TORONTO ISLANDS - WARD'S ISLAND PARK TRAIL ( 24)
8157,40792,2039,Bike Trail,None,Bike Trail,None,TORONTO ISLANDS - WARD'S ISLAND PARK TRAIL ( 26)
8158,40797,2039,Bike Trail,None,Bike Trail,None,TORONTO ISLANDS - WARD'S ISLAND PARK TRAIL ( 31)
8159,40799,2039,Bike Trail,None,Bike Trail,None,TORONTO ISLANDS - WARD'S ISLAND PARK TRAIL ( 33)
8160,40800,2039,Bike Trail,None,Bike Trail,None,TORONTO ISLANDS - WARD'S ISLAND PARK TRAIL ( 34)
8161,40801,2039,Bike Trail,None,Bike Trail,None,TORONTO ISLANDS - WARD'S ISLAND PARK TRAIL ( 35)
8162,40802,2039,Bike Trail,None,Bike Trail,None,TORONTO ISLANDS - WARD'S ISLAND PARK TRAIL ( 36)
8163,40803,2039,Bike Trail,None,Bike Trail,None,TORONTO ISLANDS - WARD'S ISLAND PARK TRAIL ( 37)
8164,40807,2039,Bike Trail,None,Bike Trail,None,TORONTO ISLANDS - WARD'S ISLAND PARK TRAIL ( 41)
8165,78295,2039,Outdoor Table Tennis,None,Outdoor Table Tennis,None,TORONTO ISLANDS - WARD'S ISLAND PARK - Outdoor Table Tennis
8166,967656,2039,Gazebo,None,Gazebo,None,TORONTO ISLANDS - WARD'S ISLAND PARK - Shade Structure (  4)
8167,968112,2039,Bowling Green,None,Bowling Green,None,TORONTO ISLANDS - WARD'S ISLAND PARK - Bowling Green
8168,3471,2043,Outdoor Basketball Court,None,Basketball Court,None,BROOKWELL PARK - Basketball Court
8169,34369,2043,Playground,None,Playground Site,None,BROOKWELL PARK - Playground
8170,34473,2044,Playground,None,Playground Site,None,HARLANDALE PARKETTE - Playground
8171,33943,2045,Playground,None,Playground Site,None,ALAN - OXFORD PARKETTE - Playground
8172,33946,2046,Playground,None,Playground Site,None,ALDERWOOD MEMORIAL PARK - Playground
8173,971861,2046,Drinking Fountain,None,Drinking Fountain Count,None,ALDERWOOD MEMORIAL PARK - Drinking Water Source
8174,971861,2046,Bottle Filling Station,None,Water Bottle Filling Count,None,ALDERWOOD MEMORIAL PARK - Drinking Water Source
8175,34009,2049,Playground,None,Playground Site,None,DOUGLAS PARK - Playground
8176,28942,2050,Skateboard Area,None,Skateboard Area,None,JORDON CARTER MEMORIAL PARK - Skateboard Area
8177,5713,2051,Gazebo,None,Gazebo,None,FLORA VOISEY PARK - Shade Structure (  1)
8178,34072,2051,Playground,None,Playground Site,None,FLORA VOISEY PARK - Playground
8179,990659,2053,Playground,None,Playground Site,None,HILLSIDE PARK - Playground
8180,34106,2056,Playground,None,Playground Site,None,LAKE CRESCENT PARK - Playground
8181,22514,2058,Bike Trail,None,Bike Trail,None,ETOBICOKE CREEK TRAIL ( 12)
8182,22515,2058,Bike Trail,None,Bike Trail,None,ETOBICOKE CREEK TRAIL ( 13)
8183,22516,2058,Bike Trail,None,Bike Trail,None,ETOBICOKE CREEK TRAIL ( 14)
8184,33814,2058,Playground,None,Playground Site,None,MAURICE J. BREEN PARK - Playground
8185,34274,2063,Playground,None,Playground Site,None,QUEENS AVENUE PARKETTE - Playground
8186,3725,2065,Pickleball Court,None,None,None,SIR ADAM BECK PARK - Tennis Court Area
8187,3726,2065,Outdoor Tennis Court,None,Outdoor Tennis Court,None,SIR ADAM BECK PARK - Outdoor Tennis Court (  1)
8188,3727,2065,Outdoor Tennis Court,None,Outdoor Tennis Court,None,SIR ADAM BECK PARK - Outdoor Tennis Court (  2)
8189,28902,2065,Fieldhouse,None,Fieldhouse,None,SIR ADAM BECK PARK A.I.R. BUILDING
8190,28902,2065,Washroom Facility,None,Washroom Building,None,SIR ADAM BECK PARK A.I.R. BUILDING
8191,32454,2065,Parking Lot,None,Outdoor Parking Lot,None,SIR ADAM BECK PARK - Outdoor Parking Lot (  1)
8192,850091,2065,Parking Lot,None,Outdoor Parking Lot,None,SIR ADAM BECK PARK - Outdoor Parking Lot (  2)
8193,850092,2065,Parking Lot,None,Outdoor Parking Lot,None,SIR ADAM BECK PARK - Outdoor Parking Lot (  3)
8194,33842,2067,Playground,None,Playground Site,None,SKEENS LANE PARKETTE - Playground
8195,33859,2068,Playground,None,Playground Site,None,STANLEY AVENUE PARK - Playground
8196,23624,2069,Bike Trail,None,Bike Trail,None,MIMICO WATERFRONT PARK TRAIL (  3)
8197,23625,2069,Bike Trail,None,Bike Trail,None,MIMICO WATERFRONT PARK TRAIL (  4)
8198,34008,2075,Playground,None,Playground Site,None,DOUGLAS B. FORD PARK - Playground
8199,18683,2077,Drinking Fountain,None,Drinking Fountain Count,None,JEAN AUGUSTINE PARK - Drinking Water Source
8200,57361,2077,Pond,None,Open Water,None,JEAN AUGUSTINE PARK - Open Water
8201,33771,2078,Playground,None,Playground Site,None,ABBOTSFORD PARK - Playground
8202,33942,2080,Playground,None,Playground Site,None,AILSA CRAIG PARKETTE - Playground
8203,34299,2082,Playground,None,Playground Site,None,TURNBERRY SOUTH PARK - Playground
8204,80543,2084,Playground,None,Playground Site,None,TURNBERRY NORTH PARK - Playground
8205,34083,2092,Playground,None,Playground Site,None,FUTURA PARKETTE - Playground
8206,102120,2092,Bottle Filling Station,None,Water Bottle Filling Count,None,FUTURA PARKETTE - Drinking Water Source
8207,33923,2103,Playground,None,Playground Site,None,SERGEANT RYAN RUSSELL PARKETTE - Playground
8208,77697,2103,Bottle Filling Station,None,Water Bottle Filling Count,None,SERGEANT RYAN RUSSELL PARKETTE - Drinking Water Source (  1)
8209,102066,2103,Bottle Filling Station,None,Water Bottle Filling Count,None,SERGEANT RYAN RUSSELL PARKETTE - Drinking Water Source (  2)
8210,102066,2103,Drinking Fountain,None,Drinking Fountain Count,None,SERGEANT RYAN RUSSELL PARKETTE - Drinking Water Source (  2)
8211,34166,2105,Playground,None,Playground Site,None,WOODROW PARK - Playground
8212,34539,2108,Playground,None,Playground Site,None,ERICA STARK PARKETTE - Playground
8213,3532,2113,Outdoor Tennis Court,None,Outdoor Tennis Court,None,BANBURY PARK - Outdoor Tennis Court (  1)
8214,3533,2113,Outdoor Tennis Court,None,Outdoor Tennis Court,None,BANBURY PARK - Outdoor Tennis Court (  2)
8215,3534,2113,Outdoor Tennis Court,None,Outdoor Tennis Court,None,BANBURY PARK - Outdoor Tennis Court (  3)
8216,3535,2113,Outdoor Tennis Court,None,Outdoor Tennis Court,None,BANBURY PARK - Outdoor Tennis Court (  4)
8217,32212,2113,Parking Lot,None,Outdoor Parking Lot,None,BANBURY PARK - Outdoor Parking Lot
8218,33973,2113,Playground,None,Playground Site,None,BANBURY PARK - Playground N
8219,42722,2113,Playground,None,Playground Site,None,BANBURY PARK - Playground S
8220,103142,2113,Sports Pad Area,None,Sportspad Area,None,BANBURY PARK - Sportspad Area
8221,103142,2113,Pickleball Court,None,None,None,BANBURY PARK - Sportspad Area
8222,33936,2116,Playground,None,Playground Site,None,CULLEN BRYANT PARK - Playground
8223,5957,2118,Gazebo,None,Gazebo,None,BARTLEY PARK - Shade Structure
8224,33975,2118,Playground,None,Playground Site,None,BARTLEY PARK - Playground
8225,33977,2123,Playground,None,Playground Site,None,BAYHAMPTON PARKETTE - Playground
8226,33981,2131,Playground,None,Playground Site,None,BEDFORD PARKETTE - Playground
8227,33982,2132,Playground,None,Playground Site,None,BEECHGROVE PARK - Playground
8228,23394,2137,Bike Trail,None,Bike Trail,None,MCCOWAN DISTRICT PARK TRAIL (  1)
8229,23405,2137,Bike Trail,None,Bike Trail,None,MCCOWAN DISTRICT PARK TRAIL (  2)
8230,33984,2137,Playground,None,Playground Site,None,BELLAMY PARK - Playground
8231,24246,2138,Bike Trail,None,Bike Trail,None,WEST HIGHLAND CREEK TRAIL ( 43)
8232,24247,2138,Bike Trail,None,Bike Trail,None,WEST HIGHLAND CREEK TRAIL ( 44)
8233,24248,2138,Bike Trail,None,Bike Trail,None,WEST HIGHLAND CREEK TRAIL ( 45)
8234,24249,2138,Bike Trail,None,Bike Trail,None,WEST HIGHLAND CREEK TRAIL ( 46)
8235,24250,2138,Bike Trail,None,Bike Trail,None,WEST HIGHLAND CREEK TRAIL ( 47)
8236,24251,2138,Bike Trail,None,Bike Trail,None,WEST HIGHLAND CREEK TRAIL ( 48)
8237,24252,2138,Bike Trail,None,Bike Trail,None,WEST HIGHLAND CREEK TRAIL ( 49)
8238,24254,2138,Bike Trail,None,Bike Trail,None,WEST HIGHLAND CREEK TRAIL ( 50)
8239,849990,2143,Parking Lot,None,Outdoor Parking Lot,None,BERRY ROAD PARK - Outdoor Parking Lot
8240,3502,2145,Outdoor Basketball Court,None,Basketball Court,None,BETHUNE PARK - Basketball Court
8241,34343,2145,Playground,None,Playground Site,None,BETHUNE PARK - Playground
8242,13245,2147,Drinking Fountain,None,Drinking Fountain Count,None,BISHOP PARK - Drinking Water Source
8243,34350,2147,Playground,None,Playground Site,None,BISHOP PARK - Playground
8244,34351,2148,Playground,None,Playground Site,None,BLACKFRIAR PARK - Playground
8245,132456,2148,Outdoor Fitness Equipment,None,Outdoor Fitness Equipment,None,BLACKFRIAR PARK - Outdoor Fitness Equipment Area - Outdoor Fitness Equipment (  1)
8246,132457,2148,Outdoor Fitness Equipment,None,Outdoor Fitness Equipment,None,BLACKFRIAR PARK - Outdoor Fitness Equipment Area - Outdoor Fitness Equipment (  2)
8247,132458,2148,Outdoor Fitness Equipment,None,Outdoor Fitness Equipment,None,BLACKFRIAR PARK - Outdoor Fitness Equipment Area - Outdoor Fitness Equipment (  3)
8248,132459,2148,Outdoor Fitness Equipment,None,Outdoor Fitness Equipment,None,BLACKFRIAR PARK - Outdoor Fitness Equipment Area - Outdoor Fitness Equipment (  4)
8249,3652,2154,Outdoor Tennis Court,None,Outdoor Tennis Court,None,TAM HEATHER COUNTRY CLUB - Outdoor Tennis Court (  1)
8250,3653,2154,Outdoor Tennis Court,None,Outdoor Tennis Court,None,TAM HEATHER COUNTRY CLUB - Outdoor Tennis Court (  2)
8251,3654,2154,Outdoor Tennis Court,None,Outdoor Tennis Court,None,TAM HEATHER COUNTRY CLUB - Outdoor Tennis Court (  3)
8252,3655,2154,Outdoor Tennis Court,None,Outdoor Tennis Court,None,TAM HEATHER COUNTRY CLUB - Outdoor Tennis Court (  4)
8253,32512,2154,Parking Lot,None,Outdoor Parking Lot,None,TAM HEATHER COUNTRY CLUB GROUNDS - Outdoor Parking Lot (  1)
8254,32513,2154,Parking Lot,None,Outdoor Parking Lot,None,TAM HEATHER COUNTRY CLUB GROUNDS - Outdoor Parking Lot (  2)
8255,43568,2155,Outdoor Rink,ice,Outdoor Ice Pad,None,ALBERT CAMPBELL SQUARE - Outdoor Ice Pad
8256,79178,2155,Splash Pad,None,Splash/Spray Pad,None,ALBERT CAMPBELL SQUARE - Splash/Spray Pad
8257,79179,2155,Dogs Off-Leash Area,None,Off Leash Area,None,ALBERT CAMPBELL SQUARE - Off Leash Area
8258,79181,2155,Playground,None,Playground Site,None,ALBERT CAMPBELL SQUARE - Playground
8259,102154,2155,Bottle Filling Station,None,Water Bottle Filling Count,None,ALBERT CAMPBELL SQUARE - Drinking Water Source
8260,850079,2155,Parking Lot,None,Outdoor Parking Lot,None,ALBERT CAMPBELL SQUARE - Outdoor Parking Lot (  1)
8261,850080,2155,Parking Lot,None,Outdoor Parking Lot,None,ALBERT CAMPBELL SQUARE - Outdoor Parking Lot (  2)
8262,34355,2159,Playground,None,Playground Site,None,BOWAN COURT PARKETTE - Playground
8263,77316,2159,Drinking Fountain,None,Drinking Fountain Count,None,BOWAN COURT PARKETTE - Drinking Water Source
8264,13246,2161,Drinking Fountain,None,Drinking Fountain Count,None,BRATTY PARK - Drinking Water Source
8265,138413,2163,Dogs Off-Leash Area,None,Off Leash Area,None,BREADALBANE PARK - Off Leash Area
8266,34422,2171,Playground,None,Playground Site,None,COLONIAL PARK - Playground
8267,102269,2171,Drinking Fountain,None,Drinking Fountain Count,None,COLONIAL PARK - Drinking Water Source
8268,34361,2172,Playground,None,Playground Site,None,BRIGHT STREET PLAYGROUND - Playground
8269,17938,2174,Ball Diamond,sport,Baseball Diamond Field - C,C,ST. ANDREWS PARK - SCARBOROUGH - Ball Diamond Field
8270,34363,2175,Playground,None,Playground Site,None,BRISTOL AVENUE PARKETTE WEST - Playground
8271,102014,2175,Bottle Filling Station,None,Water Bottle Filling Count,None,BRISTOL AVENUE PARKETTE WEST - Drinking Water Source
8272,2454,2178,Drinking Fountain,None,Drinking Fountain Count,None,BROOKBANKS PARK - Drinking Water Source (  1)
8273,22087,2178,Bike Trail,None,Bike Trail,None,BROOKBANKS PARK TRAIL (  8)
8274,22088,2178,Bike Trail,None,Bike Trail,None,BROOKBANKS PARK TRAIL ( 34)
8275,22089,2178,Bike Trail,None,Bike Trail,None,BROOKBANKS PARK TRAIL ( 17)
8276,22090,2178,Bike Trail,None,Bike Trail,None,BROOKBANKS PARK TRAIL (  1)
8277,22091,2178,Bike Trail,None,Bike Trail,None,BROOKBANKS PARK TRAIL (  4)
8278,22092,2178,Bike Trail,None,Bike Trail,None,BROOKBANKS PARK TRAIL ( 38)
8279,22094,2178,Bike Trail,None,Bike Trail,None,BROOKBANKS PARK TRAIL ( 45)
8280,22096,2178,Bike Trail,None,Bike Trail,None,BROOKBANKS PARK TRAIL (  5)
8281,22097,2178,Bike Trail,None,Bike Trail,None,BROOKBANKS PARK TRAIL (  7)
8282,22098,2178,Bike Trail,None,Bike Trail,None,BROOKBANKS PARK TRAIL (  2)
8283,22099,2178,Bike Trail,None,Bike Trail,None,BROOKBANKS PARK TRAIL (  9)
8284,22100,2178,Bike Trail,None,Bike Trail,None,BROOKBANKS PARK TRAIL ( 36)
8285,22104,2178,Bike Trail,None,Bike Trail,None,BROOKBANKS PARK TRAIL (  3)
8286,22105,2178,Bike Trail,None,Bike Trail,None,BROOKBANKS PARK TRAIL (  6)
8287,22107,2178,Bike Trail,None,Bike Trail,None,BROOKBANKS PARK TRAIL ( 43)
8288,22108,2178,Bike Trail,None,Bike Trail,None,BROOKBANKS PARK TRAIL ( 15)
8289,22109,2178,Bike Trail,None,Bike Trail,None,BROOKBANKS PARK TRAIL ( 18)
8290,34366,2178,Playground,None,Playground Site,None,BROOKBANKS PARK - Playground E
8291,40232,2178,Bike Trail,None,Bike Trail,None,BROOKBANKS PARK TRAIL ( 10)
8292,40233,2178,Bike Trail,None,Bike Trail,None,BROOKBANKS PARK TRAIL ( 13)
8293,40241,2178,Bike Trail,None,Bike Trail,None,BROOKBANKS PARK TRAIL ( 11)
8294,40242,2178,Bike Trail,None,Bike Trail,None,BROOKBANKS PARK TRAIL ( 14)
8295,40250,2178,Bike Trail,None,Bike Trail,None,BROOKBANKS PARK TRAIL ( 54)
8296,40251,2178,Bike Trail,None,Bike Trail,None,BROOKBANKS PARK TRAIL ( 16)
8297,40252,2178,Bike Trail,None,Bike Trail,None,BROOKBANKS PARK TRAIL ( 46)
8298,40253,2178,Bike Trail,None,Bike Trail,None,BROOKBANKS PARK TRAIL ( 48)
8299,40260,2178,Bike Trail,None,Bike Trail,None,BROOKBANKS PARK TRAIL ( 56)
8300,40261,2178,Bike Trail,None,Bike Trail,None,BROOKBANKS PARK TRAIL ( 55)
8301,40262,2178,Bike Trail,None,Bike Trail,None,BROOKBANKS PARK TRAIL ( 49)
8302,40263,2178,Bike Trail,None,Bike Trail,None,BROOKBANKS PARK TRAIL ( 50)
8303,40265,2178,Bike Trail,None,Bike Trail,None,BROOKBANKS PARK TRAIL ( 39)
8304,40266,2178,Bike Trail,None,Bike Trail,None,BROOKBANKS PARK TRAIL ( 41)
8305,40267,2178,Bike Trail,None,Bike Trail,None,BROOKBANKS PARK TRAIL ( 53)
8306,40268,2178,Bike Trail,None,Bike Trail,None,BROOKBANKS PARK TRAIL ( 52)
8307,42671,2178,Playground,None,Playground Site,None,BROOKBANKS PARK - Playground W
8308,44982,2178,Splash Pad,None,Splash/Spray Pad,None,BROOKBANKS PARK - Splash/Spray Pad
8309,75145,2178,Drinking Fountain,None,Drinking Fountain Count,None,BROOKBANKS PARK - Drinking Water Source (  2)
8310,102107,2179,Drinking Fountain,None,Drinking Fountain Count,None,THE DOCTORS' PARKETTE - Drinking Water Source
8311,102107,2179,Bottle Filling Station,None,Water Bottle Filling Count,None,THE DOCTORS' PARKETTE - Drinking Water Source
8312,13249,2181,Drinking Fountain,None,Drinking Fountain Count,None,BURNETT PARK - Drinking Water Source
8313,22110,2181,Bike Trail,None,Bike Trail,None,BURNETT PARK TRAIL
8314,34371,2182,Playground,None,Playground Site,None,BURNHAMILL PARK - Playground
8315,4507,2186,Skateboard Area,None,Skateboard Area,None,ELLESMERE PARK - Skateboard Area
8316,18149,2186,Sport Field,sport,Soccer Field - C,C,TOM GRIBILAS Soccer Field (  1)
8317,18150,2186,Sport Field,sport,Soccer Field - C,C,TOM GRIBILAS Soccer Field (  2)
8318,18151,2186,Sport Field,sport,Soccer Field - C,C,TOM GRIBILAS Soccer Field (  3)
8319,32295,2186,Parking Lot,None,Outdoor Parking Lot,None,ELLESMERE PARK - Outdoor Parking Lot
8320,34046,2186,Playground,None,Playground Site,None,ELLESMERE PARK - Playground
8321,42745,2186,Children's Garden,None,Children's Garden,None,ELLESMERE COMMUNITY RECREATION CENTRE - Children's Garden
8322,34301,2194,Playground,None,Playground Site,None,DR. DANIEL HILL PARK - Playground
8323,97126,2194,Bottle Filling Station,None,Water Bottle Filling Count,None,DR. DANIEL HILL PARK - Drinking Water Source
8324,34185,2196,Playground,None,Playground Site,None,CASWELL PARK - Playground
8325,30998,2197,Outdoor Fitness Equipment,None,Outdoor Fitness Equipment,None,JULIUS DEUTSCH PARK - Outdoor Fitness Equipment (  1)
8326,30999,2197,Outdoor Fitness Equipment,None,Outdoor Fitness Equipment,None,JULIUS DEUTSCH PARK - Outdoor Fitness Equipment (  2)
8327,31000,2197,Outdoor Fitness Equipment,None,Outdoor Fitness Equipment,None,JULIUS DEUTSCH PARK - Outdoor Fitness Equipment (  3)
8328,31001,2197,Outdoor Fitness Equipment,None,Outdoor Fitness Equipment,None,JULIUS DEUTSCH PARK - Outdoor Fitness Equipment (  4)
8329,31002,2197,Outdoor Fitness Equipment,None,Outdoor Fitness Equipment,None,JULIUS DEUTSCH PARK - Outdoor Fitness Equipment (  5)
8330,34032,2197,Playground,None,Playground Site,None,JULIUS DEUTSCH PARK - Playground
8331,102214,2197,Drinking Fountain,None,Drinking Fountain Count,None,JULIUS DEUTSCH PARK - Drinking Water Source
8332,3443,2200,Pickleball Court,None,None,None,CHAMPLAIN PARKETTE - Tennis Court Area
8333,3443,2200,Pickleball Court,None,None,None,CHAMPLAIN PARKETTE - Tennis Court Area
8334,3444,2200,Outdoor Tennis Court,None,Outdoor Tennis Court,None,CHAMPLAIN PARKETTE - Outdoor Tennis Court (  1)
8335,3445,2200,Outdoor Tennis Court,None,Outdoor Tennis Court,None,CHAMPLAIN PARKETTE - Outdoor Tennis Court (  2)
8336,34394,2200,Playground,None,Playground Site,None,CHAMPLAIN PARKETTE - Playground
8337,45402,2200,Gazebo,None,Gazebo,None,CHAMPLAIN PARKETTE - Shade Structure
8338,34399,2205,Playground,None,Playground Site,None,CHARLTON PARK - Playground
8339,34400,2206,Playground,None,Playground Site,None,CHARTLAND PARK - Playground
8340,2421,2207,Drinking Fountain,None,Drinking Fountain Count,None,CHATER COURT PARK - Drinking Water Source
8341,34402,2207,Playground,None,Playground Site,None,CHATER COURT PARK - Playground
8342,23698,2210,Bike Trail,None,Bike Trail,None,PORT UNION VILLAGE COMMON TRAIL ( 32)
8343,24055,2210,Bike Trail,None,Bike Trail,None,WATERFRONT TRAIL ( 10)
8344,24056,2210,Bike Trail,None,Bike Trail,None,WATERFRONT TRAIL ( 11)
8345,24057,2210,Bike Trail,None,Bike Trail,None,WATERFRONT TRAIL ( 12)
8346,24058,2210,Bike Trail,None,Bike Trail,None,WATERFRONT TRAIL ( 13)
8347,24059,2210,Bike Trail,None,Bike Trail,None,WATERFRONT TRAIL ( 14)
8348,24060,2210,Bike Trail,None,Bike Trail,None,WATERFRONT TRAIL ( 15)
8349,24061,2210,Bike Trail,None,Bike Trail,None,WATERFRONT TRAIL ( 16)
8350,24062,2210,Bike Trail,None,Bike Trail,None,WATERFRONT TRAIL ( 17)
8351,24063,2210,Bike Trail,None,Bike Trail,None,WATERFRONT TRAIL ( 18)
8352,24066,2210,Bike Trail,None,Bike Trail,None,WATERFRONT TRAIL ( 20)
8353,24081,2210,Bike Trail,None,Bike Trail,None,WATERFRONT TRAIL (  8)
8354,24082,2210,Bike Trail,None,Bike Trail,None,WATERFRONT TRAIL (  9)
8355,58302,2210,Gazebo,None,Gazebo,None,PORT UNION WATERFRONT PARK - Shade Structure
8356,22145,2211,Bike Trail,None,Bike Trail,None,CHIPPING GREENBELT TRAIL
8357,32403,2214,Parking Lot,None,Outdoor Parking Lot,None,MITCHELL FIELD PARK - Outdoor Parking Lot (  1)
8358,32404,2214,Parking Lot,None,Outdoor Parking Lot,None,MITCHELL FIELD PARK - Outdoor Parking Lot (  2)
8359,49325,2214,Outdoor Table Tennis,None,Outdoor Table Tennis,None,MITCHELL FIELD PARK - Outdoor Table Tennis
8360,34420,2221,Playground,None,Playground Site,None,COLLINGWOOD PARK - Playground
8361,32252,2222,Parking Lot,None,Outdoor Parking Lot,None,COMMANDER RECREATION CENTRE - Building Grounds - Outdoor Parking Lot
8362,17506,2223,Outdoor Basketball Court,None,Basketball Court,None,CONACHER PARK - Basketball Court
8363,34425,2223,Playground,None,Playground Site,None,CONACHER PARK - Playground
8364,96063,2223,Outdoor Table Tennis,None,Outdoor Table Tennis,None,CONACHER PARK - Outdoor Table Tennis
8365,17701,2224,Ball Diamond,sport,Baseball Diamond Field - C,C,CEDAR RIDGE PARK - Ball Diamond Field
8366,22782,2224,Bike Trail,None,Bike Trail,None,HIGHLAND CREEK TRAIL (  1)
8367,22793,2224,Bike Trail,None,Bike Trail,None,HIGHLAND CREEK TRAIL (  2)
8368,32235,2224,Parking Lot,None,Outdoor Parking Lot,None,CEDAR RIDGE PARK - Outdoor Parking Lot
8369,43226,2229,Playground,None,Playground Site,None,DAN IANNUZZI PARK - Playground
8370,30842,2231,Outdoor Basketball Court,None,Basketball Court,None,MANSE ROAD PARK - Basketball Court
8371,34496,2232,Playground,None,Playground Site,None,HILLSBOROUGH PARK - Playground
8372,34431,2233,Playground,None,Playground Site,None,CORTLEIGH PARKETTE - Playground
8373,34433,2235,Playground,None,Playground Site,None,COULTER AVE PARKETTE - Playground
8374,2383,2236,Drinking Fountain,None,Drinking Fountain Count,None,COXWELL AVENUE PARKETTE - Drinking Water Source
8375,3385,2236,Outdoor Basketball Court,None,Basketball Court,None,COXWELL AVENUE PARKETTE - Basketball Court
8376,33931,2237,Playground,None,Playground Site,None,CRAIGTON COURT TOT LOT - Playground
8377,2560,2238,Drinking Fountain,None,Drinking Fountain Count,None,WOBURN PARK - NORTH YORK - Drinking Water Source
8378,2840,2238,Dogs Off-Leash Area,None,Off Leash Area,None,WOBURN PARK - NORTH YORK - Off Leash Area
8379,3645,2238,Outdoor Basketball Court,None,Basketball Court,None,WOBURN PARK - NORTH YORK - Basketball Court
8380,34155,2238,Playground,None,Playground Site,None,WOBURN PARK - NORTH YORK - Playground NW
8381,42726,2238,Playground,None,Playground Site,None,WOBURN PARK - NORTH YORK - Playground SE
8382,33933,2242,Playground,None,Playground Site,None,CROCUS PARK - Playground
8383,33939,2246,Playground,None,Playground Site,None,DALRYMPLE PARK - Playground
8384,33940,2247,Playground,None,Playground Site,None,DANE PARKETTE - Playground
8385,102048,2247,Bottle Filling Station,None,Water Bottle Filling Count,None,DANE PARKETTE - Drinking Water Source
8386,102048,2247,Drinking Fountain,None,Drinking Fountain Count,None,DANE PARKETTE - Drinking Water Source
8387,102048,2247,Dog Fountain,None,Dog Fountain Count,None,DANE PARKETTE - Drinking Water Source
8388,17777,2249,Sport Field,sport,Soccer Field - C,C,GLEN SHEPPARD PARK - Soccer Field
8389,34447,2249,Playground,None,Playground Site,None,GLEN SHEPPARD PARK - Playground
8390,43232,2251,Playground,None,Playground Site,None,TRUDELLE PARK - Playground
8391,46002,2251,Splash Pad,None,Splash/Spray Pad,None,TRUDELLE PARK - Splash/Spray Pad
8392,967676,2251,Gazebo,None,Gazebo,None,TRUDELLE PARK - Shade Structure
8393,33991,2254,Playground,None,Playground Site,None,DEANVAR PARKETTE - Playground
8394,13255,2255,Drinking Fountain,None,Drinking Fountain Count,None,DEBELL LANE PARKETTE - Drinking Water Source
8395,33992,2255,Playground,None,Playground Site,None,DEBELL LANE PARKETTE - Playground
8396,2368,2258,Drinking Fountain,None,Drinking Fountain Count,None,DELL PARK - Drinking Water Source
8397,33993,2258,Playground,None,Playground Site,None,DELL PARK - Playground
8398,2582,2261,Drinking Fountain,None,Drinking Fountain Count,None,SUGAR BEACH PARK - Drinking Water Source
8399,2582,2261,Dog Fountain,None,Dog Fountain Count,None,SUGAR BEACH PARK - Drinking Water Source
8400,5046,2261,Splash Pad,None,Splash/Spray Pad,None,SUGAR BEACH PARK - Splash/Spray Pad
8401,3398,2262,Outdoor Basketball Court,None,Basketball Court,None,CONFEDERATION PARK - Basketball Court (  1)
8402,3400,2262,Outdoor Tennis Court,None,Outdoor Tennis Court,None,CONFEDERATION PARK - Outdoor Tennis Court (  1)
8403,3401,2262,Outdoor Tennis Court,None,Outdoor Tennis Court,None,CONFEDERATION PARK - Outdoor Tennis Court (  2)
8404,3402,2262,Outdoor Tennis Court,None,Outdoor Tennis Court,None,CONFEDERATION PARK - Outdoor Tennis Court (  3)
8405,3403,2262,Outdoor Volleyball Court,None,Outdoor Volleyball Court,None,CONFEDERATION PARK - Volleyball Court (  1)
8406,3404,2262,Outdoor Volleyball Court,None,Outdoor Volleyball Court,None,CONFEDERATION PARK - Volleyball Court (  2)
8407,32253,2262,Parking Lot,None,Outdoor Parking Lot,None,CONFEDERATION PARK - Outdoor Parking Lot (  1)
8408,32254,2262,Parking Lot,None,Outdoor Parking Lot,None,CONFEDERATION PARK - Outdoor Parking Lot (  2)
8409,34426,2262,Playground,None,Playground Site,None,CONFEDERATION PARK - Playground
8410,60242,2262,Dogs Off-Leash Area,None,Off Leash Area,None,CONFEDERATION PARK - Off Leash Area
8411,102182,2262,Drinking Fountain,None,Drinking Fountain Count,None,CONFEDERATION PARK - Drinking Water Source
8412,102182,2262,Dog Fountain,None,Dog Fountain Count,None,CONFEDERATION PARK - Drinking Water Source
8413,132533,2262,Outdoor Fitness Equipment,None,Outdoor Fitness Equipment,None,CONFEDERATION PARK - Outdoor Fitness Equipment Area - Outdoor Fitness Equipment (  1)
8414,132534,2262,Outdoor Fitness Equipment,None,Outdoor Fitness Equipment,None,CONFEDERATION PARK - Outdoor Fitness Equipment Area - Outdoor Fitness Equipment (  2)
8415,132535,2262,Outdoor Fitness Equipment,None,Outdoor Fitness Equipment,None,CONFEDERATION PARK - Outdoor Fitness Equipment Area - Outdoor Fitness Equipment (  3)
8416,132536,2262,Outdoor Fitness Equipment,None,Outdoor Fitness Equipment,None,CONFEDERATION PARK - Outdoor Fitness Equipment Area - Outdoor Fitness Equipment (  4)
8417,988953,2262,Outdoor Basketball Court,None,Basketball Court,None,CONFEDERATION PARK - Basketball Court (  2)
8418,988954,2262,Outdoor Basketball Court,None,Basketball Court,None,CONFEDERATION PARK - Basketball Court (  3)
8419,2356,2263,Drinking Fountain,None,Drinking Fountain Count,None,DUNCAN CREEK PARK - Drinking Water Source
8420,22257,2263,Bike Trail,None,Bike Trail,None,DUNCAN CREEK TRAIL (  1)
8421,22258,2263,Bike Trail,None,Bike Trail,None,DUNCAN CREEK TRAIL ( 10)
8422,22259,2263,Bike Trail,None,Bike Trail,None,DUNCAN CREEK TRAIL ( 11)
8423,22260,2263,Bike Trail,None,Bike Trail,None,DUNCAN CREEK TRAIL ( 12)
8424,22262,2263,Bike Trail,None,Bike Trail,None,DUNCAN CREEK TRAIL ( 14)
8425,22263,2263,Bike Trail,None,Bike Trail,None,DUNCAN CREEK TRAIL ( 15)
8426,22264,2263,Bike Trail,None,Bike Trail,None,DUNCAN CREEK TRAIL ( 16)
8427,22265,2263,Bike Trail,None,Bike Trail,None,DUNCAN CREEK TRAIL ( 17)
8428,22266,2263,Bike Trail,None,Bike Trail,None,DUNCAN CREEK TRAIL ( 18)
8429,22267,2263,Bike Trail,None,Bike Trail,None,DUNCAN CREEK TRAIL (  2)
8430,22268,2263,Bike Trail,None,Bike Trail,None,DUNCAN CREEK TRAIL (  3)
8431,22269,2263,Bike Trail,None,Bike Trail,None,DUNCAN CREEK TRAIL (  4)
8432,22270,2263,Bike Trail,None,Bike Trail,None,DUNCAN CREEK TRAIL (  5)
8433,22271,2263,Bike Trail,None,Bike Trail,None,DUNCAN CREEK TRAIL (  6)
8434,22272,2263,Bike Trail,None,Bike Trail,None,DUNCAN CREEK TRAIL (  7)
8435,22273,2263,Bike Trail,None,Bike Trail,None,DUNCAN CREEK TRAIL (  8)
8436,22274,2263,Bike Trail,None,Bike Trail,None,DUNCAN CREEK TRAIL (  9)
8437,34015,2263,Playground,None,Playground Site,None,DUNCAN CREEK PARK - Playground S
8438,42652,2263,Playground,None,Playground Site,None,DUNCAN CREEK PARK - Playground N
8439,22280,2264,Bike Trail,None,Bike Trail,None,EARL BALES PARK TRAIL ( 14)
8440,24109,2264,Bike Trail,None,Bike Trail,None,WEST DON RIVER TRAIL ( 33)
8441,24110,2264,Bike Trail,None,Bike Trail,None,WEST DON RIVER TRAIL ( 34)
8442,32353,2264,Parking Lot,None,Outdoor Parking Lot,None,HINDER AREA - Outdoor Parking Lot (  1)
8443,32354,2264,Parking Lot,None,Outdoor Parking Lot,None,HINDER AREA - Outdoor Parking Lot (  2)
8444,36492,2264,Washroom Facility,None,Washroom Building,None,HINDER AREA - Washroom Building
8445,967925,2264,Picnic Shelter,picnic,Shelter,None,HINDER AREA - Shade Structure
8446,34005,2265,Playground,None,Playground Site,None,DONORA PARK - Playground
8447,34226,2268,Playground,None,Playground Site,None,NORTHTOWN PARK - Playground
8448,3346,2274,Outdoor Bocce Court,None,Outdoor Bocce Court,None,DUBRAY PARKETTE - Outdoor Bocce Court (  1)
8449,3347,2274,Outdoor Bocce Court,None,Outdoor Bocce Court,None,DUBRAY PARKETTE - Outdoor Bocce Court (  2)
8450,13257,2274,Drinking Fountain,None,Drinking Fountain Count,None,DUBRAY PARKETTE - Drinking Water Source
8451,22230,2275,Bike Trail,None,Bike Trail,None,DUNCAIRN PARK TRAIL ( 10)
8452,22231,2275,Bike Trail,None,Bike Trail,None,DUNCAIRN PARK TRAIL ( 11)
8453,22232,2275,Bike Trail,None,Bike Trail,None,DUNCAIRN PARK TRAIL ( 12)
8454,22233,2275,Bike Trail,None,Bike Trail,None,DUNCAIRN PARK TRAIL ( 13)
8455,22234,2275,Bike Trail,None,Bike Trail,None,DUNCAIRN PARK TRAIL ( 14)
8456,22235,2275,Bike Trail,None,Bike Trail,None,DUNCAIRN PARK TRAIL ( 15)
8457,22236,2275,Bike Trail,None,Bike Trail,None,DUNCAIRN PARK TRAIL ( 16)
8458,22237,2275,Bike Trail,None,Bike Trail,None,DUNCAIRN PARK TRAIL ( 17)
8459,22238,2275,Bike Trail,None,Bike Trail,None,DUNCAIRN PARK TRAIL ( 18)
8460,22239,2275,Bike Trail,None,Bike Trail,None,DUNCAIRN PARK TRAIL ( 19)
8461,22241,2275,Bike Trail,None,Bike Trail,None,DUNCAIRN PARK TRAIL ( 20)
8462,22242,2275,Bike Trail,None,Bike Trail,None,DUNCAIRN PARK TRAIL ( 21)
8463,22243,2275,Bike Trail,None,Bike Trail,None,DUNCAIRN PARK TRAIL ( 22)
8464,22244,2275,Bike Trail,None,Bike Trail,None,DUNCAIRN PARK TRAIL ( 23)
8465,22245,2275,Bike Trail,None,Bike Trail,None,DUNCAIRN PARK TRAIL ( 24)
8466,22246,2275,Bike Trail,None,Bike Trail,None,DUNCAIRN PARK TRAIL ( 25)
8467,22247,2275,Bike Trail,None,Bike Trail,None,DUNCAIRN PARK TRAIL ( 26)
8468,22248,2275,Bike Trail,None,Bike Trail,None,DUNCAIRN PARK TRAIL ( 27)
8469,22250,2275,Bike Trail,None,Bike Trail,None,DUNCAIRN PARK TRAIL (  3)
8470,22251,2275,Bike Trail,None,Bike Trail,None,DUNCAIRN PARK TRAIL (  4)
8471,22252,2275,Bike Trail,None,Bike Trail,None,DUNCAIRN PARK TRAIL (  5)
8472,22253,2275,Bike Trail,None,Bike Trail,None,DUNCAIRN PARK TRAIL (  6)
8473,22254,2275,Bike Trail,None,Bike Trail,None,DUNCAIRN PARK TRAIL (  7)
8474,22255,2275,Bike Trail,None,Bike Trail,None,DUNCAIRN PARK TRAIL (  8)
8475,22256,2275,Bike Trail,None,Bike Trail,None,DUNCAIRN PARK TRAIL (  9)
8476,34014,2275,Playground,None,Playground Site,None,DUNCAIRN PARK - Playground
8477,21920,2276,Bike Trail,None,Bike Trail,None,BETTY SUTHERLAND TRAIL (  1)
8478,21926,2276,Bike Trail,None,Bike Trail,None,BETTY SUTHERLAND TRAIL (  2)
8479,21927,2276,Bike Trail,None,Bike Trail,None,BETTY SUTHERLAND TRAIL (  3)
8480,21928,2276,Bike Trail,None,Bike Trail,None,BETTY SUTHERLAND TRAIL (  4)
8481,2354,2277,Drinking Fountain,None,Drinking Fountain Count,None,DUNDAS - WATKINSON PARKETTE - Drinking Water Source
8482,34018,2277,Playground,None,Playground Site,None,DUNDAS - WATKINSON PARKETTE - Playground
8483,17848,2283,Ball Diamond,sport,Baseball Diamond Field - C,C,MAIN SEWAGE TREATMENT PLAYGROUND - Ball Diamond Field
8484,23133,2283,Bike Trail,None,Bike Trail,None,LAKE SHORE BLVD EAST TRAIL (  1)
8485,23144,2283,Bike Trail,None,Bike Trail,None,LAKE SHORE BLVD EAST TRAIL (  2)
8486,27882,2283,Sport Field,sport,Rugby Field - C,C,TUBS AND GEE GAGE RUGBY FIELD
8487,49540,2283,Parking Lot,None,Outdoor Parking Lot,None,MAIN SEWAGE TREATMENT PLAYGROUND - Outdoor Parking Lot (  1)
8488,102088,2283,Bottle Filling Station,None,Water Bottle Filling Count,None,MAIN SEWAGE TREATMENT PLAYGROUND - Drinking Water Source
8489,849994,2283,Parking Lot,None,Outdoor Parking Lot,None,MAIN SEWAGE TREATMENT PLAYGROUND - Outdoor Parking Lot (  2)
8490,984769,2283,Outdoor Basketball Court,None,Basketball Court,None,MAIN SEWAGE TREATMENT PLAYGROUND - Basketball Court (  1)
8491,984770,2283,Outdoor Basketball Court,None,Basketball Court,None,MAIN SEWAGE TREATMENT PLAYGROUND - Basketball Court (  2)
8492,18036,2288,Cricket Pitch Field,sport,Cricket Pitch Field - Premier,P,FERGY BROWN PARK - Cricket Pitch Field (  1)
8493,18037,2288,Cricket Pitch Field,sport,Cricket Pitch Field - Premier,P,FERGY BROWN PARK - Cricket Pitch Field (  2)
8494,29411,2288,Washroom Facility,None,Washroom Building,None,FERGY BROWN PARK - Washroom Building
8495,32303,2288,Parking Lot,None,Outdoor Parking Lot,None,FERGY BROWN PARK - Outdoor Parking Lot
8496,34044,2293,Playground,None,Playground Site,None,ELKHORN PARKETTE - Playground
8497,2333,2294,Drinking Fountain,None,Drinking Fountain Count,None,ELLERSLIE PARK - Drinking Water Source
8498,34045,2294,Playground,None,Playground Site,None,ELLERSLIE PARK - Playground
8499,36534,2297,Sport Field,sport,Soccer Field - B,B,ELLESMERE RESERVOIR PARK - Soccer Field (  1)
8500,36535,2297,Sport Field,sport,Soccer Field - B,B,ELLESMERE RESERVOIR PARK - Soccer Field (  2)
8501,36536,2297,Cricket Pitch Field,sport,Cricket Pitch Field - C,C,ELLESMERE RESERVOIR PARK - Cricket Pitch Field (  1)
8502,36537,2297,Cricket Pitch Field,sport,Cricket Pitch Field - C,C,ELLESMERE RESERVOIR PARK - Cricket Pitch Field (  2)
8503,34049,2299,Playground,None,Playground Site,None,ELMBROOK PARK - Playground
8504,849947,2299,Parking Lot,None,Outdoor Parking Lot,None,ELMBROOK PARK - Outdoor Parking Lot
8505,2331,2301,Drinking Fountain,None,Drinking Fountain Count,None,EMPRESS PARKETTE - Drinking Water Source
8506,18692,2303,Drinking Fountain,None,Drinking Fountain Count,None,MARBLE HILL PARKETTE - Drinking Water Source
8507,33804,2303,Playground,None,Playground Site,None,MARBLE HILL PARKETTE - Playground
8508,3426,2307,Pickleball Court,None,None,None,CLAIRLEA PARK - Tennis Court Area
8509,3427,2307,Outdoor Tennis Court,None,Outdoor Tennis Court,None,CLAIRLEA PARK - Outdoor Tennis Court (  1)
8510,3428,2307,Outdoor Tennis Court,None,Outdoor Tennis Court,None,CLAIRLEA PARK - Outdoor Tennis Court (  2)
8511,14314,2307,Ball Hockey Pad,None,Ball Hockey Pad,None,CLAIRLEA PARK - Natural Ice Rink
8512,17715,2307,Sport Field,sport,Soccer Field - A,A,CLAIRLEA PARK - Soccer Field
8513,32245,2307,Parking Lot,None,Outdoor Parking Lot,None,CLAIRLEA PARK - Outdoor Parking Lot
8514,34410,2307,Playground,None,Playground Site,None,CLAIRLEA PARK - Playground
8515,73423,2307,Splash Pad,None,Splash/Spray Pad,None,CLAIRLEA PARK - Splash/Spray Pad
8516,13247,2308,Drinking Fountain,None,Drinking Fountain Count,None,BROOKDALE PARK - Drinking Water Source
8517,34367,2308,Playground,None,Playground Site,None,BROOKDALE PARK - Playground
8518,2323,2310,Drinking Fountain,None,Drinking Fountain Count,None,FALSTAFF PARK - Drinking Water Source
8519,3268,2310,Outdoor Basketball Court,None,Basketball Court,None,FALSTAFF PARK - Basketball Court (  2)
8520,28384,2310,Outdoor Basketball Court,None,Basketball Court,None,FALSTAFF PARK - Basketball Court (  1)
8521,32301,2310,Parking Lot,None,Outdoor Parking Lot,None,FALSTAFF PARK - Outdoor Parking Lot
8522,34061,2310,Playground,None,Playground Site,None,FALSTAFF PARK - Playground
8523,43662,2310,Sports Pad Area,None,Sportspad Area,None,FALSTAFF PARK - Sportspad Area
8524,34062,2311,Playground,None,Playground Site,None,FANFARE PARK - Playground
8525,34450,2313,Playground,None,Playground Site,None,GOLF CLUB PARKETTE - Playground
8526,5722,2314,Gazebo,None,Gazebo,None,FERRAND DRIVE PARK - Shade Structure
8527,34067,2314,Playground,None,Playground Site,None,FERRAND DRIVE PARK - Playground
8528,21934,2315,Bike Trail,None,Bike Trail,None,BLACK CREEK TRAIL (  1)
8529,21945,2315,Bike Trail,None,Bike Trail,None,BLACK CREEK TRAIL (  2)
8530,21956,2315,Bike Trail,None,Bike Trail,None,BLACK CREEK TRAIL (  3)
8531,21967,2315,Bike Trail,None,Bike Trail,None,BLACK CREEK TRAIL (  4)
8532,21978,2315,Bike Trail,None,Bike Trail,None,BLACK CREEK TRAIL (  5)
8533,21989,2315,Bike Trail,None,Bike Trail,None,BLACK CREEK TRAIL (  6)
8534,2295,2318,Drinking Fountain,None,Drinking Fountain Count,None,GORD AND IRENE RISK PARK - Drinking Water Source
8535,32321,2318,Parking Lot,None,Outdoor Parking Lot,None,GORD AND IRENE RISK PARK - Outdoor Parking Lot (  1)
8536,32322,2318,Parking Lot,None,Outdoor Parking Lot,None,GORD AND IRENE RISK PARK - Outdoor Parking Lot (  2)
8537,34451,2318,Playground,None,Playground Site,None,GORD AND IRENE RISK PARK - Playground
8538,75011,2318,Outdoor Chess Table,None,Outdoor Chess Table,None,GORD AND IRENE RISK PARK - Outdoor Chess Table (  1)
8539,75012,2318,Outdoor Chess Table,None,Outdoor Chess Table,None,GORD AND IRENE RISK PARK - Outdoor Chess Table (  2)
8540,32449,2320,Parking Lot,None,Outdoor Parking Lot,None,SENECA VILLAGE PARK - Outdoor Parking Lot
8541,34186,2321,Playground,None,Playground Site,None,CATARAQUI PARK - Playground
8542,22526,2322,Bike Trail,None,Bike Trail,None,FESTIVAL PARK TRAIL (  1)
8543,22527,2322,Bike Trail,None,Bike Trail,None,FESTIVAL PARK TRAIL (  2)
8544,22528,2322,Bike Trail,None,Bike Trail,None,FESTIVAL PARK TRAIL (  3)
8545,44888,2323,Parking Lot,None,Outdoor Parking Lot,None,THE GORE - Outdoor Parking Lot
8546,34136,2324,Playground,None,Playground Site,None,WESTWOOD PARK - Playground
8547,34079,2327,Playground,None,Playground Site,None,FRASERWOOD PARK - Playground
8548,34532,2328,Playground,None,Playground Site,None,OAKDALE VILLAGE PARK - Playground
8549,968045,2328,Gazebo,None,Gazebo,None,OAKDALE VILLAGE PARK - Shade Structure
8550,33773,2332,Playground,None,Playground Site,None,GARDEN AVENUE PARKETTE - Playground
8551,34383,2334,Playground,None,Playground Site,None,GARTHDALE PARKETTE - Playground
8552,102109,2339,Bottle Filling Station,None,Water Bottle Filling Count,None,GLASGOW STREET PARKETTE - Drinking Water Source
8553,2510,2341,Drinking Fountain,None,Drinking Fountain Count,None,AGINCOURT PARK - Drinking Water Source (  1)
8554,3570,2341,Outdoor Tennis Court,None,Outdoor Tennis Court,None,AGINCOURT PARK - Outdoor Tennis Court (  1)
8555,3571,2341,Outdoor Tennis Court,None,Outdoor Tennis Court,None,AGINCOURT PARK - Outdoor Tennis Court (  2)
8556,3572,2341,Outdoor Tennis Court,None,Outdoor Tennis Court,None,AGINCOURT PARK - Outdoor Tennis Court (  3)
8557,3573,2341,Outdoor Tennis Court,None,Outdoor Tennis Court,None,AGINCOURT PARK - Outdoor Tennis Court (  4)
8558,28042,2341,Bowling Green,None,Bowling Green,None,AGINCOURT LAWN BOWLING CLUB - Bowling Green (  1)
8559,28043,2341,Bowling Green,None,Bowling Green,None,AGINCOURT LAWN BOWLING CLUB - Bowling Green (  2)
8560,29272,2341,Picnic Shelter,picnic,Shelter,None,AGINCOURT PARK - Shade Structure
8561,30882,2341,Kitchen,room,Kitchen,None,AGINCOURT LAWN BOWLING CLUB - Kitchen
8562,30883,2341,Meeting Room,None,None,None,AGINCOURT LAWN BOWLING CLUB - Meeting Room
8563,30885,2341,Kitchen,room,Kitchen,None,AGINCOURT PARK TENNIS CLUBHOUSE - Kitchen
8564,30886,2341,Meeting Room,None,None,None,AGINCOURT PARK TENNIS CLUBHOUSE - Meeting Room
8565,32203,2341,Parking Lot,None,Outdoor Parking Lot,None,AGINCOURT PARK - Outdoor Parking Lot
8566,33930,2341,Playground,None,Playground Site,None,AGINCOURT PARK - Playground NW
8567,42647,2341,Playground,None,Playground Site,None,AGINCOURT PARK - Playground SE
8568,79036,2341,Drinking Fountain,None,Drinking Fountain Count,None,AGINCOURT PARK - Drinking Water Source (  2)
8569,33895,2343,Playground,None,Playground Site,None,ROSENEATH PARK - Playground
8570,74522,2343,Outdoor Chess Table,None,Outdoor Chess Table,None,ROSENEATH PARK - Outdoor Chess Table (  1)
8571,74523,2343,Outdoor Chess Table,None,Outdoor Chess Table,None,ROSENEATH PARK - Outdoor Chess Table (  2)
8572,132730,2346,Firepit,None,Firepit,None,WEST DON PARKLAND - Firepit (  1)
8573,132731,2346,Firepit,None,Firepit,None,WEST DON PARKLAND - Firepit (  2)
8574,34240,2347,Playground,None,Playground Site,None,OWEN PARK - Playground
8575,102240,2347,Drinking Fountain,None,Drinking Fountain Count,None,OWEN PARK - Drinking Water Source
8576,34454,2349,Playground,None,Playground Site,None,GRACEFIELD PARK - Playground
8577,34414,2350,Playground,None,Playground Site,None,DALESFORD PARK - Playground
8578,34091,2351,Playground,None,Playground Site,None,KENWAY PARK - Playground
8579,73424,2354,Splash Pad,None,Splash/Spray Pad,None,GREENBRAE PARKETTE - Splash/Spray Pad
8580,74202,2354,Playground,None,Playground Site,None,GREENBRAE PARKETTE - Playground
8581,74422,2354,Gazebo,None,Gazebo,None,GREENBRAE PARKETTE - Shade Structure
8582,45682,2355,Playground,None,Playground Site,None,MAPLEHURST PARK - Playground
8583,22748,2357,Bike Trail,None,Bike Trail,None,GREY ABBEY PARK TRAIL (  1)
8584,22749,2357,Bike Trail,None,Bike Trail,None,GREY ABBEY PARK TRAIL (  2)
8585,46062,2357,Playground,None,Playground Site,None,GREY ABBEY PARK - Playground
8586,34167,2362,Playground,None,Playground Site,None,ROBERT LEEK MEMORIAL PARK - Playground
8587,3155,2365,Outdoor Tennis Court,None,Outdoor Tennis Court,None,HAWKSBURY PARK - Outdoor Tennis Court (  1)
8588,3156,2365,Outdoor Tennis Court,None,Outdoor Tennis Court,None,HAWKSBURY PARK - Outdoor Tennis Court (  2)
8589,3157,2365,Outdoor Tennis Court,None,Outdoor Tennis Court,None,HAWKSBURY PARK - Outdoor Tennis Court (  3)
8590,3158,2365,Outdoor Tennis Court,None,Outdoor Tennis Court,None,HAWKSBURY PARK - Outdoor Tennis Court (  4)
8591,3159,2365,Outdoor Tennis Court,None,Outdoor Tennis Court,None,HAWKSBURY PARK - Outdoor Tennis Court (  5)
8592,3160,2365,Outdoor Tennis Court,None,Outdoor Tennis Court,None,HAWKSBURY PARK - Outdoor Tennis Court (  6)
8593,34480,2365,Playground,None,Playground Site,None,HAWKSBURY PARK - Playground
8594,34164,2369,Playground,None,Playground Site,None,ZOOVIEW PARK - Playground
8595,967975,2369,Gazebo,None,Gazebo,None,ZOOVIEW PARK - Shade Structure
8596,2271,2370,Drinking Fountain,None,Drinking Fountain Count,None,HICKORYNUT PARKETTE - Drinking Water Source
8597,2245,2373,Drinking Fountain,None,Drinking Fountain Count,None,HILLMOUNT PARKETTE - Drinking Water Source
8598,34495,2373,Playground,None,Playground Site,None,HILLMOUNT PARKETTE - Playground
8599,57347,2380,Pond,None,Open Water,None,HOPTREE PARK - Open Water (  1)
8600,57348,2380,Pond,None,Open Water,None,HOPTREE PARK - Open Water (  2)
8601,57349,2380,Pond,None,Open Water,None,HOPTREE PARK - Open Water (  3)
8602,57315,2386,Pond,None,Open Water,None,CLAIREVILLE CONSERVATION AREA - Open Water
8603,32514,2391,Parking Lot,None,Outdoor Parking Lot,None,WHITFIELD PARKETTE - Outdoor Parking Lot
8604,21995,2393,Bike Trail,None,Bike Trail,None,BLACK CREEK TRAIL (  7)
8605,47042,2394,Playground,None,Playground Site,None,JEANETTE PARK - Playground
8606,3063,2398,Outdoor Bocce Court,None,Outdoor Bocce Court,None,JOYCE PARK - Outdoor Bocce Court (  1)
8607,3064,2398,Outdoor Bocce Court,None,Outdoor Bocce Court,None,JOYCE PARK - Outdoor Bocce Court (  2)
8608,34030,2398,Playground,None,Playground Site,None,JOYCE PARK - Playground
8609,132739,2398,Outdoor Table Tennis,None,Outdoor Table Tennis,None,JOYCE PARK - Outdoor Table Tennis
8610,2204,2404,Drinking Fountain,None,Drinking Fountain Count,None,KENNETH PARK - Drinking Water Source
8611,34090,2404,Playground,None,Playground Site,None,KENNETH PARK - Playground
8612,2203,2405,Drinking Fountain,None,Drinking Fountain Count,None,KENWORTHY PARK - Drinking Water Source
8613,34092,2405,Playground,None,Playground Site,None,KENWORTHY PARK - Playground
8614,967817,2406,Gazebo,None,Gazebo,None,AVRO PARK - Shade Structure
8615,102274,2410,Drinking Fountain,None,Drinking Fountain Count,None,AVALON PARKETTE - Drinking Water Source
8616,102234,2413,Drinking Fountain,None,Drinking Fountain Count,None,HIGHLAND CREEK PARKETTE - Drinking Water Source
8617,34097,2414,Playground,None,Playground Site,None,KINSDALE PARK - Playground
8618,23567,2416,Bike Trail,None,Bike Trail,None,MIMICO CREEK TRAIL (  4)
8619,23578,2416,Bike Trail,None,Bike Trail,None,MIMICO CREEK TRAIL (  5)
8620,23611,2416,Bike Trail,None,Bike Trail,None,MIMICO CREEK TRAIL (  8)
8621,34098,2418,Playground,None,Playground Site,None,KIRKDENE PARK - Playground
8622,2150,2420,Drinking Fountain,None,Drinking Fountain Count,None,MAPLE LEAF FOREVER PARK - Drinking Water Source
8623,2150,2420,Dog Fountain,None,Dog Fountain Count,None,MAPLE LEAF FOREVER PARK - Drinking Water Source
8624,72102,2420,Community Garden,None,Community Garden,None,MAPLE LEAF FOREVER PARK - Community Garden
8625,73702,2420,Playground,None,Playground Site,None,MAPLE LEAF FOREVER PARK - Playground
8626,4089,2421,Skateboard Area,None,Skateboard Area,None,BEACH SKATEPARK - Skateboard Area
8627,23155,2421,Bike Trail,None,Bike Trail,None,LAKE SHORE BLVD EAST TRAIL (  3)
8628,5563,2422,Gazebo,None,Gazebo,None,HUMBER BAY PROMENADE PARK - Shade Structure (  1)
8629,22848,2422,Bike Trail,None,Bike Trail,None,HUMBER BAY PARK WEST TRAIL ( 29)
8630,22849,2422,Bike Trail,None,Bike Trail,None,HUMBER BAY PARK WEST TRAIL ( 28)
8631,22851,2422,Bike Trail,None,Bike Trail,None,HUMBER BAY PARK WEST TRAIL ( 26)
8632,22852,2422,Bike Trail,None,Bike Trail,None,HUMBER BAY PARK WEST TRAIL ( 27)
8633,23622,2422,Bike Trail,None,Bike Trail,None,MIMICO WATERFRONT PARK TRAIL (  1)
8634,4640,2430,Picnic Site,picnic,Picnic Site,None,COXWELL RAVINE PARK - Picnic Site
8635,60022,2430,Dogs Off-Leash Area,None,Off Leash Area,None,COXWELL RAVINE PARK - Off Leash Area
8636,22080,2434,Bike Trail,None,Bike Trail,None,BOND PARK TRAIL (  1)
8637,22081,2434,Bike Trail,None,Bike Trail,None,BOND PARK TRAIL (  2)
8638,22082,2434,Bike Trail,None,Bike Trail,None,BOND PARK TRAIL (  3)
8639,22240,2434,Bike Trail,None,Bike Trail,None,DUNCAIRN PARK TRAIL (  2)
8640,23187,2434,Bike Trail,None,Bike Trail,None,LEASIDE CN RAIL SPUR TRAIL (  1)
8641,23188,2434,Bike Trail,None,Bike Trail,None,LEASIDE CN RAIL SPUR TRAIL (  2)
8642,23189,2434,Bike Trail,None,Bike Trail,None,LEASIDE CN RAIL SPUR TRAIL (  3)
8643,23190,2434,Bike Trail,None,Bike Trail,None,LEASIDE CN RAIL SPUR TRAIL (  4)
8644,23191,2434,Bike Trail,None,Bike Trail,None,LEASIDE CN RAIL SPUR TRAIL (  5)
8645,23923,2434,Bike Trail,None,Bike Trail,None,TALWOOD PARK TRAIL (  1)
8646,2178,2440,Drinking Fountain,None,Drinking Fountain Count,None,LESLIE PARK - Drinking Water Source
8647,2971,2440,Outdoor Basketball Court,None,Basketball Court,None,LESLIE PARK - Basketball Court
8648,34121,2440,Playground,None,Playground Site,None,LESLIE PARK - Playground
8649,24018,2441,Bike Trail,None,Bike Trail,None,TOMMY THOMPSON PK TRAIL (  1)
8650,24019,2441,Bike Trail,None,Bike Trail,None,TOMMY THOMPSON PK TRAIL ( 10)
8651,24020,2441,Bike Trail,None,Bike Trail,None,TOMMY THOMPSON PK TRAIL ( 11)
8652,24022,2441,Bike Trail,None,Bike Trail,None,TOMMY THOMPSON PK TRAIL ( 13)
8653,24024,2441,Bike Trail,None,Bike Trail,None,TOMMY THOMPSON PK TRAIL ( 15)
8654,24025,2441,Bike Trail,None,Bike Trail,None,TOMMY THOMPSON PK TRAIL ( 16)
8655,24026,2441,Bike Trail,None,Bike Trail,None,TOMMY THOMPSON PK TRAIL ( 17)
8656,24028,2441,Bike Trail,None,Bike Trail,None,TOMMY THOMPSON PK TRAIL ( 19)
8657,24029,2441,Bike Trail,None,Bike Trail,None,TOMMY THOMPSON PK TRAIL (  2)
8658,24030,2441,Bike Trail,None,Bike Trail,None,TOMMY THOMPSON PK TRAIL ( 20)
8659,24032,2441,Bike Trail,None,Bike Trail,None,TOMMY THOMPSON PK TRAIL ( 22)
8660,24035,2441,Bike Trail,None,Bike Trail,None,TOMMY THOMPSON PK TRAIL (  3)
8661,24036,2441,Bike Trail,None,Bike Trail,None,TOMMY THOMPSON PK TRAIL (  4)
8662,24038,2441,Bike Trail,None,Bike Trail,None,TOMMY THOMPSON PK TRAIL (  6)
8663,24041,2441,Bike Trail,None,Bike Trail,None,TOMMY THOMPSON PK TRAIL (  9)
8664,57405,2441,Pond,None,Open Water,None,TOMMY THOMPSON PARK - Open Water (  1)
8665,57406,2441,Pond,None,Open Water,None,TOMMY THOMPSON PARK - Open Water (  2)
8666,101976,2441,Washroom Facility,None,Washroom Building,None,TOMMY THOMPSON PARK - Washroom Building
8667,102151,2441,Bottle Filling Station,None,Water Bottle Filling Count,None,TOMMY THOMPSON PARK - Drinking Water Source
8668,850078,2441,Parking Lot,None,Outdoor Parking Lot,None,TOMMY THOMPSON PARK - Outdoor Parking Lot
8669,17837,2443,Multipurpose Field,None,Multipurpose Field,None,LINKWOOD LANE PARK - Multipurpose Field
8670,34172,2443,Playground,None,Playground Site,None,LINKWOOD LANE PARK - Playground
8671,45225,2443,Dogs Off-Leash Area,None,Off Leash Area,None,LINKWOOD LANE PARK - Off Leash Area
8672,77374,2443,Bottle Filling Station,None,Water Bottle Filling Count,None,LINKWOOD LANE PARK - Drinking Water Source
8673,17826,2445,Ball Diamond,sport,Baseball Diamond Field - C,C,KITCHENER PARK - Ball Diamond Field
8674,34100,2445,Playground,None,Playground Site,None,KITCHENER PARK - Playground
8675,33786,2446,Playground,None,Playground Site,None,LORRAINE DRIVE PARK - Playground
8676,33790,2448,Playground,None,Playground Site,None,LYNEDOCK PARK - Playground
8677,34488,2449,Playground,None,Playground Site,None,HIGH LEVEL PUMPING STATION AND PARK - Playground
8678,1001224,2449,Outdoor Table Tennis,None,Outdoor Table Tennis,None,HIGH LEVEL PUMPING STATION AND PARK - Outdoor Table Tennis
8679,80540,2451,Playground,None,Playground Site,None,MALLOW PARK - Playground
8680,101988,2451,Outdoor Fitness Equipment,None,Outdoor Fitness Equipment,None,MALLOW PARK - Outdoor Fitness Equipment Area - Outdoor Fitness Equipment (  1)
8681,101989,2451,Outdoor Fitness Equipment,None,Outdoor Fitness Equipment,None,MALLOW PARK - Outdoor Fitness Equipment Area - Outdoor Fitness Equipment (  2)
8682,101990,2451,Outdoor Fitness Equipment,None,Outdoor Fitness Equipment,None,MALLOW PARK - Outdoor Fitness Equipment Area - Outdoor Fitness Equipment (  3)
8683,34508,2453,Playground,None,Playground Site,None,HUNTERS GLEN PARK - Playground
8684,34530,2454,Playground,None,Playground Site,None,MARKET GARDEN MEWS - Playground
8685,34440,2456,Playground,None,Playground Site,None,GLEN AGAR PARK - Playground
8686,49514,2456,Parking Lot,None,Outdoor Parking Lot,None,GLEN AGAR PARK - Outdoor Parking Lot
8687,23535,2457,Bike Trail,None,Bike Trail,None,MIMICO CREEK TRAIL ( 10)
8688,23536,2457,Bike Trail,None,Bike Trail,None,MIMICO CREEK TRAIL ( 11)
8689,23537,2457,Bike Trail,None,Bike Trail,None,MIMICO CREEK TRAIL ( 12)
8690,17866,2459,Ball Diamond,sport,Baseball Diamond Field - C,C,MUIR PARK - Ball Diamond Field
8691,34208,2459,Playground,None,Playground Site,None,MUIR PARK - Playground
8692,103210,2459,Drinking Fountain,None,Drinking Fountain Count,None,MUIR PARK - Drinking Water Source
8693,33813,2463,Playground,None,Playground Site,None,MAUREEN PARKETTE - Playground
8694,33816,2465,Playground,None,Playground Site,None,MAYWOOD TOT LOT - Playground
8695,77377,2465,Gazebo,None,Gazebo,None,MAYWOOD TOT LOT - Shade Structure
8696,77379,2465,Sport Field,sport,Soccer Field,None,MAYWOOD TOT LOT - Soccer Field
8697,18524,2466,Drinking Fountain,None,Drinking Fountain Count,None,MCCLEARY PLAYGROUND - Drinking Water Source
8698,33817,2466,Playground,None,Playground Site,None,MCCLEARY PLAYGROUND - Playground
8699,33819,2468,Playground,None,Playground Site,None,MCALLISTER PARK - Playground
8700,67042,2468,Outdoor Chess Table,None,Outdoor Chess Table,None,MCALLISTER PARK - Outdoor Chess Table
8701,24220,2469,Bike Trail,None,Bike Trail,None,WEST HIGHLAND CREEK TRAIL (  2)
8702,24231,2469,Bike Trail,None,Bike Trail,None,WEST HIGHLAND CREEK TRAIL (  3)
8703,24242,2469,Bike Trail,None,Bike Trail,None,WEST HIGHLAND CREEK TRAIL (  4)
8704,24253,2469,Bike Trail,None,Bike Trail,None,WEST HIGHLAND CREEK TRAIL (  5)
8705,2195,2472,Drinking Fountain,None,Drinking Fountain Count,None,L'AMOREAUX NORTH PARK - Drinking Water Source
8706,2808,2472,Dogs Off-Leash Area,None,Off Leash Area,None,L'AMOREAUX NORTH PARK - Off Leash Area
8707,3027,2472,Outdoor Basketball Court,None,Basketball Court,None,L'AMOREAUX NORTH PARK - Basketball Court (  1)
8708,18059,2472,Ball Diamond,sport,Baseball Diamond Field - A,A,L'AMOREAUX NORTH PARK - Ball Diamond Field
8709,22534,2472,Bike Trail,None,Bike Trail,None,FINCH CORRIDOR TRAIL ( 14)
8710,24261,2472,Bike Trail,None,Bike Trail,None,WEST HIGHLAND CREEK TRAIL ( 57)
8711,24262,2472,Bike Trail,None,Bike Trail,None,WEST HIGHLAND CREEK TRAIL ( 58)
8712,24263,2472,Bike Trail,None,Bike Trail,None,WEST HIGHLAND CREEK TRAIL ( 59)
8713,24268,2472,Bike Trail,None,Bike Trail,None,WEST HIGHLAND CREEK TRAIL ( 62)
8714,24269,2472,Bike Trail,None,Bike Trail,None,WEST HIGHLAND CREEK TRAIL ( 63)
8715,24270,2472,Bike Trail,None,Bike Trail,None,WEST HIGHLAND CREEK TRAIL ( 64)
8716,24271,2472,Bike Trail,None,Bike Trail,None,WEST HIGHLAND CREEK TRAIL ( 65)
8717,24273,2472,Bike Trail,None,Bike Trail,None,WEST HIGHLAND CREEK TRAIL ( 67)
8718,24274,2472,Bike Trail,None,Bike Trail,None,WEST HIGHLAND CREEK TRAIL ( 68)
8719,24275,2472,Bike Trail,None,Bike Trail,None,WEST HIGHLAND CREEK TRAIL ( 69)
8720,24277,2472,Bike Trail,None,Bike Trail,None,WEST HIGHLAND CREEK TRAIL ( 70)
8721,24278,2472,Bike Trail,None,Bike Trail,None,WEST HIGHLAND CREEK TRAIL ( 71)
8722,24282,2472,Bike Trail,None,Bike Trail,None,WEST HIGHLAND CREEK TRAIL ( 75)
8723,24283,2472,Bike Trail,None,Bike Trail,None,WEST HIGHLAND CREEK TRAIL ( 76)
8724,24284,2472,Bike Trail,None,Bike Trail,None,WEST HIGHLAND CREEK TRAIL ( 77)
8725,24285,2472,Bike Trail,None,Bike Trail,None,WEST HIGHLAND CREEK TRAIL ( 78)
8726,24290,2472,Bike Trail,None,Bike Trail,None,WEST HIGHLAND CREEK TRAIL ( 82)
8727,24293,2472,Bike Trail,None,Bike Trail,None,WEST HIGHLAND CREEK TRAIL ( 85)
8728,24295,2472,Bike Trail,None,Bike Trail,None,WEST HIGHLAND CREEK TRAIL ( 87)
8729,24297,2472,Bike Trail,None,Bike Trail,None,WEST HIGHLAND CREEK TRAIL ( 89)
8730,24299,2472,Bike Trail,None,Bike Trail,None,WEST HIGHLAND CREEK TRAIL ( 90)
8731,24300,2472,Bike Trail,None,Bike Trail,None,WEST HIGHLAND CREEK TRAIL ( 91)
8732,24301,2472,Bike Trail,None,Bike Trail,None,WEST HIGHLAND CREEK TRAIL ( 92)
8733,24304,2472,Bike Trail,None,Bike Trail,None,WEST HIGHLAND CREEK TRAIL ( 95)
8734,24307,2472,Bike Trail,None,Bike Trail,None,WEST HIGHLAND CREEK TRAIL ( 98)
8735,29004,2472,Outdoor Basketball Court,None,Basketball Court,None,L'AMOREAUX NORTH PARK - Basketball Court (  2)
8736,29023,2472,Multipurpose Field,None,Multipurpose Field - Premier,P,L'AMOREAUX NORTH PARK - Multipurpose Field
8737,29547,2472,Washroom Facility,None,Washroom Building,None,L'AMOREAUX NORTH PARK FIELDHOUSE
8738,29547,2472,Fieldhouse,None,Fieldhouse,None,L'AMOREAUX NORTH PARK FIELDHOUSE
8739,32376,2472,Parking Lot,None,Outdoor Parking Lot,None,L'AMOREAUX NORTH PARK - Outdoor Parking Lot (  1)
8740,32377,2472,Parking Lot,None,Outdoor Parking Lot,None,L'AMOREAUX NORTH PARK - Outdoor Parking Lot (  2)
8741,32378,2472,Parking Lot,None,Outdoor Parking Lot,None,L'AMOREAUX NORTH PARK - Outdoor Parking Lot (  3)
8742,43682,2472,Pond,None,Open Water,None,WEST HIGHLAND CREEK POND - Open Water
8743,57366,2472,Pond,None,Open Water,None,L'AMOREAUX NORTH PARK - Open Water
8744,850013,2472,Parking Lot,None,Outdoor Parking Lot,None,L'AMOREAUX NORTH PARK - Outdoor Parking Lot (  4)
8745,850014,2472,Parking Lot,None,Outdoor Parking Lot,None,L'AMOREAUX NORTH PARK - Outdoor Parking Lot (  5)
8746,850015,2472,Parking Lot,None,Outdoor Parking Lot,None,L'AMOREAUX NORTH PARK - Outdoor Parking Lot (  6)
8747,2128,2476,Drinking Fountain,None,Drinking Fountain Count,None,MELBOURNE AVENUE PARKETTE - Drinking Water Source
8748,101911,2476,Playground,None,Playground Site,None,MELBOURNE AVENUE PARKETTE - Playground
8749,34540,2478,Playground,None,Playground Site,None,MERRILL PARK - Playground
8750,77354,2479,Outdoor Table Tennis,None,Outdoor Table Tennis,None,J.A. LESLIE TOT LOT - Outdoor Table Tennis (  1)
8751,77355,2479,Outdoor Table Tennis,None,Outdoor Table Tennis,None,J.A. LESLIE TOT LOT - Outdoor Table Tennis (  2)
8752,77356,2479,Sports Pad Area,None,Sportspad Area,None,J.A. LESLIE TOT LOT - Sportspad Area
8753,5557,2483,Picnic Shelter,picnic,Shelter,None,WEST BIRKDALE PARK - Shade Structure
8754,34187,2483,Playground,None,Playground Site,None,WEST BIRKDALE PARK - Playground
8755,34482,2485,Playground,None,Playground Site,None,HEATHER HEIGHTS WOODS - Playground
8756,2871,2486,Pickleball Court,None,None,None,MILL VALLEY PARK - Tennis Court Area
8757,2871,2486,Pickleball Court,None,None,None,MILL VALLEY PARK - Tennis Court Area
8758,2872,2486,Outdoor Tennis Court,None,Outdoor Tennis Court,None,MILL VALLEY PARK - Outdoor Tennis Court (  1)
8759,2873,2486,Outdoor Tennis Court,None,Outdoor Tennis Court,None,MILL VALLEY PARK - Outdoor Tennis Court (  2)
8760,34192,2486,Playground,None,Playground Site,None,MILL VALLEY PARK - Playground
8761,23892,2488,Bike Trail,None,Bike Trail,None,SCARBOROUGH RAILPATH TRAIL (  1)
8762,23900,2488,Bike Trail,None,Bike Trail,None,SCARBOROUGH RAILPATH TRAIL (  2)
8763,33960,2493,Playground,None,Playground Site,None,ANETA CIRCLE PARKETTE - Playground
8764,34218,2495,Playground,None,Playground Site,None,NIGHTSTAR PARK - Playground
8765,34531,2498,Playground,None,Playground Site,None,MIMICO WATERFRONT PARK - Playground
8766,57625,2501,Playground,None,Playground Site,None,HUMMINGBIRD PARK - Playground
8767,34076,2502,Playground,None,Playground Site,None,FOUR OAKS GATE PARK - Playground
8768,42222,2503,Playground,None,Playground Site,None,WILLIS BLAIR PARKETTE - Playground
8769,34475,2504,Playground,None,Playground Site,None,HARVEST MOON PARK - Playground
8770,102230,2504,Drinking Fountain,None,Drinking Fountain Count,None,HARVEST MOON PARK - Drinking Water Source
8771,34234,2507,Playground,None,Playground Site,None,OLD SHEPPARD PARK - Playground
8772,79399,2507,Outdoor Fitness Equipment,None,Outdoor Fitness Equipment,None,OLD SHEPPARD PARK - Outdoor Fitness Equipment Area - Outdoor Fitness Equipment (  1)
8773,79400,2507,Outdoor Fitness Equipment,None,Outdoor Fitness Equipment,None,OLD SHEPPARD PARK - Outdoor Fitness Equipment Area - Outdoor Fitness Equipment (  2)
8774,132507,2507,Outdoor Fitness Equipment,None,Outdoor Fitness Equipment,None,OLD SHEPPARD PARK - Outdoor Fitness Equipment Area - Outdoor Fitness Equipment (  3)
8775,132508,2507,Outdoor Fitness Equipment,None,Outdoor Fitness Equipment,None,OLD SHEPPARD PARK - Outdoor Fitness Equipment Area - Outdoor Fitness Equipment (  4)
8776,28522,2510,Community Garden,None,Community Garden,None,WINCHESTER SQUARE PARK COMMUNITY GARDEN
8777,43683,2513,Pond,None,Open Water,None,WILLOWFIELD GARDENS PARK - POND - Open Water
8778,102105,2519,Bottle Filling Station,None,Water Bottle Filling Count,None,ASQUITH GREEN PARK - Drinking Water Source
8779,2707,2520,Drinking Fountain,None,Drinking Fountain Count,None,PARKVIEW PARK - Drinking Water Source
8780,34243,2520,Playground,None,Playground Site,None,PARKVIEW PARK - Playground
8781,57373,2521,Pond,None,Open Water,None,MANOR PARK - Open Water
8782,2705,2523,Drinking Fountain,None,Drinking Fountain Count,None,PEAREN PARK - Drinking Water Source
8783,17892,2523,Ball Diamond,sport,Baseball Diamond Field,None,PEAREN PARK - Ball Diamond Field
8784,29594,2523,Fieldhouse,None,Fieldhouse,None,PEAREN PARK - Fieldhouse
8785,34246,2523,Playground,None,Playground Site,None,PEAREN PARK - Playground
8786,850061,2523,Parking Lot,None,Outdoor Parking Lot,None,PEAREN PARK - Outdoor Parking Lot
8787,34248,2524,Playground,None,Playground Site,None,PELLATT PARKETTE - Playground
8788,47202,2525,Playground,None,Playground Site,None,WISHING WELL WOODS - Playground
8789,3650,2528,Outdoor Basketball Court,None,Basketball Court,None,TELFER PARK - Basketball Court
8790,34275,2528,Playground,None,Playground Site,None,TELFER PARK - Playground
8791,34255,2529,Playground,None,Playground Site,None,PINEWAY PARK - Playground
8792,34297,2531,Playground,None,Playground Site,None,JAMES TRIMBEE PARK - Playground
8793,102256,2531,Drinking Fountain,None,Drinking Fountain Count,None,JAMES TRIMBEE PARK - Drinking Water Source
8794,34257,2532,Playground,None,Playground Site,None,PLEASANTVIEW PARK - Playground
8795,79417,2532,Outdoor Fitness Equipment,None,Outdoor Fitness Equipment,None,PLEASANTVIEW PARK - Outdoor Fitness Equipment Area - Outdoor Fitness Equipment (  1)
8796,79418,2532,Outdoor Fitness Equipment,None,Outdoor Fitness Equipment,None,PLEASANTVIEW PARK - Outdoor Fitness Equipment Area - Outdoor Fitness Equipment (  2)
8797,132505,2532,Outdoor Fitness Equipment,None,Outdoor Fitness Equipment,None,PLEASANTVIEW PARK - Outdoor Fitness Equipment Area - Outdoor Fitness Equipment (  3)
8798,132506,2532,Outdoor Fitness Equipment,None,Outdoor Fitness Equipment,None,PLEASANTVIEW PARK - Outdoor Fitness Equipment Area - Outdoor Fitness Equipment (  4)
8799,967991,2533,Picnic Shelter,picnic,Shelter,None,MILLSTONE PARKETTE - Shade Structure
8800,32486,2534,Parking Lot,None,Outdoor Parking Lot,None,TODMORDEN MILLS PARK - Outdoor Parking Lot (  1)
8801,57404,2534,Pond,None,Open Water,None,TODMORDEN MILLS PARK - Open Water
8802,850054,2534,Parking Lot,None,Outdoor Parking Lot,None,TODMORDEN MILLS PARK - Outdoor Parking Lot (  2)
8803,34123,2535,Playground,None,Playground Site,None,LEYTON TOT LOT - Playground
8804,61582,2539,Dog Fountain,None,Dog Fountain Count,None,PAUL E. GARFINKEL PARK - Drinking Water Source
8805,61582,2539,Drinking Fountain,None,Drinking Fountain Count,None,PAUL E. GARFINKEL PARK - Drinking Water Source
8806,2540,2541,Drinking Fountain,None,Drinking Fountain Count,None,TORONTO ISLANDS - HANLAN'S POINT PARK - Drinking Water Source (  1)
8807,2543,2541,Drinking Fountain,None,Drinking Fountain Count,None,TORONTO ISLANDS - HANLAN'S POINT PARK - Drinking Water Source (  2)
8808,2544,2541,Drinking Fountain,None,Drinking Fountain Count,None,TORONTO ISLANDS - HANLAN'S POINT PARK - Drinking Water Source (  3)
8809,2545,2541,Drinking Fountain,None,Drinking Fountain Count,None,TORONTO ISLANDS - HANLAN'S POINT PARK - Drinking Water Source (  4)
8810,2546,2541,Drinking Fountain,None,Drinking Fountain Count,None,TORONTO ISLANDS - HANLAN'S POINT PARK - Drinking Water Source (  5)
8811,2552,2541,Outdoor Shower,None,Outdoor Shower,None,HANLAN'S POINT PARK - Outdoor Shower
8812,3619,2541,Outdoor Volleyball Court,None,Outdoor Volleyball Court,None,HANLAN'S POINT PARK - Volleyball Court
8813,4937,2541,Firepit,None,Firepit,None,TORONTO ISLANDS - HANLAN'S POINT PARK - Firepit (  1)
8814,4940,2541,Firepit,None,Firepit,None,TORONTO ISLANDS - HANLAN'S POINT PARK - Firepit (  3)
8815,4944,2541,Picnic Site,picnic,Picnic Site,None,HANLAN'S POINT PARK - Picnic Site (103)
8816,4953,2541,Picnic Site,picnic,Picnic Site,None,HANLAN'S POINT PARK - Picnic Site (105)
8817,4955,2541,Picnic Site,picnic,Picnic Site,None,HANLAN'S POINT PARK - Picnic Site (104)
8818,4958,2541,Picnic Site,picnic,Picnic Site,None,HANLAN'S POINT PARK - Picnic Site (102)
8819,4960,2541,Picnic Site,picnic,Picnic Site,None,HANLAN'S POINT PARK - Picnic Site (108)
8820,4961,2541,Picnic Site,picnic,Picnic Site,None,HANLAN'S POINT PARK - Picnic Site (111)
8821,4962,2541,Picnic Site,picnic,Picnic Site,None,HANLAN'S POINT PARK - Picnic Site (109)
8822,4963,2541,Picnic Site,picnic,Picnic Site,None,HANLAN'S POINT PARK - Picnic Site (107)
8823,4964,2541,Picnic Site,picnic,Picnic Site,None,HANLAN'S POINT PARK - Picnic Site (110)
8824,4968,2541,Picnic Site,picnic,Picnic Site,None,HANLAN'S POINT PARK - Picnic Site (106)
8825,14102,2541,Washroom Facility,None,Washroom Building,None,HANLAN'S POINT PARK WASHROOM AND SHELTER - BUILDING 1
8826,17022,2541,Beach,None,Beach,None,GIBRALTAR POINT BEACH
8827,17103,2541,Beach,None,Beach,None,HANLAN'S POINT PARK BEACH
8828,29431,2541,Lighthouse,None,Lighthouse,None,HANLAN'S POINT PARK GIBRALTAR POINT LIGHTHOUSE - BUILDING 13
8829,29440,2541,Washroom Facility,None,Washroom Building,None,HANLAN'S POINT PARK WASHROOM AND SHELTER - BUILDING 3
8830,29441,2541,Washroom Facility,None,Washroom Building,None,HANLAN'S POINT PARK GIBRALTAR POINT WASHROOM - BUILDING 12
8831,29441,2541,Change Room Facility,None,Changeroom Building,None,HANLAN'S POINT PARK GIBRALTAR POINT WASHROOM - BUILDING 12
8832,29442,2541,Washroom Facility,None,Washroom Building,None,HANLAN'S POINT PARK WASHROOM AND SHELTER - BUILDING 8
8833,40750,2541,Bike Trail,None,Bike Trail,None,TORONTO ISLANDS - HANLAN'S POINT PARK TRAIL (  1)
8834,40751,2541,Bike Trail,None,Bike Trail,None,TORONTO ISLANDS - HANLAN'S POINT PARK TRAIL (  2)
8835,40752,2541,Bike Trail,None,Bike Trail,None,TORONTO ISLANDS - HANLAN'S POINT PARK TRAIL (  3)
8836,40753,2541,Bike Trail,None,Bike Trail,None,TORONTO ISLANDS - HANLAN'S POINT PARK TRAIL (  4)
8837,40754,2541,Bike Trail,None,Bike Trail,None,TORONTO ISLANDS - HANLAN'S POINT PARK TRAIL (  5)
8838,40755,2541,Bike Trail,None,Bike Trail,None,TORONTO ISLANDS - HANLAN'S POINT PARK TRAIL (  6)
8839,40756,2541,Bike Trail,None,Bike Trail,None,TORONTO ISLANDS - HANLAN'S POINT PARK TRAIL (  7)
8840,40757,2541,Bike Trail,None,Bike Trail,None,TORONTO ISLANDS - HANLAN'S POINT PARK TRAIL (  8)
8841,40758,2541,Bike Trail,None,Bike Trail,None,TORONTO ISLANDS - HANLAN'S POINT PARK TRAIL (  9)
8842,40759,2541,Bike Trail,None,Bike Trail,None,TORONTO ISLANDS - HANLAN'S POINT PARK TRAIL ( 10)
8843,40760,2541,Bike Trail,None,Bike Trail,None,TORONTO ISLANDS - HANLAN'S POINT PARK TRAIL ( 11)
8844,40766,2541,Bike Trail,None,Bike Trail,None,TORONTO ISLANDS - HANLAN'S POINT PARK TRAIL ( 17)
8845,41902,2541,Pond,None,Open Water,None,HANLAN'S POINT PARK - Trout Pond
8846,70162,2541,Playground,None,Playground Site,None,HANLAN'S POINT PARK - Playground
8847,132733,2541,Firepit,None,Firepit,None,TORONTO ISLANDS - HANLAN'S POINT PARK - Firepit (  4)
8848,967664,2541,Picnic Shelter,picnic,Shelter,None,TORONTO ISLANDS - HANLAN'S POINT PARK - Shade Structure (  3)
8849,2148,2542,Drinking Fountain,None,Drinking Fountain Count,None,HTO PARK WEST - Drinking Water Source
8850,2532,2543,Drinking Fountain,None,Drinking Fountain Count,None,TORONTO ISLANDS - OLYMPIC ISLAND PARK - Drinking Water Source (  1)
8851,4939,2543,Firepit,None,Firepit,None,TORONTO ISLANDS - OLYMPIC ISLAND PARK - Firepit (  1)
8852,4941,2543,Firepit,None,Firepit,None,TORONTO ISLANDS - OLYMPIC ISLAND PARK - Firepit (  2)
8853,4942,2543,Firepit,None,Firepit,None,TORONTO ISLANDS - OLYMPIC ISLAND PARK - Firepit (  3)
8854,4948,2543,Picnic Site,picnic,Picnic Site,None,OLYMPIC ISLAND PARK - Picnic Site ( 17)
8855,4949,2543,Picnic Site,picnic,Picnic Site,None,OLYMPIC ISLAND PARK - Picnic Site ( 18)
8856,4951,2543,Picnic Site,picnic,Picnic Site,None,OLYMPIC ISLAND PARK - Picnic Site ( 22)
8857,4952,2543,Picnic Site,picnic,Picnic Site,None,OLYMPIC ISLAND PARK - Picnic Site ( 21)
8858,4959,2543,Picnic Site,picnic,Picnic Site,None,OLYMPIC ISLAND PARK - Picnic Site ( 23)
8859,18746,2543,Drinking Fountain,None,Drinking Fountain Count,None,TORONTO ISLANDS - OLYMPIC ISLAND PARK - Drinking Water Source (  2)
8860,18747,2543,Drinking Fountain,None,Drinking Fountain Count,None,TORONTO ISLANDS - OLYMPIC ISLAND PARK - Drinking Water Source (  3)
8861,29705,2543,Washroom Facility,None,Washroom Building,None,OLYMPIC ISLAND PARK WASHROOMS - BUILDING 47
8862,34140,2543,Playground,None,Playground Site,None,TORONTO ISLANDS - OLYMPIC ISLAND PARK - Playground W
8863,70202,2543,Playground,None,Playground Site,None,TORONTO ISLANDS - OLYMPIC ISLAND PARK - Playground E
8864,67542,2545,Playground,None,Playground Site,None,REES STREET PARKETTE - Playground
8865,2806,2547,Beach,None,Beach,None,SUGAR BEACH (sand only)
8866,33894,2548,Playground,None,Playground Site,None,ROSEMOUNT GARDENS PARKETTE - Playground
8867,34526,2549,Playground,None,Playground Site,None,JANDA PARK - Playground
8868,34329,2550,Playground,None,Playground Site,None,ELIJAH PARK - Playground
8869,102053,2550,Bottle Filling Station,None,Water Bottle Filling Count,None,ELIJAH PARK - Drinking Water Source
8870,102053,2550,Dog Fountain,None,Dog Fountain Count,None,ELIJAH PARK - Drinking Water Source
8871,102053,2550,Drinking Fountain,None,Drinking Fountain Count,None,ELIJAH PARK - Drinking Water Source
8872,34331,2552,Playground,None,Playground Site,None,RANCHDALE PARK - Playground
8873,2329,2554,Drinking Fountain,None,Drinking Fountain Count,None,ERWIN KRICKHAHN PARK - Drinking Water Source
8874,34053,2554,Playground,None,Playground Site,None,ERWIN KRICKHAHN PARK - Playground
8875,22489,2555,Bike Trail,None,Bike Trail,None,ELMCREST CREEK TRAIL ( 28)
8876,22492,2555,Bike Trail,None,Bike Trail,None,ELMCREST CREEK TRAIL ( 30)
8877,22497,2555,Bike Trail,None,Bike Trail,None,ELMCREST CREEK TRAIL ( 35)
8878,22498,2555,Bike Trail,None,Bike Trail,None,ELMCREST CREEK TRAIL ( 36)
8879,22499,2555,Bike Trail,None,Bike Trail,None,ELMCREST CREEK TRAIL ( 37)
8880,22500,2555,Bike Trail,None,Bike Trail,None,ELMCREST CREEK TRAIL ( 38)
8881,33906,2556,Playground,None,Playground Site,None,RUSTIC PARK - Playground
8882,75028,2556,Outdoor Table Tennis,None,Outdoor Table Tennis,None,RUSTIC PARK - Outdoor Table Tennis
8883,75029,2556,Outdoor Chess Table,None,Outdoor Chess Table,None,RUSTIC PARK - Outdoor Chess Table (  1)
8884,75030,2556,Outdoor Chess Table,None,Outdoor Chess Table,None,RUSTIC PARK - Outdoor Chess Table (  2)
8885,75031,2556,Gazebo,None,Gazebo,None,RUSTIC PARK - Shade Structure
8886,102103,2556,Bottle Filling Station,None,Water Bottle Filling Count,None,RUSTIC PARK - Drinking Water Source
8887,3842,2563,Outdoor Bocce Court,None,Outdoor Bocce Court,None,LUIGI BONI BOCCE COURTS - Outdoor Bocce Court (  1)
8888,3843,2563,Outdoor Bocce Court,None,Outdoor Bocce Court,None,LUIGI BONI BOCCE COURTS - Outdoor Bocce Court (  2)
8889,33837,2563,Playground,None,Playground Site,None,RIDGE PARK - Playground
8890,73722,2563,Sport Field,sport,Soccer Field - C,C,RIDGE PARK - Soccer Field
8891,2663,2565,Drinking Fountain,None,Drinking Fountain Count,None,ROBERT HICKS PARK - Drinking Water Source
8892,33888,2565,Playground,None,Playground Site,None,ROBERT HICKS PARK - Playground
8893,2389,2568,Drinking Fountain,None,Drinking Fountain Count,None,COSBURN PARK - Drinking Water Source (  1)
8894,3387,2568,Outdoor Tennis Court,None,Outdoor Tennis Court,None,COSBURN PARK - Outdoor Tennis Court (  1)
8895,3388,2568,Outdoor Tennis Court,None,Outdoor Tennis Court,None,COSBURN PARK - Outdoor Tennis Court (  2)
8896,3389,2568,Outdoor Tennis Court,None,Outdoor Tennis Court,None,COSBURN PARK - Outdoor Tennis Court (  3)
8897,3390,2568,Outdoor Tennis Court,None,Outdoor Tennis Court,None,COSBURN PARK - Outdoor Tennis Court (  4)
8898,3391,2568,Outdoor Tennis Court,None,Outdoor Tennis Court,None,COSBURN PARK - Outdoor Tennis Court (  5)
8899,28044,2568,Bowling Green,None,Bowling Green,None,COSBURN PARK - Bowling Green (  1)
8900,28045,2568,Bowling Green,None,Bowling Green,None,COSBURN PARK - Bowling Green (  2)
8901,29792,2568,Kitchen,room,Kitchen,None,EAST YORK TENNIS CLUB - Kitchen
8902,32256,2568,Parking Lot,None,Outdoor Parking Lot,None,COSBURN PARK - Outdoor Parking Lot
8903,102218,2568,Drinking Fountain,None,Drinking Fountain Count,None,COSBURN PARK - Drinking Water Source (  2)
8904,34328,2569,Playground,None,Playground Site,None,ERNIE LUSTIG - RAINBOW PARK - Playground
8905,74603,2569,Outdoor Chess Table,None,Outdoor Chess Table,None,ERNIE LUSTIG - RAINBOW PARK - Outdoor Chess Table (  1)
8906,74604,2569,Outdoor Chess Table,None,Outdoor Chess Table,None,ERNIE LUSTIG - RAINBOW PARK - Outdoor Chess Table (  2)
8907,33899,2573,Playground,None,Playground Site,None,ROWATSON PARK - Playground
8908,2653,2574,Drinking Fountain,None,Drinking Fountain Count,None,ROWENA PARK - Drinking Water Source
8909,33900,2574,Playground,None,Playground Site,None,ROWENA PARK - Playground
8910,2651,2576,Drinking Fountain,None,Drinking Fountain Count,None,ROYAL ROUGE TOT LOT - Drinking Water Source
8911,33902,2576,Playground,None,Playground Site,None,ROYAL ROUGE TOT LOT - Playground
8912,33954,2578,Playground,None,Playground Site,None,ALLANHURST PARK - Playground
8913,2646,2579,Drinking Fountain,None,Drinking Fountain Count,None,SADDLETREE PARK - Drinking Water Source
8914,3773,2579,Outdoor Basketball Court,None,Basketball Court,None,SADDLETREE PARK - Basketball Court
8915,33908,2579,Playground,None,Playground Site,None,SADDLETREE PARK - Playground
8916,34101,2582,Playground,None,Playground Site,None,KNIGHTS OF COLUMBUS PARK - Playground
8917,33910,2584,Playground,None,Playground Site,None,SANDOVER PARK - Playground
8918,103208,2584,Drinking Fountain,None,Drinking Fountain Count,None,SANDOVER PARK - Drinking Water Source
8919,102186,2585,Drinking Fountain,None,Drinking Fountain Count,None,PARKVIEW GARDENS - Drinking Water Source
8920,74190,2586,Playground,None,Playground Site,None,KEMPFORD PARKETTE - Playground
8921,34179,2587,Playground,None,Playground Site,None,SHEPTON WAY PARK - Playground
8922,32428,2591,Parking Lot,None,Outdoor Parking Lot,None,CANADIAN UKRAINIAN MEMORIAL PARK - Outdoor Parking Lot
8923,57303,2591,Pond,None,Open Water,None,CANADIAN UKRAINIAN MEMORIAL PARK - Open Water
8924,2930,2593,Ball Hockey Pad,None,Ball Hockey Pad,None,MALVERN PARK - Ball Hockey
8925,2931,2593,Pickleball Court,None,None,None,MALVERN PARK - Tennis Court Area
8926,2932,2593,Outdoor Tennis Court,None,Outdoor Tennis Court,None,MALVERN PARK - Outdoor Tennis Court (  1)
8927,2933,2593,Outdoor Tennis Court,None,Outdoor Tennis Court,None,MALVERN PARK - Outdoor Tennis Court (  2)
8928,2934,2593,Outdoor Tennis Court,None,Outdoor Tennis Court,None,MALVERN PARK - Outdoor Tennis Court (  3)
8929,2935,2593,Washroom Facility,None,Washroom Building,None,MALVERN PARK - Volleyball Court
8930,2935,2593,Outdoor Volleyball Court,None,Outdoor Volleyball Court,None,MALVERN PARK - Volleyball Court
8931,17849,2593,Ball Diamond,sport,Baseball Diamond Field - A,A,MALVERN PARK - Ball Diamond Field
8932,17850,2593,Sport Field,sport,Soccer Field - A,A,MALVERN PARK - Soccer Field
8933,32389,2593,Parking Lot,None,Outdoor Parking Lot,None,MALVERN PARK - Outdoor Parking Lot
8934,43671,2593,Sports Pad Area,None,Sportspad Area,None,MALVERN PARK - Sportspad Area
8935,102219,2593,Drinking Fountain,None,Drinking Fountain Count,None,MALVERN PARK - Drinking Water Source (  1)
8936,102220,2593,Drinking Fountain,None,Drinking Fountain Count,None,MALVERN PARK - Drinking Water Source (  2)
8937,28546,2594,Community Garden,None,Community Garden,None,GARRISON CREEK PARK COMMUNITY GARDEN (  1)
8938,49382,2594,Community Garden,None,Community Garden,None,GARRISON CREEK PARK COMMUNITY GARDEN (  2)
8939,2631,2595,Drinking Fountain,None,Drinking Fountain Count,None,SHAWNEE PARK - Drinking Water Source
8940,2631,2595,Dog Fountain,None,Dog Fountain Count,None,SHAWNEE PARK - Drinking Water Source
8941,3736,2595,Pickleball Court,None,None,None,SHAWNEE PARK - Tennis Court Area
8942,3737,2595,Outdoor Tennis Court,None,Outdoor Tennis Court,None,SHAWNEE PARK - Outdoor Tennis Court (  1)
8943,3738,2595,Outdoor Tennis Court,None,Outdoor Tennis Court,None,SHAWNEE PARK - Outdoor Tennis Court (  2)
8944,3739,2595,Outdoor Tennis Court,None,Outdoor Tennis Court,None,SHAWNEE PARK - Outdoor Tennis Court (  3)
8945,3740,2595,Outdoor Tennis Court,None,Outdoor Tennis Court,None,SHAWNEE PARK - Outdoor Tennis Court (  4)
8946,33926,2595,Playground,None,Playground Site,None,SHAWNEE PARK - Playground
8947,60922,2595,Community Garden,None,Community Garden,None,SHAWNEE PARK - Community Garden
8948,79403,2595,Outdoor Fitness Equipment,None,Outdoor Fitness Equipment,None,SHAWNEE PARK - Outdoor Fitness Equipment Area - Outdoor Fitness Equipment (  1)
8949,79404,2595,Outdoor Fitness Equipment,None,Outdoor Fitness Equipment,None,SHAWNEE PARK - Outdoor Fitness Equipment Area - Outdoor Fitness Equipment (  2)
8950,79405,2595,Outdoor Fitness Equipment,None,Outdoor Fitness Equipment,None,SHAWNEE PARK - Outdoor Fitness Equipment Area - Outdoor Fitness Equipment (  3)
8951,79406,2595,Outdoor Fitness Equipment,None,Outdoor Fitness Equipment,None,SHAWNEE PARK - Outdoor Fitness Equipment Area - Outdoor Fitness Equipment (  4)
8952,79407,2595,Outdoor Fitness Equipment,None,Outdoor Fitness Equipment,None,SHAWNEE PARK - Outdoor Fitness Equipment Area - Outdoor Fitness Equipment (  5)
8953,79408,2595,Outdoor Fitness Equipment,None,Outdoor Fitness Equipment,None,SHAWNEE PARK - Outdoor Fitness Equipment Area - Outdoor Fitness Equipment (  6)
8954,79409,2595,Outdoor Chess Table,None,Outdoor Chess Table,None,SHAWNEE PARK - Outdoor Chess Table (  1)
8955,79410,2595,Outdoor Chess Table,None,Outdoor Chess Table,None,SHAWNEE PARK - Outdoor Chess Table (  2)
8956,72306,2597,Playground,None,Playground Site,None,ETHENNONNHAWAHSTIHNEN PARK - Playground
8957,75906,2597,Skate Trail,None,Skate Trail,None,ETHENNONNHAWAHSTIHNEN PARK - Skate Trail
8958,75926,2597,Multipurpose Field,None,Multipurpose Field,None,ETHENNONNHAWAHSTIHNEN PARK - Multipurpose Field
8959,75927,2597,Splash Pad,None,Splash/Spray Pad,None,ETHENNONNHAWAHSTIHNEN PARK - Splash/Spray Pad
8960,75928,2597,Firepit,None,Firepit,None,ETHENNONNHAWAHSTIHNEN PARK - Firepit
8961,103143,2597,Washroom Facility,None,Washroom Building,None,ETHENNONNHAWAHSTIHNEN PARK A.I.R. BUILDING
8962,103206,2597,Bottle Filling Station,None,Water Bottle Filling Count,None,ETHENNONNHAWAHSTIHNEN PARK - Drinking Water Source
8963,102087,2598,Bottle Filling Station,None,Water Bottle Filling Count,None,KENASTON PARK - Drinking Water Source
8964,33799,2599,Playground,None,Playground Site,None,MALVERN WOODS - Playground
8965,33788,2605,Playground,None,Playground Site,None,LUCY TOT LOT - Playground
8966,17933,2606,Ball Diamond,sport,Baseball Diamond Field - C,C,SNOWHILL PARK - Ball Diamond Field
8967,33848,2606,Playground,None,Playground Site,None,SNOWHILL PARK - Playground
8968,2611,2607,Drinking Fountain,None,Drinking Fountain Count,None,SOUTHWELL PARK - Drinking Water Source
8969,33850,2607,Playground,None,Playground Site,None,SOUTHWELL PARK - Playground
8970,75005,2619,Outdoor Fitness Equipment,None,Outdoor Fitness Equipment,None,STADIUM ROAD PARK - Outdoor Fitness Equipment Area - Outdoor Fitness Equipment (  1)
8971,75006,2619,Outdoor Fitness Equipment,None,Outdoor Fitness Equipment,None,STADIUM ROAD PARK - Outdoor Fitness Equipment Area - Outdoor Fitness Equipment (  2)
8972,75007,2619,Outdoor Fitness Equipment,None,Outdoor Fitness Equipment,None,STADIUM ROAD PARK - Outdoor Fitness Equipment Area - Outdoor Fitness Equipment (  3)
8973,75008,2619,Outdoor Fitness Equipment,None,Outdoor Fitness Equipment,None,STADIUM ROAD PARK - Outdoor Fitness Equipment Area - Outdoor Fitness Equipment (  4)
8974,75009,2619,Outdoor Fitness Equipment,None,Outdoor Fitness Equipment,None,STADIUM ROAD PARK - Outdoor Fitness Equipment Area - Outdoor Fitness Equipment (  5)
8975,75010,2619,Outdoor Fitness Equipment,None,Outdoor Fitness Equipment,None,STADIUM ROAD PARK - Outdoor Fitness Equipment Area - Outdoor Fitness Equipment (  6)
8976,80645,2619,Drinking Fountain,None,Drinking Fountain Count,None,STADIUM ROAD PARK - Drinking Water Source (  1)
8977,80645,2619,Dog Fountain,None,Dog Fountain Count,None,STADIUM ROAD PARK - Drinking Water Source (  1)
8978,80646,2619,Outdoor Chess Table,None,Outdoor Chess Table,None,STADIUM ROAD PARK - Outdoor Chess Table (  1)
8979,80647,2619,Outdoor Chess Table,None,Outdoor Chess Table,None,STADIUM ROAD PARK - Outdoor Chess Table (  2)
8980,102006,2619,Dog Fountain,None,Dog Fountain Count,None,STADIUM ROAD PARK - Drinking Water Source (  2)
8981,102006,2619,Bottle Filling Station,None,Water Bottle Filling Count,None,STADIUM ROAD PARK - Drinking Water Source (  2)
8982,102006,2619,Drinking Fountain,None,Drinking Fountain Count,None,STADIUM ROAD PARK - Drinking Water Source (  2)
8983,102123,2619,Bottle Filling Station,None,Water Bottle Filling Count,None,STADIUM ROAD PARK - Drinking Water Source (  3)
8984,102123,2619,Drinking Fountain,None,Drinking Fountain Count,None,STADIUM ROAD PARK - Drinking Water Source (  3)
8985,57397,2620,Pond,None,Open Water,None,STAINES PARKETTE - Open Water
8986,34483,2625,Playground,None,Playground Site,None,HEATHERCREST PARK - Playground
8987,46225,2625,Outdoor Fitness Equipment,None,Outdoor Fitness Equipment,None,HEATHERCREST PARK - Outdoor Fitness Equipment (  1)
8988,46226,2625,Outdoor Fitness Equipment,None,Outdoor Fitness Equipment,None,HEATHERCREST PARK - Outdoor Fitness Equipment (  2)
8989,22854,2628,Bike Trail,None,Bike Trail,None,HUMBER CREEK TRAIL (  1)
8990,22855,2628,Bike Trail,None,Bike Trail,None,HUMBER CREEK TRAIL ( 10)
8991,22856,2628,Bike Trail,None,Bike Trail,None,HUMBER CREEK TRAIL ( 11)
8992,22857,2628,Bike Trail,None,Bike Trail,None,HUMBER CREEK TRAIL ( 12)
8993,22858,2628,Bike Trail,None,Bike Trail,None,HUMBER CREEK TRAIL ( 13)
8994,22862,2628,Bike Trail,None,Bike Trail,None,HUMBER CREEK TRAIL (  2)
8995,22863,2628,Bike Trail,None,Bike Trail,None,HUMBER CREEK TRAIL (  3)
8996,22864,2628,Bike Trail,None,Bike Trail,None,HUMBER CREEK TRAIL (  4)
8997,22865,2628,Bike Trail,None,Bike Trail,None,HUMBER CREEK TRAIL (  5)
8998,22866,2628,Bike Trail,None,Bike Trail,None,HUMBER CREEK TRAIL (  6)
8999,22867,2628,Bike Trail,None,Bike Trail,None,HUMBER CREEK TRAIL (  7)
9000,22868,2628,Bike Trail,None,Bike Trail,None,HUMBER CREEK TRAIL (  8)
9001,22869,2628,Bike Trail,None,Bike Trail,None,HUMBER CREEK TRAIL (  9)
9002,33948,2628,Playground,None,Playground Site,None,ALEX MARCHETTI PARK - Playground E
9003,42649,2628,Playground,None,Playground Site,None,ALEX MARCHETTI PARK - Playground W
9004,33875,2634,Playground,None,Playground Site,None,TALARA PARK - Playground
9005,23924,2636,Bike Trail,None,Bike Trail,None,TALWOOD PARK TRAIL (  2)
9006,34542,2636,Playground,None,Playground Site,None,TALWOOD PARK - Playground
9007,21970,2639,Bike Trail,None,Bike Trail,None,BLACK CREEK TRAIL ( 42)
9008,21971,2639,Bike Trail,None,Bike Trail,None,BLACK CREEK TRAIL ( 43)
9009,21972,2639,Bike Trail,None,Bike Trail,None,BLACK CREEK TRAIL ( 44)
9010,21973,2639,Bike Trail,None,Bike Trail,None,BLACK CREEK TRAIL ( 45)
9011,21974,2639,Bike Trail,None,Bike Trail,None,BLACK CREEK TRAIL ( 46)
9012,21975,2639,Bike Trail,None,Bike Trail,None,BLACK CREEK TRAIL ( 47)
9013,21976,2639,Bike Trail,None,Bike Trail,None,BLACK CREEK TRAIL ( 48)
9014,34437,2639,Playground,None,Playground Site,None,GIOVANNI CABOTO PARK - Playground
9015,22647,2640,Bike Trail,None,Bike Trail,None,GAFFNEY PARK TRAIL (  1)
9016,22652,2640,Bike Trail,None,Bike Trail,None,GAFFNEY PARK TRAIL (  4)
9017,22653,2640,Bike Trail,None,Bike Trail,None,GAFFNEY PARK TRAIL (  5)
9018,22654,2640,Bike Trail,None,Bike Trail,None,GAFFNEY PARK TRAIL (  6)
9019,22655,2640,Bike Trail,None,Bike Trail,None,GAFFNEY PARK TRAIL (  7)
9020,22656,2640,Bike Trail,None,Bike Trail,None,GAFFNEY PARK TRAIL (  8)
9021,22657,2640,Bike Trail,None,Bike Trail,None,GAFFNEY PARK TRAIL (  9)
9022,34084,2640,Playground,None,Playground Site,None,GAFFNEY PARK - Playground W
9023,42657,2640,Playground,None,Playground Site,None,GAFFNEY PARK - Playground E
9024,74463,2640,Outdoor Fitness Equipment,None,Outdoor Fitness Equipment,None,GAFFNEY PARK - Outdoor Fitness Equipment Area - Outdoor Fitness Equipment (  1)
9025,74464,2640,Outdoor Fitness Equipment,None,Outdoor Fitness Equipment,None,GAFFNEY PARK - Outdoor Fitness Equipment Area - Outdoor Fitness Equipment (  2)
9026,74465,2640,Outdoor Fitness Equipment,None,Outdoor Fitness Equipment,None,GAFFNEY PARK - Outdoor Fitness Equipment Area - Outdoor Fitness Equipment (  3)
9027,74466,2640,Outdoor Fitness Equipment,None,Outdoor Fitness Equipment,None,GAFFNEY PARK - Outdoor Fitness Equipment Area - Outdoor Fitness Equipment (  4)
9028,74482,2640,Outdoor Chess Table,None,Outdoor Chess Table,None,GAFFNEY PARK - Outdoor Chess Table
9029,34376,2641,Playground,None,Playground Site,None,CAPRI PARK - Playground
9030,5399,2642,Outdoor Pool,pool,Outdoor Pool Tank,None,WEST MALL - Outdoor Pool Tank
9031,6324,2642,Washroom Facility,None,Washroom Building,None,WEST MALL OUTDOOR POOL BUILDING
9032,32258,2642,Parking Lot,None,Outdoor Parking Lot,None,DENNIS FLYNN PARK - Outdoor Parking Lot (  1)
9033,33997,2642,Playground,None,Playground Site,None,DENNIS FLYNN PARK - Playground
9034,138669,2642,Outdoor Basketball Court,None,Basketball Court,None,DENNIS FLYNN PARK - Basketball Court
9035,849982,2642,Parking Lot,None,Outdoor Parking Lot,None,DENNIS FLYNN PARK - Outdoor Parking Lot (  2)
9036,34200,2652,Playground,None,Playground Site,None,MOOREGATE PARK - Playground
9037,132659,2653,Sport Field,sport,Soccer Field - C,C,TRIPLE CROWN PARKETTE - Soccer Field
9038,34300,2655,Playground,None,Playground Site,None,TURPIN AVENUE PARK - Playground
9039,13283,2656,Drinking Fountain,None,Drinking Fountain Count,None,LORD SEATON PARK - Drinking Water Source
9040,33785,2656,Playground,None,Playground Site,None,LORD SEATON PARK - Playground
9041,67158,2656,Outdoor Fitness Equipment,None,Outdoor Fitness Equipment,None,LORD SEATON PARK - Outdoor Fitness Equipment (  1)
9042,67159,2656,Outdoor Fitness Equipment,None,Outdoor Fitness Equipment,None,LORD SEATON PARK - Outdoor Fitness Equipment (  2)
9043,67160,2656,Outdoor Fitness Equipment,None,Outdoor Fitness Equipment,None,LORD SEATON PARK - Outdoor Fitness Equipment (  3)
9044,23901,2657,Bike Trail,None,Bike Trail,None,SCARBOROUGH RAILPATH TRAIL (  3)
9045,23902,2657,Bike Trail,None,Bike Trail,None,SCARBOROUGH RAILPATH TRAIL (  4)
9046,22891,2660,Bike Trail,None,Bike Trail,None,HUMBER RIVER RECREATIONAL TRAIL (118)
9047,22892,2660,Bike Trail,None,Bike Trail,None,HUMBER RIVER RECREATIONAL TRAIL (119)
9048,34305,2660,Playground,None,Playground Site,None,VEROBEACH PARKETTE - Playground
9049,33802,2663,Playground,None,Playground Site,None,MAPLE CLAIRE PARK - Playground
9050,58802,2663,Splash Pad,None,Splash/Spray Pad,None,MAPLE CLAIRE PARK - Splash/Spray Pad
9051,66962,2663,Gazebo,None,Gazebo,None,MAPLE CLAIRE PARK - Shade Structure (  2)
9052,102094,2663,Drinking Fountain,None,Drinking Fountain Count,None,MAPLE CLAIRE PARK - Drinking Water Source
9053,102094,2663,Bottle Filling Station,None,Water Bottle Filling Count,None,MAPLE CLAIRE PARK - Drinking Water Source
9054,34316,2669,Playground,None,Playground Site,None,WARNER PARK - Playground
9055,984709,2670,Playground,None,Playground Site,None,WARRENDER PARK - Playground
9056,34318,2672,Playground,None,Playground Site,None,WAYNE PARKETTE - Playground
9057,3176,2673,Pickleball Court,None,None,None,WEDGEWOOD PARK - NORTH YORK - Tennis Court Area
9058,3177,2673,Outdoor Tennis Court,None,Outdoor Tennis Court,None,WEDGEWOOD PARK - NORTH YORK - Outdoor Tennis Court (  1)
9059,3178,2673,Outdoor Tennis Court,None,Outdoor Tennis Court,None,WEDGEWOOD PARK - NORTH YORK - Outdoor Tennis Court (  2)
9060,17563,2673,Outdoor Basketball Court,None,Basketball Court,None,WEDGEWOOD PARK - NORTH YORK - Basketball Court
9061,34320,2673,Playground,None,Playground Site,None,WEDGEWOOD PARK - NORTH YORK - Playground N
9062,42730,2673,Playground,None,Playground Site,None,WEDGEWOOD PARK - NORTH YORK - Playground S
9063,23711,2674,Bike Trail,None,Bike Trail,None,QUEEN'S PARK TRAIL (  1)
9064,23718,2674,Bike Trail,None,Bike Trail,None,QUEEN'S PARK TRAIL ( 16)
9065,23726,2674,Bike Trail,None,Bike Trail,None,QUEEN'S PARK TRAIL ( 23)
9066,102080,2674,Bottle Filling Station,None,Water Bottle Filling Count,None,QUEEN'S PARK - Drinking Water Source
9067,34358,2675,Playground,None,Playground Site,None,BRIARCREST PARK - Playground
9068,34134,2676,Playground,None,Playground Site,None,WESTON VILLAGE PARK - Playground
9069,34145,2681,Playground,None,Playground Site,None,WILLESDEN PARK - Playground
9070,49222,2682,Playground,None,Playground Site,None,BOB ACTON PARK - Playground S
9071,967782,2682,Gazebo,None,Gazebo,None,BOB ACTON PARK - Shade Structure
9072,988712,2682,Playground,None,Playground Site,None,BOB ACTON PARK- Playground N
9073,22347,2683,Bike Trail,None,Bike Trail,None,EAST DON RIVER TRAIL ( 60)
9074,23641,2683,Bike Trail,None,Bike Trail,None,NEWTONBROOK PARK TRAIL (  1)
9075,23642,2683,Bike Trail,None,Bike Trail,None,NEWTONBROOK PARK TRAIL (  2)
9076,34463,2684,Playground,None,Playground Site,None,GREENFIELD PARK - Playground
9077,76995,2684,Outdoor Fitness Equipment,None,Outdoor Fitness Equipment,None,GREENFIELD PARK - Outdoor Fitness Equipment Area - Outdoor Fitness Equipment (  1)
9078,76996,2684,Outdoor Fitness Equipment,None,Outdoor Fitness Equipment,None,GREENFIELD PARK - Outdoor Fitness Equipment Area - Outdoor Fitness Equipment (  2)
9079,76997,2684,Outdoor Fitness Equipment,None,Outdoor Fitness Equipment,None,GREENFIELD PARK - Outdoor Fitness Equipment Area - Outdoor Fitness Equipment (  3)
9080,76998,2684,Outdoor Fitness Equipment,None,Outdoor Fitness Equipment,None,GREENFIELD PARK - Outdoor Fitness Equipment Area - Outdoor Fitness Equipment (  4)
9081,34148,2686,Playground,None,Playground Site,None,MICHAEL FELDMAN PARKETTE - Playground
9082,22766,2689,Bike Trail,None,Bike Trail,None,HARRISON PARK TRAIL (  1)
9083,22767,2689,Bike Trail,None,Bike Trail,None,HARRISON PARK TRAIL (  2)
9084,33938,2690,Playground,None,Playground Site,None,CY TOWNSEND PARK - Playground
9085,102193,2690,Drinking Fountain,None,Drinking Fountain Count,None,CY TOWNSEND PARK - Drinking Water Source
9086,57419,2691,Pond,None,Open Water,None,WOODCLIFF GREENBELT - Open Water
9087,17897,2697,Ball Diamond,sport,Baseball Diamond Field - C,C,POPLAR PARK - Ball Diamond Field
9088,34260,2697,Playground,None,Playground Site,None,POPLAR PARK - Playground
9089,2448,2698,Drinking Fountain,None,Drinking Fountain Count,None,BUDD SUGARMAN PARK - Drinking Water Source
9090,102174,2704,Drinking Fountain,None,Drinking Fountain Count,None,YORKMINSTER PARK BAPTIST CHURCH PARK - Drinking Water Source
9091,34523,2706,Playground,None,Playground Site,None,J.T. WATSON PARKETTE - Playground
9092,2442,2708,Drinking Fountain,None,Drinking Fountain Count,None,CANOE LANDING - Drinking Water Source
9093,18020,2708,Multipurpose Field,None,Multipurpose Field - Premier,P,CANOE LANDING - Multipurpose Field (  1)
9094,18021,2708,Multipurpose Field,None,Multipurpose Field - C,C,CANOE LANDING - Multipurpose Field (  2)
9095,22112,2708,Bike Trail,None,Bike Trail,None,CANOE LANDING PARK TRAIL ( 10)
9096,22116,2708,Bike Trail,None,Bike Trail,None,CANOE LANDING PARK TRAIL ( 14)
9097,22118,2708,Bike Trail,None,Bike Trail,None,CANOE LANDING PARK TRAIL ( 16)
9098,22119,2708,Bike Trail,None,Bike Trail,None,CANOE LANDING PARK TRAIL ( 17)
9099,22122,2708,Bike Trail,None,Bike Trail,None,CANOE LANDING PARK TRAIL (  2)
9100,72822,2708,Dogs Off-Leash Area,None,Off Leash Area,None,CANOE LANDING - Off Leash Area - Temporary/Seasonal
9101,93943,2708,Splash Pad,None,Splash/Spray Pad,None,CANOE LANDING - Splash/Spray Pad
9102,34112,2709,Playground,None,Playground Site,None,LANGHOLM PARK - Playground
9103,2744,2710,Drinking Fountain,None,Drinking Fountain Count,None,UNDERPASS PARK - Drinking Water Source (  1)
9104,4010,2710,Outdoor Basketball Court,None,Basketball Court,None,UNDERPASS PARK - Basketball Court
9105,5397,2710,Skateboard Area,None,Skateboard Area,None,UNDERPASS PARK - Skateboard Area
9106,34126,2710,Playground,None,Playground Site,None,UNDERPASS PARK - Playground
9107,49620,2710,Picnic Site,picnic,Picnic Site,None,UNDERPASS PARK - Picnic Site
9108,78241,2710,Dog Fountain,None,Dog Fountain Count,None,UNDERPASS PARK - Drinking Water Source (  2)
9109,78241,2710,Drinking Fountain,None,Drinking Fountain Count,None,UNDERPASS PARK - Drinking Water Source (  2)
9110,43224,2711,Playground,None,Playground Site,None,AVONSHIRE PARK - Playground
9111,45122,2711,Splash Pad,None,Splash/Spray Pad,None,AVONSHIRE PARK - Splash/Spray Pad
9112,102183,2711,Dog Fountain,None,Dog Fountain Count,None,AVONSHIRE PARK - Drinking Water Source
9113,102183,2711,Drinking Fountain,None,Drinking Fountain Count,None,AVONSHIRE PARK - Drinking Water Source
9114,34484,2712,Playground,None,Playground Site,None,COXWELL AVENUE PLAYGROUND - Playground
9115,42589,2712,Outdoor Chess Table,None,Outdoor Chess Table,None,COXWELL AVENUE PLAYGROUND - Outdoor Chess Table (  2)
9116,42590,2712,Outdoor Chess Table,None,Outdoor Chess Table,None,COXWELL AVENUE PLAYGROUND - Outdoor Chess Table (  1)
9117,102227,2712,Drinking Fountain,None,Drinking Fountain Count,None,COXWELL AVENUE PLAYGROUND - Drinking Water Source
9118,22296,2713,Bike Trail,None,Bike Trail,None,EAST DON RIVER TRAIL ( 14)
9119,42659,2713,Playground,None,Playground Site,None,DALLINGTON PARK - Playground
9120,44703,2713,Community Garden,None,Community Garden,None,DALLINGTON PARK - Community Garden
9121,103207,2713,Bottle Filling Station,None,Water Bottle Filling Count,None,DALLINGTON PARK - Drinking Water Source
9122,967603,2713,Gazebo,None,Gazebo,None,DALLINGTON PARK - Shade Structure
9123,5016,2714,Splash Pad,None,Splash/Spray Pad,None,TALL PINES PARK - Splash/Spray Pad
9124,6062,2714,Gazebo,None,Gazebo,None,TALL PINES PARK - Shade Structure
9125,32478,2714,Parking Lot,None,Outdoor Parking Lot,None,TALL PINES PARK - Outdoor Parking Lot
9126,33877,2714,Playground,None,Playground Site,None,TALL PINES PARK - Playground E
9127,42645,2714,Playground,None,Playground Site,None,TALL PINES PARK - Playground W
9128,49824,2714,Outdoor Table Tennis,None,Outdoor Table Tennis,None,TALL PINES PARK - Outdoor Table Tennis
9129,77336,2714,Sports Pad Area,None,Sportspad Area,None,TALL PINES PARK - Sportspad Area
9130,77337,2714,Outdoor Basketball Court,None,Basketball Court,None,TALL PINES PARK - Basketball Court (  1)
9131,77338,2714,Outdoor Basketball Court,None,Basketball Court,None,TALL PINES PARK - Basketball Court (  2)
9132,34642,2715,Change Room Facility,None,Changeroom Building,None,JOSEPH BANNON PARK A.I.R. BUILDING AND GARAGE
9133,36162,2715,Splash Pad,None,Splash/Spray Pad,None,JOSEPH BANNON PARK - Splash/Spray Pad
9134,37123,2715,Playground,None,Playground Site,None,JOSEPH BANNON PARK - Playground
9135,37125,2715,Sport Field,sport,Soccer Field - C,C,JOSEPH BANNON PARK - Soccer Field
9136,43572,2715,Outdoor Rink,ice,Outdoor Ice Pad,None,JOSEPH BANNON PARK - Outdoor Ice Pad
9137,33965,2717,Playground,None,Playground Site,None,SOUSA MENDES PLAYGROUND
9138,101961,2722,Outdoor Fitness Equipment,None,Outdoor Fitness Equipment,None,DONALDA PARK - Outdoor Fitness Equipment Area - Outdoor Fitness Equipment (  1)
9139,101962,2722,Outdoor Fitness Equipment,None,Outdoor Fitness Equipment,None,DONALDA PARK - Outdoor Fitness Equipment Area - Outdoor Fitness Equipment (  2)
9140,101963,2722,Outdoor Fitness Equipment,None,Outdoor Fitness Equipment,None,DONALDA PARK - Outdoor Fitness Equipment Area - Outdoor Fitness Equipment (  3)
9141,101964,2722,Outdoor Fitness Equipment,None,Outdoor Fitness Equipment,None,DONALDA PARK - Outdoor Fitness Equipment Area - Outdoor Fitness Equipment (  4)
9142,79139,2723,Drinking Fountain,None,Drinking Fountain Count,None,SPADINA PARK - Drinking Water Source
9143,79139,2723,Bottle Filling Station,None,Water Bottle Filling Count,None,SPADINA PARK - Drinking Water Source
9144,2533,2725,Drinking Fountain,None,Drinking Fountain Count,None,TORONTO ISLANDS - CENTRE ISLAND PARK - Drinking Water Source (  1)
9145,2534,2725,Drinking Fountain,None,Drinking Fountain Count,None,TORONTO ISLANDS - CENTRE ISLAND PARK - Drinking Water Source (  2)
9146,2538,2725,Drinking Fountain,None,Drinking Fountain Count,None,TORONTO ISLANDS - CENTRE ISLAND PARK - Drinking Water Source (  3)
9147,2551,2725,Outdoor Shower,None,Outdoor Shower,None,CENTRE ISLAND PARK - Outdoor Shower
9148,4943,2725,Firepit,None,Firepit,None,TORONTO ISLANDS - CENTRE ISLAND PARK - Firepit
9149,4954,2725,Picnic Site,picnic,Picnic Site,None,CENTRE ISLAND PARK - Picnic Site ( 28)
9150,4965,2725,Picnic Site,picnic,Picnic Site,None,CENTRE ISLAND PARK - Picnic Site ( 26)
9151,4966,2725,Picnic Site,picnic,Picnic Site,None,CENTRE ISLAND PARK - Picnic Site ( 30)
9152,4967,2725,Picnic Site,picnic,Picnic Site,None,CENTRE ISLAND PARK - Picnic Site ( 31)
9153,4971,2725,Picnic Site,picnic,Picnic Site,None,CENTRE ISLAND PARK - Picnic Site ( 27)
9154,4979,2725,Splash Pad,None,Splash/Spray Pad,None,TORONTO ISLANDS - CENTRE ISLAND PARK - Splash/Spray Pad
9155,17023,2725,Beach,None,Beach,None,CENTRE ISLAND PARK MANITOU BEACH
9156,18782,2725,Drinking Fountain,None,Drinking Fountain Count,None,TORONTO ISLANDS - CENTRE ISLAND PARK - Drinking Water Source (  4)
9157,18783,2725,Drinking Fountain,None,Drinking Fountain Count,None,TORONTO ISLANDS - CENTRE ISLAND PARK - Drinking Water Source (  5)
9158,18784,2725,Drinking Fountain,None,Drinking Fountain Count,None,TORONTO ISLANDS - CENTRE ISLAND PARK - Drinking Water Source (  6)
9159,18786,2725,Drinking Fountain,None,Drinking Fountain Count,None,TORONTO ISLANDS - CENTRE ISLAND PARK - Drinking Water Source (  7)
9160,18787,2725,Drinking Fountain,None,Drinking Fountain Count,None,TORONTO ISLANDS - CENTRE ISLAND PARK - Drinking Water Source (  8)
9161,18788,2725,Drinking Fountain,None,Drinking Fountain Count,None,TORONTO ISLANDS - CENTRE ISLAND PARK - Drinking Water Source (  9)
9162,18789,2725,Drinking Fountain,None,Drinking Fountain Count,None,TORONTO ISLANDS - CENTRE ISLAND PARK - Drinking Water Source ( 10)
9163,29695,2725,Washroom Facility,None,Washroom Building,None,CENTRE ISLAND PARK PUBLIC WASHROOMS - BUILDING 15
9164,29698,2725,Change Room Facility,None,Changeroom Building,None,CENTRE ISLAND PARK WASHROOM AND BATHING STATION - BUILDING 18
9165,29698,2725,Washroom Facility,None,Washroom Building,None,CENTRE ISLAND PARK WASHROOM AND BATHING STATION - BUILDING 18
9166,34290,2725,Playground,None,Playground Site,None,TORONTO ISLANDS - CENTRE ISLAND PARK - Playground NW
9167,36744,2725,Disc Golf Course,None,Disc Golf,None,TORONTO ISLANDS - Disc Golf
9168,40606,2725,Bike Trail,None,Bike Trail,None,TORONTO ISLANDS - CENTRE ISLAND PARK TRAIL (  3)
9169,40607,2725,Bike Trail,None,Bike Trail,None,TORONTO ISLANDS - CENTRE ISLAND PARK TRAIL (  4)
9170,40609,2725,Bike Trail,None,Bike Trail,None,TORONTO ISLANDS - CENTRE ISLAND PARK TRAIL (  6)
9171,40610,2725,Bike Trail,None,Bike Trail,None,TORONTO ISLANDS - CENTRE ISLAND PARK TRAIL (  7)
9172,40611,2725,Bike Trail,None,Bike Trail,None,TORONTO ISLANDS - CENTRE ISLAND PARK TRAIL (  8)
9173,40613,2725,Bike Trail,None,Bike Trail,None,TORONTO ISLANDS - CENTRE ISLAND PARK TRAIL ( 10)
9174,40614,2725,Bike Trail,None,Bike Trail,None,TORONTO ISLANDS - CENTRE ISLAND PARK TRAIL ( 11)
9175,40615,2725,Bike Trail,None,Bike Trail,None,TORONTO ISLANDS - CENTRE ISLAND PARK TRAIL ( 12)
9176,40616,2725,Bike Trail,None,Bike Trail,None,TORONTO ISLANDS - CENTRE ISLAND PARK TRAIL ( 13)
9177,40617,2725,Bike Trail,None,Bike Trail,None,TORONTO ISLANDS - CENTRE ISLAND PARK TRAIL ( 14)
9178,40621,2725,Bike Trail,None,Bike Trail,None,TORONTO ISLANDS - CENTRE ISLAND PARK TRAIL ( 18)
9179,40622,2725,Bike Trail,None,Bike Trail,None,TORONTO ISLANDS - CENTRE ISLAND PARK TRAIL ( 19)
9180,40626,2725,Bike Trail,None,Bike Trail,None,TORONTO ISLANDS - CENTRE ISLAND PARK TRAIL ( 23)
9181,40628,2725,Bike Trail,None,Bike Trail,None,TORONTO ISLANDS - CENTRE ISLAND PARK TRAIL ( 25)
9182,40629,2725,Bike Trail,None,Bike Trail,None,TORONTO ISLANDS - CENTRE ISLAND PARK TRAIL ( 26)
9183,40631,2725,Bike Trail,None,Bike Trail,None,TORONTO ISLANDS - CENTRE ISLAND PARK TRAIL ( 28)
9184,40632,2725,Bike Trail,None,Bike Trail,None,TORONTO ISLANDS - CENTRE ISLAND PARK TRAIL ( 29)
9185,40633,2725,Bike Trail,None,Bike Trail,None,TORONTO ISLANDS - CENTRE ISLAND PARK TRAIL ( 30)
9186,40634,2725,Bike Trail,None,Bike Trail,None,TORONTO ISLANDS - CENTRE ISLAND PARK TRAIL ( 31)
9187,40637,2725,Bike Trail,None,Bike Trail,None,TORONTO ISLANDS - CENTRE ISLAND PARK TRAIL ( 34)
9188,41543,2725,Pond,None,Open Water,None,TORONTO ISLANDS - ISLAND PARK - Pond
9189,57408,2725,Pond,None,Open Water,None,TORONTO ISLANDS - CENTRE ISLAND PARK - Open Water (  1)
9190,57409,2725,Pond,None,Open Water,None,TORONTO ISLANDS - CENTRE ISLAND PARK - Open Water (  2)
9191,70182,2725,Playground,None,Playground Site,None,TORONTO ISLANDS - CENTRE ISLAND PARK - Playground SW
9192,70184,2725,Playground,None,Playground Site,None,TORONTO ISLANDS - CENTRE ISLAND PARK - Playground NE
9193,102135,2725,Drinking Fountain,None,Drinking Fountain Count,None,TORONTO ISLANDS - CENTRE ISLAND PARK - Drinking Water Source ( 11)
9194,102135,2725,Bottle Filling Station,None,Water Bottle Filling Count,None,TORONTO ISLANDS - CENTRE ISLAND PARK - Drinking Water Source ( 11)
9195,102137,2725,Bottle Filling Station,None,Water Bottle Filling Count,None,TORONTO ISLANDS - CENTRE ISLAND PARK - Drinking Water Source ( 12)
9196,102137,2725,Drinking Fountain,None,Drinking Fountain Count,None,TORONTO ISLANDS - CENTRE ISLAND PARK - Drinking Water Source ( 12)
9197,102268,2725,Drinking Fountain,None,Drinking Fountain Count,None,TORONTO ISLANDS - CENTRE ISLAND PARK - Drinking Water Source ( 13)
9198,967666,2725,Picnic Shelter,picnic,Shelter,None,TORONTO ISLANDS - CENTRE ISLAND PARK - Shade Structure (  1)
9199,990974,2725,Picnic Site,picnic,Picnic Site,None,CENTRE ISLAND PARK - Picnic Site with Shelter - Lagoon
9200,32204,2726,Parking Lot,None,Outdoor Parking Lot,None,LAMPORT STADIUM PARK - Outdoor Parking Lot
9201,33952,2726,Playground,None,Playground Site,None,LAMPORT STADIUM PARK - Playground
9202,59962,2726,Outdoor Table Tennis,None,Outdoor Table Tennis,None,LAMPORT STADIUM PARK - Outdoor Table Tennis (  1)
9203,132753,2726,Outdoor Table Tennis,None,Outdoor Table Tennis,None,LAMPORT STADIUM PARK - Outdoor Table Tennis (  2)
9204,12665,2729,Gazebo,None,Gazebo,None,DAVENPORT VILLAGE PARK - Shade Structure
9205,43227,2729,Playground,None,Playground Site,None,DAVENPORT VILLAGE PARK - Playground
9206,96923,2729,Splash Pad,None,Splash/Spray Pad,None,DAVENPORT VILLAGE PARK - Splash/Spray Pad
9207,2749,2731,Community Garden,None,Community Garden,None,HURON ST. GARDEN
9208,2745,2732,Drinking Fountain,None,Drinking Fountain Count,None,ALEXANDER THE GREAT PARKETTE - Drinking Water Source
9209,4009,2734,Outdoor Basketball Court,None,Basketball Court,None,THISTLETOWN MULTI-SERVICE CENTRE - Basketball Court
9210,17995,2734,Sport Field,sport,Soccer Field - C,C,VILLAGE GREEN PARK - Soccer Field
9211,33834,2734,Playground,None,Playground Site,None,VILLAGE GREEN PARK - Playground S
9212,74222,2734,Playground,None,Playground Site,None,VILLAGE GREEN PARK - Playground N
9213,967889,2734,Gazebo,None,Gazebo,None,VILLAGE GREEN PARK - Shade Structure
9214,34630,2735,Allotment Garden,None,Allotment Garden,None,MARIE BALDWIN ALLOTMENT GARDEN
9215,2205,2737,Drinking Fountain,None,Drinking Fountain Count,None,KENNEDY PARKETTE - Drinking Water Source
9216,22344,2738,Bike Trail,None,Bike Trail,None,EAST DON RIVER TRAIL ( 58)
9217,22345,2738,Bike Trail,None,Bike Trail,None,EAST DON RIVER TRAIL ( 59)
9218,23626,2738,Bike Trail,None,Bike Trail,None,MOCCASIN TRAIL (  1)
9219,23627,2738,Bike Trail,None,Bike Trail,None,MOCCASIN TRAIL (  2)
9220,44902,2738,Parking Lot,None,Outdoor Parking Lot,None,MOCCASIN TRAIL PARK - Outdoor Parking Lot
9221,57378,2738,Pond,None,Open Water,None,MOCCASIN TRAIL PARK - Open Water
9222,2181,2740,Drinking Fountain,None,Drinking Fountain Count,None,LESCON PARK - Drinking Water Source
9223,22341,2740,Bike Trail,None,Bike Trail,None,EAST DON RIVER TRAIL ( 55)
9224,22342,2740,Bike Trail,None,Bike Trail,None,EAST DON RIVER TRAIL ( 56)
9225,22343,2740,Bike Trail,None,Bike Trail,None,EAST DON RIVER TRAIL ( 57)
9226,34119,2740,Playground,None,Playground Site,None,LESCON PARK - Playground
9227,34211,2741,Playground,None,Playground Site,None,MUNICIPAL PARK - Playground
9228,33766,2742,Playground,None,Playground Site,None,REGAN PARK - Playground
9229,33767,2743,Playground,None,Playground Site,None,JACK EVELYN WIGGINS PARK - Playground
9230,2116,2746,Drinking Fountain,None,Drinking Fountain Count,None,YORK MILLS PARK - Drinking Water Source (  2)
9231,24552,2746,Bike Trail,None,Bike Trail,None,YORK MILLS PARK TRAIL
9232,849970,2746,Parking Lot,None,Outdoor Parking Lot,None,YORK MILLS PARK - Outdoor Parking Lot
9233,2844,2750,Dogs Off-Leash Area,None,Off Leash Area,None,STANLEY PARK SOUTH - TORONTO - Off Leash Area
9234,3692,2750,Pickleball Court,None,None,None,STANLEY PARK SOUTH - TORONTO - Tennis Court Area
9235,3692,2750,Pickleball Court,None,None,None,STANLEY PARK SOUTH - TORONTO - Tennis Court Area
9236,3693,2750,Outdoor Tennis Court,None,Outdoor Tennis Court,None,STANLEY PARK SOUTH - TORONTO - Outdoor Tennis Court (  1)
9237,3694,2750,Outdoor Tennis Court,None,Outdoor Tennis Court,None,STANLEY PARK SOUTH - TORONTO - Outdoor Tennis Court (  2)
9238,5060,2750,Outdoor Pool,pool,Outdoor Pool Tank,None,STANLEY PARK SOUTH - Outdoor Pool Tank
9239,6091,2750,Washroom Facility,None,Washroom Building,None,STANLEY PARK SOUTH OUTDOOR POOL
9240,18096,2750,Ball Diamond,sport,Baseball Diamond Field - A,A,STANLEY PARK SOUTH - TORONTO - Ball Diamond Field
9241,49832,2750,Outdoor Table Tennis,None,Outdoor Table Tennis,None,STANLEY PARK SOUTH - TORONTO - Outdoor Table Tennis
9242,102243,2750,Dog Fountain,None,Dog Fountain Count,None,STANLEY PARK SOUTH - TORONTO - Drinking Water Source (  1)
9243,102243,2750,Drinking Fountain,None,Drinking Fountain Count,None,STANLEY PARK SOUTH - TORONTO - Drinking Water Source (  1)
9244,102244,2750,Drinking Fountain,None,Drinking Fountain Count,None,STANLEY PARK SOUTH - TORONTO - Drinking Water Source (  2)
9245,102059,2753,Bottle Filling Station,None,Water Bottle Filling Count,None,DUPLEX PARKETTE - Drinking Water Source
9246,102059,2753,Drinking Fountain,None,Drinking Fountain Count,None,DUPLEX PARKETTE - Drinking Water Source
9247,30867,2755,BMX Bike Area,None,BMX Bike Area,None,BAYVIEW ARENA BIKE PARK
9248,32214,2755,Parking Lot,None,Outdoor Parking Lot,None,BAYVIEW ARENA PARK - Outdoor Parking Lot
9249,57582,2755,Dogs Off-Leash Area,None,Off Leash Area,None,BAYVIEW ARENA PARK - Off Leash Area
9250,967948,2755,Gazebo,None,Gazebo,None,BAYVIEW ARENA PARK - Shade Structure
9251,28527,2757,Community Garden,None,Community Garden,None,SCARBOROUGH VILLAGE COMMUNITY GARDEN
9252,967772,2757,Gazebo,None,Gazebo,None,FRED JOHNSON PARK - Shade Structure
9253,2091,2766,Washroom Facility,None,Washroom Building,None,EARL BALES SKI AND SNOWBOARD CENTRE
9254,46242,2773,Indoor Pool,pool,Indoor Pool Tank - Premier,P,TORONTO PAN AM SPORTS CENTRE - Indoor Pool Tank (  1)
9255,46484,2773,Preschool,room,Preschool,None,TORONTO PAN AM SPORTS CENTRE - Preschool
9256,46722,2773,Indoor Pool,pool,Indoor Pool Tank - Premier,P,TORONTO PAN AM SPORTS CENTRE - Indoor Pool Tank (  2)
9257,46723,2773,Gymnasium,gym,Gymnasium,None,TORONTO PAN AM SPORTS CENTRE - Gymnasium
9258,46724,2773,Weight/Cardio Room,None,Room-Fitness/Weight,None,TORONTO PAN AM SPORTS CENTRE - Fitness Centre
9259,46725,2773,Indoor Pool,pool,Indoor Pool Tank - Premier,P,TORONTO PAN AM SPORTS CENTRE - Dive Tank
9260,46726,2773,Indoor Track,None,Indoor Track,None,TORONTO PAN AM SPORTS CENTRE - Indoor Track
9261,43229,2784,Playground,None,Playground Site,None,LAWRENCE HEIGHTS PARK - Playground
9262,43203,2785,Playground,None,Playground Site,None,MABERLEY PARKETTE - Playground
9263,45642,2788,Playground,None,Playground Site,None,REGENT PARK - Playground
9264,45644,2788,Dogs Off-Leash Area,None,Off Leash Area,None,REGENT PARK - Off Leash Area
9265,45645,2788,Splash Pad,None,Splash/Spray Pad,None,REGENT PARK - Splash/Spray Pad
9266,45646,2788,Drinking Fountain,None,Drinking Fountain Count,None,REGENT PARK - Drinking Water Source (  1)
9267,45647,2788,Drinking Fountain,None,Drinking Fountain Count,None,REGENT PARK - Drinking Water Source (  2)
9268,45648,2788,Community Garden,None,Community Garden,None,REGENT PARK - Community Garden
9269,45649,2788,Greenhouse,None,Greenhouse,None,REGENT PARK - Greenhouse
9270,45650,2788,Outdoor Oven,None,Outdoor Oven,None,REGENT PARK - Bake Oven
9271,77995,2788,Drinking Fountain,None,Drinking Fountain Count,None,REGENT PARK - Drinking Water Source (  3)
9272,77995,2788,Dog Fountain,None,Dog Fountain Count,None,REGENT PARK - Drinking Water Source (  3)
9273,49046,2791,Weight/Cardio Room,None,Room-Fitness/Weight,None,PARKWAY FOREST COMMUNITY CENTRE - Weight/Cardio Room Room
9274,49047,2791,Gymnasium,gym,Gymnasium - A,A,PARKWAY FOREST COMMUNITY CENTRE - Gymnasium
9275,49048,2791,Gymnasium,gym,Gymnasium - B,B,PARKWAY FOREST COMMUNITY CENTRE - Gymnasium - East
9276,49049,2791,Gymnasium,gym,Gymnasium - B,B,PARKWAY FOREST COMMUNITY CENTRE - Gymnasium - West
9277,49050,2791,Kitchen,room,Kitchen - B,B,PARKWAY FOREST COMMUNITY CENTRE - Kitchen (  1)
9278,49051,2791,Kitchen,room,Kitchen - Premier,P,PARKWAY FOREST COMMUNITY CENTRE - Kitchen - Training
9279,49052,2791,Multipurpose Room,room,Room - B,B,PARKWAY FOREST COMMUNITY CENTRE - Multipurpose Room (  1)
9280,49053,2791,Multipurpose Room,room,Room - B,B,PARKWAY FOREST COMMUNITY CENTRE - Multipurpose Room (  2)
9281,49054,2791,Multipurpose Room,room,Room - C,C,PARKWAY FOREST COMMUNITY CENTRE - Multipurpose Room (  3)
9282,49055,2791,Multipurpose Room,room,Room - C,C,PARKWAY FOREST COMMUNITY CENTRE - Multipurpose Room (  4)
9283,49057,2791,Fitness/Dance Studio,None,Room - B,B,PARKWAY FOREST COMMUNITY CENTRE - Fitness/Dance Studio
9284,49059,2791,Multipurpose Room,room,Room - C,C,PARKWAY FOREST COMMUNITY CENTRE - Office ( 5)
9285,57502,2791,Indoor Track,None,Indoor Track,None,PARKWAY FOREST COMMUNITY CENTRE - Indoor Track
9286,849446,2791,Enhanced Youth Space,None,Room,None,PARKWAY FOREST COMMUNITY CENTRE - Enhanced Youth Space
9287,3491,2795,Outdoor Tennis Court,None,Outdoor Tennis Court,None,BLOORDALE PARK SOUTH - Outdoor Tennis Court (  1)
9288,3492,2795,Outdoor Tennis Court,None,Outdoor Tennis Court,None,BLOORDALE PARK SOUTH - Outdoor Tennis Court (  2)
9289,22469,2795,Bike Trail,None,Bike Trail,None,ELMCREST CREEK TRAIL (  1)
9290,22502,2795,Bike Trail,None,Bike Trail,None,ELMCREST CREEK TRAIL (  4)
9291,22506,2795,Bike Trail,None,Bike Trail,None,ELMCREST CREEK TRAIL (  5)
9292,22507,2795,Bike Trail,None,Bike Trail,None,ELMCREST CREEK TRAIL (  6)
9293,42670,2795,Playground,None,Playground Site,None,BLOORDALE PARK SOUTH - Playground
9294,79305,2795,Gazebo,None,Gazebo,None,BLOORDALE PARK SOUTH - Shade Structure (  1)
9295,850044,2796,Parking Lot,None,Outdoor Parking Lot,None,REGENT PARK - ETOBICOKE - Outdoor Parking Lot
9296,42669,2797,Playground,None,Playground Site,None,TRETHEWEY PARK WEST - Playground
9297,74682,2797,Outdoor Table Tennis,None,Outdoor Table Tennis,None,TRETHEWEY PARK WEST - Outdoor Table Tennis
9298,74683,2797,Gazebo,None,Gazebo,None,TRETHEWEY PARK WEST - Shade Structure
9299,74685,2797,Outdoor Basketball Court,None,Basketball Court,None,TRETHEWEY PARK WEST - Basketball Court
9300,74686,2797,Sport Field,sport,Soccer Field,None,TRETHEWEY PARK WEST - Soccer Field
9301,45102,2798,Playground,None,Playground Site,None,DUNFIELD PARK - Playground
9302,79141,2798,Drinking Fountain,None,Drinking Fountain Count,None,DUNFIELD PARK - Drinking Water Source
9303,13265,2799,Drinking Fountain,None,Drinking Fountain Count,None,NORTH YORK CIVIC SOCCER FIELDS - Drinking Water Source
9304,32414,2799,Parking Lot,None,Outdoor Parking Lot,None,NORTH YORK CIVIC SOCCER FIELDS - Outdoor Parking Lot (  1)
9305,36144,2799,Sport Field,sport,Soccer Field - C,C,NORTH YORK CIVIC SOCCER FIELDS - Soccer Field (  1)
9306,36145,2799,Sport Field,sport,Soccer Field - C,C,NORTH YORK CIVIC SOCCER FIELDS - Soccer Field (  2)
9307,36146,2799,Sport Field,sport,Soccer Field - B,B,NORTH YORK CIVIC SOCCER FIELDS - Soccer Field (  3)
9308,36147,2799,Sport Field,sport,Soccer Field - A,A,NORTH YORK CIVIC SOCCER FIELDS - Soccer Field (  4)
9309,36148,2799,Sport Field,sport,Soccer Field - A,A,NORTH YORK CIVIC SOCCER FIELDS - Soccer Field (  5)
9310,36149,2799,Sport Field,sport,Soccer Field - A,A,NORTH YORK CIVIC SOCCER FIELDS - Soccer Field (  6)
9311,36150,2799,Sport Field,sport,Soccer Field - A,A,NORTH YORK CIVIC SOCCER FIELDS - Soccer Field (  7)
9312,849983,2799,Parking Lot,None,Outdoor Parking Lot,None,NORTH YORK CIVIC SOCCER FIELDS - Outdoor Parking Lot (  2)
9313,967955,2799,Picnic Shelter,picnic,Shelter,None,NORTH YORK CIVIC SOCCER FIELDS - Shade Structure
9314,45904,2817,Amphitheatre,special,Amphitheatre,None,READING SPROUTS GARDEN - Amphitheatre
9315,45743,2818,BMX Bike Area,None,BMX Bike Area,None,SUNNYSIDE BIKE PARK - BMX Bike Area
9316,45963,2818,Bottle Filling Station,None,Water Bottle Filling Count,None,SUNNYSIDE BIKE PARK - Drinking Water Source
9317,45822,2819,Community Garden,None,Community Garden,None,THE RAIL GARDEN - Community Garden
9318,97223,2825,Playground,None,Playground Site,None,JUNE CALLWOOD PARK - Playground
9319,132559,2825,Drinking Fountain,None,Drinking Fountain Count,None,JUNE CALLWOOD PARK - Drinking Water Source
9320,132559,2825,Bottle Filling Station,None,Water Bottle Filling Count,None,JUNE CALLWOOD PARK - Drinking Water Source
9321,34168,2830,Playground,None,Playground Site,None,BONSPIEL PARK - Playground
9322,988873,2907,Gymnasium,gym,Gymnasium,None,BUCHANAN PUBLIC SCHOOL - Gymnasium
9323,18046,3068,Ball Diamond,sport,Baseball Diamond Field - C,C,HEATHER HEIGHTS PARK - Ball Diamond Field (  1)
9324,18047,3068,Ball Diamond,sport,Baseball Diamond Field - C,C,HEATHER HEIGHTS PARK - Ball Diamond Field (  2)
9325,59482,3398,Outdoor Fitness Equipment,None,Outdoor Fitness Equipment,None,CEDARVALE RAVINE - Outdoor Fitness Equipment (  1)
9326,59483,3398,Outdoor Fitness Equipment,None,Outdoor Fitness Equipment,None,CEDARVALE RAVINE - Outdoor Fitness Equipment (  2)
9327,59484,3398,Outdoor Fitness Equipment,None,Outdoor Fitness Equipment,None,CEDARVALE RAVINE - Outdoor Fitness Equipment (  3)
9328,59485,3398,Outdoor Fitness Equipment,None,Outdoor Fitness Equipment,None,CEDARVALE RAVINE - Outdoor Fitness Equipment (  4)
9329,59486,3398,Outdoor Fitness Equipment,None,Outdoor Fitness Equipment,None,CEDARVALE RAVINE - Outdoor Fitness Equipment (  5)
9330,46862,3461,Playground,None,Playground Site,None,PAGE PARKETTE - Playground
9331,46864,3461,Dog Fountain,None,Dog Fountain Count,None,PAGE PARKETTE - Playground - Drinking Water Source
9332,46864,3461,Drinking Fountain,None,Drinking Fountain Count,None,PAGE PARKETTE - Playground - Drinking Water Source
9333,34139,3464,Playground,None,Playground Site,None,CHRIST THE KING - Playground
9334,849948,3464,Parking Lot,None,Outdoor Parking Lot,None,CHRIST THE KING PARK - Outdoor Parking Lot
9335,17335,3488,Indoor Rink,ice,Indoor Ice Pad,None,GEORGE BELL ARENA - Indoor Ice Pad
9336,1840,3489,Washroom Facility,None,Washroom Building,None,LARRY GROSSMAN FOREST HILL MEMORIAL ARENA
9337,17340,3489,Indoor Rink,ice,Indoor Ice Pad,None,LARRY GROSSMAN FOREST HILL MEMORIAL ARENA - Indoor Ice Pad (  1)
9338,44350,3489,Indoor Rink,ice,Indoor Ice Pad,None,LARRY GROSSMAN FOREST HILL MEMORIAL ARENA - Indoor Ice Pad (  2)
9339,17343,3490,Indoor Rink,ice,Indoor Ice Pad,None,MCCORMICK ARENA - Indoor Ice Pad (  1)
9340,44351,3490,Indoor Rink,ice,Indoor Ice Pad,None,MCCORMICK ARENA - Indoor Ice Pad (  2)
9341,17345,3491,Indoor Rink,ice,Indoor Ice Pad,None,MOSS PARK ARENA - Indoor Ice Pad
9342,17346,3492,Indoor Rink,ice,Indoor Ice Pad,None,NORTH TORONTO MEMORIAL ARENA - Indoor Ice Pad
9343,989439,3493,Indoor Dry Pad,ice,Indoor Dry Pad,None,SCARBOROUGH ARENA GARDENS - Indoor Dry Pad
9344,989440,3493,Indoor Rink,ice,Indoor Ice Pad,None,SCARBOROUGH ARENA GARDENS - Indoor Ice Pad
9345,989446,3493,Bottle Filling Station,None,Water Bottle Filling Count,None,SCARBOROUGH ARENA GARDENS - Drinking Water Source (North)
9346,989447,3493,Bottle Filling Station,None,Water Bottle Filling Count,None,SCARBOROUGH ARENA GARDENS - Drinking Water Source (West)
9347,989448,3493,Bottle Filling Station,None,Water Bottle Filling Count,None,SCARBOROUGH ARENA GARDENS - Drinking Water Source (East)
9348,989456,3493,Meeting Room,None,None,None,SCARBOROUGH ARENA GARDENS - Meeting Room - North
9349,989491,3493,Meeting Room,None,None,None,SCARBOROUGH ARENA GARDENS - Meeting Room - South
9350,17350,3494,Indoor Rink,ice,Indoor Ice Pad,None,TED REEVE COMMUNITY ARENA - Indoor Ice Pad (  1)
9351,44363,3494,Indoor Rink,ice,Indoor Ice Pad,None,TED REEVE COMMUNITY ARENA - Indoor Ice Pad (  2)
9352,17352,3495,Indoor Rink,ice,Indoor Ice Pad,None,WILLIAM H. BOLTON ARENA - Indoor Ice Pad
9353,36968,3499,Multipurpose Field,None,Multipurpose Field - B,B,CORKTOWN COMMON - Multipurpose Field
9354,36969,3499,Lounge,room,Room,None,CORKTOWN COMMON - Pavilion - Outdoor Social Room
9355,36973,3499,Kitchen,room,Kitchen,None,CORKTOWN COMMON - Pavilion - Kitchenette
9356,36974,3499,Washroom Facility,None,Washroom Building,None,CORKTOWN COMMON - Pavilion
9357,36975,3499,Splash Pad,None,Splash/Spray Pad,None,CORKTOWN COMMON - Splash/Spray Pad
9358,36978,3499,Playground,None,Playground Site,None,CORKTOWN COMMON - Playground
9359,78159,3499,Drinking Fountain,None,Drinking Fountain Count,None,CORKTOWN COMMON - Drinking Water Source (  1)
9360,78160,3499,Drinking Fountain,None,Drinking Fountain Count,None,CORKTOWN COMMON - Drinking Water Source (  2)
9361,60164,3501,Indoor Pool,pool,Indoor Pool Tank - A,A,YORK RECREATION CENTRE - Indoor Pool Tank (  1)
9362,60165,3501,Indoor Pool,pool,Indoor Pool Tank - C,C,YORK RECREATION CENTRE - Indoor Pool Tank (  2)
9363,60166,3501,Kitchen,room,Kitchen - B,B,YORK RECREATION CENTRE - Kitchen
9364,60182,3501,Gymnasium,gym,Gymnasium - B,B,YORK RECREATION CENTRE - Gymnasium
9365,60184,3501,Fitness/Dance Studio,None,Room - B,B,YORK RECREATION CENTRE - Fitness/Dance Studio
9366,60185,3501,Multipurpose Room,room,Room - C,C,YORK RECREATION CENTRE - Multipurpose Room (  1)
9367,60186,3501,Multipurpose Room,room,Room - C,C,YORK RECREATION CENTRE - Multipurpose Room (  2)
9368,60187,3501,Multipurpose Room,room,Room - C,C,YORK RECREATION CENTRE - Multipurpose Room (  3)
9369,60188,3501,Multipurpose Room,room,Room - C,C,YORK RECREATION CENTRE - Multipurpose Room (  4)
9370,78862,3501,Indoor Track,None,Indoor Track,None,YORK RECREATION CENTRE - Indoor Track
9371,57802,3502,Gymnasium,gym,Gymnasium,None,REGENT PARK COMMUNITY CENTRE - Gymnasium
9372,57803,3502,Multipurpose Room,room,Room,None,REGENT PARK COMMUNITY CENTRE - Multipurpose Room (  1)
9373,57805,3502,Indoor Track,None,Indoor Track,None,REGENT PARK COMMUNITY CENTRE - Indoor Track
9374,57822,3502,Day Care,room,None,None,REGENT PARK COMMUNITY CENTRE - Childcare Centre
9375,60302,3502,Multipurpose Room,room,Room,None,REGENT PARK COMMUNITY CENTRE - Multipurpose Room (  2)
9376,60305,3502,Multipurpose Room,room,Room,None,REGENT PARK COMMUNITY CENTRE - Multipurpose Room (  5)
9377,60306,3502,Multipurpose Room,room,Room,None,REGENT PARK COMMUNITY CENTRE - Multipurpose Room (  6)
9378,60307,3502,Kitchen,room,Kitchen,None,REGENT PARK COMMUNITY CENTRE - Kitchen
9379,60310,3502,Lounge,room,Room,None,REGENT PARK COMMUNITY CENTRE - Lounge (  1)
9380,60311,3502,Lounge,room,Room,None,REGENT PARK COMMUNITY CENTRE - Lounge (  2)
9381,60312,3502,Computer/Training Room,room,Room-Computer/Training,None,REGENT PARK COMMUNITY CENTRE - Computer-Training
9382,60313,3502,Fitness/Dance Studio,None,Room - C,C,REGENT PARK COMMUNITY CENTRE - Fitness/Dance Studio
9383,849447,3502,Enhanced Youth Space,None,Room,None,REGENT PARK COMMUNITY CENTRE - Enhanced Youth Space
9384,849448,3514,Enhanced Youth Space,None,Room,None,STRIDES TORONTO - Enhanced Youth Space
9385,849449,3514,Recording Studio,None,Room,None,STRIDES TORONTO - Recording Studio
9386,849450,3516,Enhanced Youth Space,None,Room,None,NATIVE YOUTH RESOURCE CENTRE - Enhanced Youth Centre
9387,849451,3516,Recording Studio,None,Room,None,NATIVE YOUTH RESOURCE CENTRE -  Recording Studio
9388,44066,3518,Campground,None,Campground,None,HUMRIVA DAY CAMP
9389,72299,3535,Playground,None,Playground Site,None,LISGAR PARK - Playground
9390,24923,3536,Drinking Fountain,None,Drinking Fountain Count,None,TORONTO ISLANDS - SNAKE ISLAND - Drinking Water Source
9391,28352,3536,Picnic Site,picnic,Picnic Site,None,TORONTO ISLANDS - SNAKE ISLAND - Picnic Site (  1)
9392,29197,3536,Firepit,None,Firepit,None,TORONTO ISLANDS - SNAKE ISLAND - Firepit (  1)
9393,29198,3536,Firepit,None,Firepit,None,TORONTO ISLANDS - SNAKE ISLAND - Firepit (  2)
9394,29199,3536,Firepit,None,Firepit,None,TORONTO ISLANDS - SNAKE ISLAND - Firepit (  3)
9395,29200,3536,Firepit,None,Firepit,None,TORONTO ISLANDS - SNAKE ISLAND - Firepit (  4)
9396,49617,3536,Picnic Site,picnic,Picnic Site,None,TORONTO ISLANDS - SNAKE ISLAND - Picnic Site (  2)
9397,49618,3536,Picnic Site,picnic,Picnic Site,None,TORONTO ISLANDS - SNAKE ISLAND - Picnic Site (  3)
9398,49619,3536,Picnic Site,picnic,Picnic Site,None,TORONTO ISLANDS - SNAKE ISLAND - Picnic Site (  4)
9399,57282,3547,Fieldhouse,None,Fieldhouse,None,SORAUREN AVENUE PARK - Fieldhouse
9400,57282,3547,Washroom Facility,None,Washroom Building,None,SORAUREN AVENUE PARK - Fieldhouse
9401,59942,3555,Amphitheatre,special,Amphitheatre,None,LEE LIFESON ART PARK - Amphitheatre
9402,59943,3555,Drinking Fountain,None,Drinking Fountain Count,None,LEE LIFESON ART PARK - Drinking Water Source
9403,59947,3555,Washroom Facility,None,Washroom Building,None,LEE LIFESON ART PARK - Washroom Building
9404,849454,3565,Enhanced Youth Space,None,Room,None,STREET LEVEL YOUTH CENTRE  - Enhanced Youth Space
9405,849452,3566,Enhanced Youth Space,None,Room,None,RATHBURN AREA YOUTH (RAY) - Enhanced Youth Space
9406,849453,3566,Recording Studio,None,Room,None,RATHBURN AREA YOUTH (RAY) - Recording Studio
9407,60823,3578,Gazebo,None,Gazebo,None,SILVERTHORN PARKETTE - Shade Structure
9408,60825,3578,Playground,None,Playground Site,None,SILVERTHORN PARKETTE - Playground
9409,96564,3583,Outdoor Fitness Equipment,None,Outdoor Fitness Equipment,None,RANLEIGH PARK - Outdoor Fitness Equipment Area - Outdoor Fitness Equipment (  1)
9410,96565,3583,Outdoor Fitness Equipment,None,Outdoor Fitness Equipment,None,RANLEIGH PARK - Outdoor Fitness Equipment Area - Outdoor Fitness Equipment (  2)
9411,96566,3583,Outdoor Fitness Equipment,None,Outdoor Fitness Equipment,None,RANLEIGH PARK - Outdoor Fitness Equipment Area - Outdoor Fitness Equipment (  3)
9412,96567,3583,Outdoor Fitness Equipment,None,Outdoor Fitness Equipment,None,RANLEIGH PARK - Outdoor Fitness Equipment Area - Outdoor Fitness Equipment (  4)
9413,96568,3583,Outdoor Fitness Equipment,None,Outdoor Fitness Equipment,None,RANLEIGH PARK - Outdoor Fitness Equipment Area - Outdoor Fitness Equipment (  5)
9414,96569,3583,Outdoor Fitness Equipment,None,Outdoor Fitness Equipment,None,RANLEIGH PARK - Outdoor Fitness Equipment Area - Outdoor Fitness Equipment (  6)
9415,96570,3583,Outdoor Fitness Equipment,None,Outdoor Fitness Equipment,None,RANLEIGH PARK - Outdoor Fitness Equipment Area - Outdoor Fitness Equipment (  7)
9416,60507,3584,Splash Pad,None,Splash/Spray Pad,None,DIAMOND JUBILEE PROMENADE - Splash/Spray Pad
9417,102261,3584,Drinking Fountain,None,Drinking Fountain Count,None,DIAMOND JUBILEE PROMENADE - Drinking Water Source (  1)
9418,102262,3584,Drinking Fountain,None,Drinking Fountain Count,None,DIAMOND JUBILEE PROMENADE - Drinking Water Source (  2)
9419,102263,3584,Drinking Fountain,None,Drinking Fountain Count,None,DIAMOND JUBILEE PROMENADE - Drinking Water Source (  3)
9420,78996,3594,Dog Fountain,None,Dog Fountain Count,None,SANTA CHIARA PARKETTE - ANNE MARIE D'AMICO SQUARE - Drinking Water Source
9421,78996,3594,Drinking Fountain,None,Drinking Fountain Count,None,SANTA CHIARA PARKETTE - ANNE MARIE D'AMICO SQUARE - Drinking Water Source
9422,69602,3609,Playground,None,Playground Site,None,SYD COLE PARK - Playground
9423,96703,3609,Bottle Filling Station,None,Water Bottle Filling Count,None,SYD COLE PARK - Drinking Water Source
9424,70882,3626,Outdoor Bocce Court,None,Outdoor Bocce Court,None,MANOR COMMUNITY GREEN - Outdoor Bocce Court
9425,71062,3626,Outdoor Chess Table,None,Outdoor Chess Table,None,MANOR COMMUNITY GREEN - Outdoor Chess Table (  1)
9426,71063,3626,Outdoor Chess Table,None,Outdoor Chess Table,None,MANOR COMMUNITY GREEN - Outdoor Chess Table (  2)
9427,70422,3628,Playground,None,Playground Site,None,MONA PIPER PLAYGROUND
9428,96283,3628,Outdoor Chess Table,None,Outdoor Chess Table,None,CUDMORE CREEK PARK - Outdoor Chess Table
9429,102036,3628,Bottle Filling Station,None,Water Bottle Filling Count,None,CUDMORE CREEK PARK - Drinking Water Source
9430,60582,3635,Amphitheatre,special,Amphitheatre,None,ATRIA SOUTH PARK - Amphitheatre
9431,60583,3635,Bottle Filling Station,None,Water Bottle Filling Count,None,ATRIA SOUTH PARK - Drinking Water Source
9432,58342,3636,Playground,None,Playground Site,None,DON MILLS LOCAL PARK - Playground
9433,2853,3641,Dogs Off-Leash Area,None,Off Leash Area,None,ORPHAN'S GREEN - Off Leash Area
9434,63204,3643,Bottle Filling Station,None,Water Bottle Filling Count,None,CANOE LANDING COMMUNITY RECREATION CENTRE - Drinking Water Source (  1)
9435,63207,3643,Community Garden,None,Community Garden,None,CANOE LANDING COMMUNITY RECREATION CENTRE - Community Garden
9436,63208,3643,Gymnasium,gym,Gymnasium,None,CANOE LANDING COMMUNITY RECREATION CENTRE - Gymnasium (  1)
9437,63209,3643,Fitness/Dance Studio,None,Room - C,C,CANOE LANDING COMMUNITY RECREATION CENTRE - Fitness/Dance Studio
9438,63210,3643,Drinking Fountain,None,Drinking Fountain Count,None,CANOE LANDING COMMUNITY RECREATION CENTRE - Drinking Water Source (  2)
9439,63211,3643,Weight/Cardio Room,None,Room-Fitness/Weight,None,CANOE LANDING COMMUNITY RECREATION CENTRE - Fitness Studio Room
9440,63213,3643,Gymnasium,gym,Gymnasium,None,CANOE LANDING COMMUNITY RECREATION CENTRE - Gymnasium (  2)
9441,63214,3643,Kitchen,room,Kitchen,None,CANOE LANDING COMMUNITY RECREATION CENTRE - Kitchen (  1)
9442,63217,3643,Meeting Room,None,None,None,CANOE LANDING COMMUNITY RECREATION CENTRE - Meeting Room (  1)
9443,63218,3643,Multipurpose Field,None,Multipurpose Field,None,CANOE LANDING COMMUNITY RECREATION CENTRE - Multipurpose Field
9444,63219,3643,Multipurpose Room,room,Room,None,CANOE LANDING COMMUNITY RECREATION CENTRE - Multipurpose Room (  1)
9445,63224,3643,Playground,None,Playground Site,None,CANOE LANDING COMMUNITY RECREATION CENTRE - Playground
9446,63225,3643,Playroom,room,Room,None,CANOE LANDING COMMUNITY RECREATION CENTRE - Playroom
9447,78759,3643,Indoor Track,None,Indoor Track,None,CANOE LANDING COMMUNITY RECREATION CENTRE - Indoor Track
9448,94063,3643,Kitchen,room,Kitchen - A,A,CANOE LANDING COMMUNITY RECREATION CENTRE - Kitchen (  2)
9449,94064,3643,Multipurpose Room,room,Room - B,B,CANOE LANDING COMMUNITY RECREATION CENTRE - Multipurpose Room (  2)
9450,94065,3643,Multipurpose Room,room,Room - C,C,CANOE LANDING COMMUNITY RECREATION CENTRE - Multipurpose Room (  3)
9451,94066,3643,Meeting Room,None,None,None,CANOE LANDING COMMUNITY RECREATION CENTRE - Meeting Room (  2)
9452,94067,3643,Outdoor track,None,Outdoor Track,None,CANOE LANDING COMMUNITY RECREATION CENTRE - Outdoor Track
9453,101812,3643,Outdoor Basketball Court,None,Basketball Court,None,CANOE LANDING COMMUNITY RECREATION CENTRE - Basketball Court
9454,132415,3643,Cycling Studio,None,Room - C,C,CANOE LANDING COMMUNITY RECREATION CENTRE - Cycling Studio
9455,75642,3660,Dogs Off-Leash Area,None,Off Leash Area,None,AITKEN PLACE PARK - Off Leash Area
9456,75643,3660,Playground,None,Playground Site,None,AITKEN PLACE PARK - Playground
9457,75648,3660,Bottle Filling Station,None,Water Bottle Filling Count,None,AITKEN PLACE PARK - Drinking Water Source
9458,72297,3662,Playground,None,Playground Site,None,CLARA WILL PARK - Playground
9459,76316,3671,Playground,None,Playground Site,None,GECO PARK - Playground
9460,102153,3671,Bottle Filling Station,None,Water Bottle Filling Count,None,GECO PARK - Drinking Water Source
9461,78218,3693,Outdoor Fitness Equipment,None,Outdoor Fitness Equipment,None,STANLEY GREENE PARK - Outdoor Fitness Equipment Area - Outdoor Fitness Equipment (  1)
9462,78219,3693,Outdoor Fitness Equipment,None,Outdoor Fitness Equipment,None,STANLEY GREENE PARK - Outdoor Fitness Equipment Area - Outdoor Fitness Equipment (  2)
9463,78220,3693,Outdoor Fitness Equipment,None,Outdoor Fitness Equipment,None,STANLEY GREENE PARK - Outdoor Fitness Equipment Area - Outdoor Fitness Equipment (  3)
9464,78221,3693,Outdoor Fitness Equipment,None,Outdoor Fitness Equipment,None,STANLEY GREENE PARK - Outdoor Fitness Equipment Area - Outdoor Fitness Equipment (  4)
9465,78222,3693,Outdoor Fitness Equipment,None,Outdoor Fitness Equipment,None,STANLEY GREENE PARK - Outdoor Fitness Equipment Area - Outdoor Fitness Equipment (  5)
9466,78223,3693,Splash Pad,None,Splash/Spray Pad,None,STANLEY GREENE PARK - Splash/Spray Pad
9467,78224,3693,Playground,None,Playground Site,None,STANLEY GREENE PARK - Playground
9468,78226,3693,Washroom Facility,None,Washroom Building,None,STANLEY GREENE PARK - Washroom Building Pavilion
9469,78227,3693,Skateboard Area,None,Skateboard Area,None,STANLEY GREENE PARK - Skateboard Area
9470,78228,3693,Pickleball Court,None,None,None,STANLEY GREENE PARK - Sportspad Area
9471,78228,3693,Sports Pad Area,None,Sportspad Area,None,STANLEY GREENE PARK - Sportspad Area
9472,78229,3693,Outdoor Basketball Court,None,Basketball Court,None,STANLEY GREENE PARK - Outdoor Tennis Court (  2)
9473,78229,3693,Outdoor Tennis Court,None,Outdoor Tennis Court,None,STANLEY GREENE PARK - Outdoor Tennis Court (  2)
9474,78230,3693,Outdoor Tennis Court,None,Outdoor Tennis Court,None,STANLEY GREENE PARK - Outdoor Tennis Court (  1)
9475,78236,3693,Outdoor Fitness Equipment,None,Outdoor Fitness Equipment,None,STANLEY GREENE PARK - Outdoor Fitness Equipment Area - Outdoor Fitness Equipment (  6)
9476,78237,3693,Firepit,None,Firepit,None,STANLEY GREENE PARK - Firepit
9477,94128,3693,Drinking Fountain,None,Drinking Fountain Count,None,STANLEY GREENE PARK - Washroom Building Pavilion - Drinking Water Source
9478,102030,3693,Bottle Filling Station,None,Water Bottle Filling Count,None,STANLEY GREENE PARK - Drinking Water Source
9479,78976,3697,Bottle Filling Station,None,Water Bottle Filling Count,None,CLOVER HILL PARK - Drinking Water Source
9480,94024,3697,Splash Pad,None,Splash/Spray Pad,None,CLOVER HILL PARK - Splash/Spray Pad
9481,79727,3700,Community Garden,None,Community Garden,None,MONSIGNOR FRASER COLLEGE PARK - Community Garden
9482,49502,3702,Parking Lot,None,Outdoor Parking Lot,None,BIRKDALE RAVINE - Outdoor Parking Lot
9483,72362,3702,Playground,None,Playground Site,None,BIRKDALE RAVINE - Playground
9484,72365,3702,Outdoor Fitness Equipment,None,Outdoor Fitness Equipment,None,BIRKDALE RAVINE - Outdoor Fitness Equipment Area - Outdoor Fitness Equipment (  1)
9485,72366,3702,Outdoor Fitness Equipment,None,Outdoor Fitness Equipment,None,BIRKDALE RAVINE - Outdoor Fitness Equipment Area - Outdoor Fitness Equipment (  2)
9486,72367,3702,Outdoor Fitness Equipment,None,Outdoor Fitness Equipment,None,BIRKDALE RAVINE - Outdoor Fitness Equipment Area - Outdoor Fitness Equipment (  3)
9487,79205,3703,Splash Pad,None,Splash/Spray Pad,None,PESSOA PARK - Splash/Spray Pad
9488,93622,3708,Ball Diamond,sport,Baseball Diamond Field,None,175 THE POND ROAD PARK - Ball Diamond Field
9489,132643,3709,Playground,None,Playground Site,None,SENATOR MARIAN MALONEY PARK - Playground
9490,132645,3709,Gazebo,None,Gazebo,None,SENATOR MARIAN MALONEY PARK - Shade Structure
9491,132646,3709,Splash Pad,None,Splash/Spray Pad,None,SENATOR MARIAN MALONEY PARK - Splash/Spray Pad
9492,132648,3709,Bottle Filling Station,None,Water Bottle Filling Count,None,SENATOR MARIAN MALONEY PARK - Drinking Water Source
9493,132698,3709,Amphitheatre,special,Amphitheatre,None,SENATOR MARIAN MALONEY PARK - Amphitheatre
9494,102132,3715,Dog Fountain,None,Dog Fountain Count,None,45 DALHOUSIE ST PARK - Drinking Water Source
9495,102132,3715,Drinking Fountain,None,Drinking Fountain Count,None,45 DALHOUSIE ST PARK - Drinking Water Source
9496,102132,3715,Bottle Filling Station,None,Water Bottle Filling Count,None,45 DALHOUSIE ST PARK - Drinking Water Source
9497,96863,3716,Playground,None,Playground Site,None,167 ARMOUR BLVD PARKETTE - Playground
9498,971254,3717,Bottle Filling Station,None,Water Bottle Filling Count,None,ISAAC DEVINS PARK - Drinking Water Source
9499,971254,3717,Drinking Fountain,None,Drinking Fountain Count,None,ISAAC DEVINS PARK - Drinking Water Source
9500,971274,3717,Playground,None,Playground Site,None,ISAAC DEVINS PARK - Playground
9501,971284,3717,Outdoor Fitness Equipment,None,Outdoor Fitness Equipment,None,ISAAC DEVINS PARK - Outdoor Fitness Equipment Area - Outdoor Fitness Equipment (  1)
9502,971285,3717,Outdoor Fitness Equipment,None,Outdoor Fitness Equipment,None,ISAAC DEVINS PARK - Outdoor Fitness Equipment Area - Outdoor Fitness Equipment (  2)
9503,971286,3717,Outdoor Fitness Equipment,None,Outdoor Fitness Equipment,None,ISAAC DEVINS PARK - Outdoor Fitness Equipment Area - Outdoor Fitness Equipment (  3)
9504,971287,3717,Outdoor Fitness Equipment,None,Outdoor Fitness Equipment,None,ISAAC DEVINS PARK - Outdoor Fitness Equipment Area - Outdoor Fitness Equipment ( 4)
9505,40982,3725,Children's Garden,None,Children's Garden,None,HIGH PARK - Children's Garden
9506,132558,3728,Drinking Fountain,None,Drinking Fountain Count,None,RIVERSIDE COMMON PARK - Drinking Water Source
9507,132558,3728,Bottle Filling Station,None,Water Bottle Filling Count,None,RIVERSIDE COMMON PARK - Drinking Water Source
9508,95210,3730,Drinking Fountain,None,Drinking Fountain Count,None,JOSHUA GLOVER PARK - Drinking Water Source
9509,95210,3730,Bottle Filling Station,None,Water Bottle Filling Count,None,JOSHUA GLOVER PARK - Drinking Water Source
9510,95210,3730,Dog Fountain,None,Dog Fountain Count,None,JOSHUA GLOVER PARK - Drinking Water Source
9511,95214,3730,Outdoor Fitness Equipment,None,Outdoor Fitness Equipment,None,JOSHUA GLOVER PARK - Outdoor Fitness Equipment Area - Outdoor Fitness Equipment (  1)
9512,95215,3730,Outdoor Fitness Equipment,None,Outdoor Fitness Equipment,None,JOSHUA GLOVER PARK - Outdoor Fitness Equipment Area - Outdoor Fitness Equipment (  2)
9513,95216,3730,Outdoor Fitness Equipment,None,Outdoor Fitness Equipment,None,JOSHUA GLOVER PARK - Outdoor Fitness Equipment Area - Outdoor Fitness Equipment (  3)
9514,95217,3730,Outdoor Fitness Equipment,None,Outdoor Fitness Equipment,None,JOSHUA GLOVER PARK - Outdoor Fitness Equipment Area - Outdoor Fitness Equipment (  4)
9515,95219,3730,Playground,None,Playground Site,None,JOSHUA GLOVER PARK - Playground
9516,101349,3732,Fitness/Dance Studio,None,Room - C,C,ONE YONGE COMMUNITY RECREATION CENTRE - Fitness/Dance Studio (  2)
9517,101350,3732,Fitness/Dance Studio,None,Room - B,B,ONE YONGE COMMUNITY RECREATION CENTRE - Fitness/Dance Studio (  1)
9518,101352,3732,Gymnasium,gym,Gymnasium - A,A,ONE YONGE COMMUNITY RECREATION CENTRE - Gymnasium
9519,101353,3732,Kitchen,room,Kitchen - A,A,ONE YONGE COMMUNITY RECREATION CENTRE - Kitchen
9520,101354,3732,Multipurpose Room,room,Room - C,C,ONE YONGE COMMUNITY RECREATION CENTRE - Multipurpose Room (  3)
9521,101356,3732,Multipurpose Room,room,Room - C,C,ONE YONGE COMMUNITY RECREATION CENTRE - Multipurpose Room (  2)
9522,101357,3732,Multipurpose Room,room,Room - C,C,ONE YONGE COMMUNITY RECREATION CENTRE - Multipurpose Room (  4)
9523,101362,3732,Indoor Pool,pool,Indoor Pool Tank - A,A,ONE YONGE COMMUNITY RECREATION CENTRE - Indoor Pool
9524,121970,3732,Multipurpose Room,room,Room - C,C,ONE YONGE COMMUNITY RECREATION CENTRE - Multipurpose Room (  1)
9525,121971,3732,Multipurpose Room,room,Room - C,C,ONE YONGE COMMUNITY RECREATION CENTRE - Multipurpose Room (  5)
9526,121985,3732,Gymnasium,gym,Gymnasium - B,B,ONE YONGE COMMUNITY RECREATION CENTRE - Gymnasium (North)
9527,121986,3732,Gymnasium,gym,Gymnasium - B,B,ONE YONGE COMMUNITY RECREATION CENTRE - Gymnasium (South)
9528,102091,3733,Drinking Fountain,None,Drinking Fountain Count,None,LOGAN GREEN FIELD - Drinking Water Source
9529,102091,3733,Bottle Filling Station,None,Water Bottle Filling Count,None,LOGAN GREEN FIELD - Drinking Water Source
9530,102143,3738,Bottle Filling Station,None,Water Bottle Filling Count,None,DAVID CAPLAN PARK - Drinking Water Source
9531,102143,3738,Drinking Fountain,None,Drinking Fountain Count,None,DAVID CAPLAN PARK - Drinking Water Source
9532,116986,3738,Splash Pad,None,Splash/Spray Pad,None,DAVID CAPLAN PARK - Splash/Spray Pad
9533,971760,3738,Playground,None,Playground Site,None,DAVID CAPLAN PARK - Playground
9534,80541,3739,Playground,None,Playground Site,None,BALLYCONNOR PARK - Playground
9535,102144,3739,Bottle Filling Station,None,Water Bottle Filling Count,None,BALLYCONNOR PARK - Drinking Water Source
9536,102133,3741,Drinking Fountain,None,Drinking Fountain Count,None,ATRIA NORTH PARK - Drinking Water Source
9537,102133,3741,Bottle Filling Station,None,Water Bottle Filling Count,None,ATRIA NORTH PARK - Drinking Water Source
9538,132513,3741,Outdoor Fitness Equipment,None,Outdoor Fitness Equipment,None,ATRIA NORTH PARK - Outdoor Fitness Equipment Area - Outdoor Fitness Equipment (  1)
9539,132514,3741,Outdoor Fitness Equipment,None,Outdoor Fitness Equipment,None,ATRIA NORTH PARK - Outdoor Fitness Equipment Area - Outdoor Fitness Equipment (  2)
9540,132515,3741,Outdoor Fitness Equipment,None,Outdoor Fitness Equipment,None,ATRIA NORTH PARK - Outdoor Fitness Equipment Area - Outdoor Fitness Equipment (  3)
9541,132516,3741,Outdoor Fitness Equipment,None,Outdoor Fitness Equipment,None,ATRIA NORTH PARK - Outdoor Fitness Equipment Area - Outdoor Fitness Equipment (  4)
9542,132664,3741,Playground,None,Playground Site,None,ATRIA NORTH PARK - Playground
9543,80731,3742,Bottle Filling Station,None,Water Bottle Filling Count,None,ALLENBURY PARK - Drinking Water Source (  1)
9544,80733,3742,Outdoor Fitness Equipment,None,Outdoor Fitness Equipment,None,ALLENBURY PARK - Outdoor Fitness Equipment Area - Outdoor Fitness Equipment (  1)
9545,80734,3742,Outdoor Fitness Equipment,None,Outdoor Fitness Equipment,None,ALLENBURY PARK - Outdoor Fitness Equipment Area - Outdoor Fitness Equipment (  2)
9546,80735,3742,Outdoor Fitness Equipment,None,Outdoor Fitness Equipment,None,ALLENBURY PARK - Outdoor Fitness Equipment Area - Outdoor Fitness Equipment (  3)
9547,80736,3742,Outdoor Fitness Equipment,None,Outdoor Fitness Equipment,None,ALLENBURY PARK - Outdoor Fitness Equipment Area - Outdoor Fitness Equipment (  4)
9548,80737,3742,Outdoor Table Tennis,None,Outdoor Table Tennis,None,ALLENBURY PARK - Outdoor Table Tennis
9549,80738,3742,Playground,None,Playground Site,None,ALLENBURY PARK - Playground
9550,80741,3742,Splash Pad,None,Splash/Spray Pad,None,ALLENBURY PARK - Splash/Spray Pad
9551,102141,3742,Drinking Fountain,None,Drinking Fountain Count,None,ALLENBURY PARK - Drinking Water Source (  2)
9552,102141,3742,Bottle Filling Station,None,Water Bottle Filling Count,None,ALLENBURY PARK - Drinking Water Source (  2)
9553,77176,3747,Playground,None,Playground Site,None,WYNFORD PARK - Playground
9554,13842,3769,Practice Wicket,None,Practice Wicket,None,L'AMOREAUX HYDRO - Practice Wicket
9555,13843,3769,Picnic Shelter,picnic,Shelter,None,L'AMOREAUX HYDRO - Shade Structure
9556,13847,3769,Outdoor Basketball Court,None,Basketball Court,None,L'AMOREAUX HYDRO - Basketball Court
9557,17830,3769,Cricket Pitch Field,sport,Cricket Pitch Field - B,B,L'AMOREAUX HYDRO - Cricket Pitch Field
9558,32379,3769,Parking Lot,None,Outdoor Parking Lot,None,L'AMOREAUX HYDRO - Outdoor Parking Lot
9559,43902,3769,Sport Field,sport,Soccer Field,None,L'AMOREAUX HYDRO - Soccer Field
9560,990679,3769,Picnic Site,picnic,Picnic Site,None,L'AMOREAUX HYDRO - Picnic Site (  1)
9561,984849,3770,Amphitheatre,special,Amphitheatre,None,PARKDALE AMPHITHEATRE
9562,103263,3775,Multipurpose Room,room,Room - B,B,ETHENNONNHAWAHSTIHNEN' COMMUNITY RECREATION CENTRE & LIBRARY - Event Hall
9563,103264,3775,Fitness/Dance Studio,None,Room - C,C,ETHENNONNHAWAHSTIHNEN' COMMUNITY RECREATION CENTRE & LIBRARY - Fitness/Dance Studio
9564,103265,3775,Fitness/Dance Studio,None,Room - C,C,ETHENNONNHAWAHSTIHNEN' COMMUNITY RECREATION CENTRE & LIBRARY - Fitness/Dance Studio
9565,103266,3775,Gymnasium,gym,Gymnasium - A,A,ETHENNONNHAWAHSTIHNEN' COMMUNITY RECREATION CENTRE & LIBRARY - Gymnasium
9566,103267,3775,Indoor Track,None,Indoor Track,None,ETHENNONNHAWAHSTIHNEN' COMMUNITY RECREATION CENTRE & LIBRARY - Indoor Track
9567,103269,3775,Indoor Pool,pool,Indoor Pool Tank - A,A,ETHENNONNHAWAHSTIHNEN' COMMUNITY RECREATION CENTRE & LIBRARY - Indoor Pool Tank
9568,103270,3775,Kitchen,room,Kitchen - A,A,ETHENNONNHAWAHSTIHNEN' COMMUNITY RECREATION CENTRE & LIBRARY - Kitchen
9569,103271,3775,Lounge,room,Room,None,ETHENNONNHAWAHSTIHNEN' COMMUNITY RECREATION CENTRE & LIBRARY - Lounge
9570,103274,3775,Multipurpose Room,room,Room - C,C,ETHENNONNHAWAHSTIHNEN' COMMUNITY RECREATION CENTRE & LIBRARY - Multipurpose Room (  1)
9571,103275,3775,Multipurpose Room,room,Room - B,B,ETHENNONNHAWAHSTIHNEN' COMMUNITY RECREATION CENTRE & LIBRARY - Multipurpose Room (  2)
9572,103277,3775,Multipurpose Room,room,Room - B,B,ETHENNONNHAWAHSTIHNEN' COMMUNITY RECREATION CENTRE & LIBRARY - Multipurpose Room (  3)
9573,103278,3775,Multipurpose Room,room,Room - C,C,ETHENNONNHAWAHSTIHNEN' COMMUNITY RECREATION CENTRE & LIBRARY - Multipurpose Room (  4)
9574,103310,3775,Multipurpose Room,room,Room - C,C,ETHENNONNHAWAHSTIHNEN' COMMUNITY RECREATION CENTRE & LIBRARY - Multipurpose Room (  5)
9575,103311,3775,Gymnasium,gym,Gymnasium - B,B,ETHENNONNHAWAHSTIHNEN' COMMUNITY RECREATION CENTRE & LIBRARY - Gymnasium N
9576,103312,3775,Gymnasium,gym,Gymnasium - B,B,ETHENNONNHAWAHSTIHNEN' COMMUNITY RECREATION CENTRE & LIBRARY - Gymnasium S
9577,103313,3775,Multipurpose Room,room,Room - C,C,ETHENNONNHAWAHSTIHNEN' COMMUNITY RECREATION CENTRE & LIBRARY - Event Hall N
9578,103314,3775,Multipurpose Room,room,Room - C,C,ETHENNONNHAWAHSTIHNEN' COMMUNITY RECREATION CENTRE & LIBRARY - Event Hall S
9579,103315,3775,Weight/Cardio Room,None,Room-Fitness/Weight,None,ETHENNONNHAWAHSTIHNEN' COMMUNITY RECREATION CENTRE & LIBRARY - Weight/Cardio Room
9580,103316,3775,Multipurpose Room,room,Room - A,A,ETHENNONNHAWAHSTIHNEN' COMMUNITY RECREATION CENTRE & LIBRARY - Indoor Playground
9581,97183,3776,Playground,None,Playground Site,None,DR. LILLIAN MCGREGOR PARK - Playground
9582,97104,3777,Parking Lot,None,Outdoor Parking Lot,None,BEARE HILL PARK - Outdoor Parking Lot
9583,97310,3780,Playground,None,Playground Site,None,DR. GORDON CHONG PARK - Playground
9584,121964,3780,Splash Pad,None,Splash/Spray Pad,None,DR. GORDON CHONG PARK - Splash/Spray Pad
9585,121965,3780,Bottle Filling Station,None,Water Bottle Filling Count,None,DR. GORDON CHONG PARK - Drinking Water Source
9586,97307,3781,Playground,None,Playground Site,None,CHIMNEY SWIFT PARK - Playground
9587,17338,3782,Indoor Rink,ice,Indoor Ice Pad,None,FORD PERFORMANCE CENTRE - Indoor Ice Pad (  1)
9588,44352,3782,Indoor Rink,ice,Indoor Ice Pad,None,FORD PERFORMANCE CENTRE - Indoor Ice Pad (  2)
9589,44353,3782,Indoor Rink,ice,Indoor Ice Pad,None,FORD PERFORMANCE CENTRE - Indoor Ice Pad (  3)
9590,44354,3782,Indoor Rink,ice,Indoor Ice Pad,None,FORD PERFORMANCE CENTRE - Indoor Ice Pad (  4)
9591,988773,3784,Enhanced Youth Space,None,Room,None,NATIVE SCARBOROUGH FAMILY CENTRE - Enhanced Youth Space
9592,988774,3784,Meeting Room,None,None,None,NATIVE SCARBOROUGH FAMILY CENTRE - Meeting Room
9593,988775,3784,Recording Studio,None,Room,None,NATIVE SCARBOROUGH FAMILY CENTRE - Recording Studio
9594,102962,3786,Dog Fountain,None,Dog Fountain Count,None,HARRISON-DOVERCOURT PARKETTE - Drinking Water Source
9595,102962,3786,Bottle Filling Station,None,Water Bottle Filling Count,None,HARRISON-DOVERCOURT PARKETTE - Drinking Water Source
9596,102963,3786,Outdoor Chess Table,None,Outdoor Chess Table,None,HARRISON-DOVERCOURT PARKETTE - Outdoor Chess Table (  1)
9597,102964,3786,Outdoor Chess Table,None,Outdoor Chess Table,None,HARRISON-DOVERCOURT PARKETTE - Outdoor Chess Table (  2)
9598,102965,3786,Outdoor Table Tennis,None,Outdoor Table Tennis,None,HARRISON-DOVERCOURT PARKETTE - Outdoor Table Tennis
9599,102344,3788,Outdoor Chess Table,None,Outdoor Chess Table,None,HILLSDALE AVENUE PARK - Outdoor Chess Table (  1)
9600,132435,3788,Outdoor Chess Table,None,Outdoor Chess Table,None,HILLSDALE AVENUE PARK - Outdoor Chess Table (  2)
9601,58062,3789,Washroom Facility,None,Washroom Building,None,JACK LAYTON FERRY TERMINAL - Concession/Washroom Building
9602,24358,3790,Bike Trail,None,Bike Trail,None,WEST TORONTO RAILPATH TRAIL ( 11)
9603,24360,3790,Bike Trail,None,Bike Trail,None,WEST TORONTO RAILPATH TRAIL ( 13)
9604,24362,3790,Bike Trail,None,Bike Trail,None,WEST TORONTO RAILPATH TRAIL ( 15)
9605,24363,3790,Bike Trail,None,Bike Trail,None,WEST TORONTO RAILPATH TRAIL ( 16)
9606,24364,3790,Bike Trail,None,Bike Trail,None,WEST TORONTO RAILPATH TRAIL ( 17)
9607,24365,3790,Bike Trail,None,Bike Trail,None,WEST TORONTO RAILPATH TRAIL ( 18)
9608,24367,3790,Bike Trail,None,Bike Trail,None,WEST TORONTO RAILPATH TRAIL (  2)
9609,24368,3790,Bike Trail,None,Bike Trail,None,WEST TORONTO RAILPATH TRAIL (  3)
9610,24369,3790,Bike Trail,None,Bike Trail,None,WEST TORONTO RAILPATH TRAIL (  4)
9611,24371,3790,Bike Trail,None,Bike Trail,None,WEST TORONTO RAILPATH TRAIL (  6)
9612,24372,3790,Bike Trail,None,Bike Trail,None,WEST TORONTO RAILPATH TRAIL (  7)
9613,102051,3790,Bottle Filling Station,None,Water Bottle Filling Count,None,WEST TORONTO RAILPATH - Drinking Water Source
9614,102290,3791,Playground,None,Playground Site,None,CANON JACKSON PARK - Playground
9615,970147,3791,Drinking Fountain,None,Drinking Fountain Count,None,CANON JACKSON PARK - Drinking Water Source
9616,970147,3791,Bottle Filling Station,None,Water Bottle Filling Count,None,CANON JACKSON PARK - Drinking Water Source
9617,970167,3791,Gazebo,None,Gazebo,None,CANON JACKSON PARK - Shade Structure
9618,970168,3791,Splash Pad,None,Splash/Spray Pad,None,CANON JACKSON PARK - Splash/Spray Pad
9619,116976,3799,Bottle Filling Station,None,Water Bottle Filling Count,None,LOVE PARK - Drinking Water Source
9620,116981,3799,Dogs Off-Leash Area,None,Off Leash Area,None,LOVE PARK - Off Leash Area
9621,132597,3803,Bottle Filling Station,None,Water Bottle Filling Count,None,NAIRN PARK - Drinking Water Source
9622,132599,3803,Playground,None,Playground Site,None,NAIRN PARK - Playground
9623,132601,3803,Outdoor Table Tennis,None,Outdoor Table Tennis,None,NAIRN PARK - Outdoor Table Tennis
9624,988914,3803,Picnic Shelter,picnic,Shelter,None,NAIRN PARK - Shade Structure
9625,990900,3812,Playground,None,Playground Site,None,METROGATE PARK - Playground
9626,849293,3815,Playground,None,Playground Site,None,HOLMES PARK - Playground
9627,849310,3815,Drinking Fountain,None,Drinking Fountain Count,None,HOLMES PARK - Drinking Water Source
9628,849310,3815,Bottle Filling Station,None,Water Bottle Filling Count,None,HOLMES PARK - Drinking Water Source
9629,849312,3816,Playground,None,Playground Site,None,DON-LESLIE PARK - Playground
9630,849315,3816,Bottle Filling Station,None,Water Bottle Filling Count,None,DON-LESLIE PARK - Drinking Water Source
9631,849316,3816,Splash Pad,None,Splash/Spray Pad,None,DON-LESLIE PARK - Splash/Spray Pad
9632,849390,3820,Bottle Filling Station,None,Water Bottle Filling Count,None,JOLLY WAY PARK - Drinking Water Source
9633,849394,3820,Outdoor Fitness Equipment,None,Outdoor Fitness Equipment,None,JOLLY WAY PARK - Outdoor Fitness Equipment Area - Outdoor Fitness Equipment (  1)
9634,849395,3820,Outdoor Fitness Equipment,None,Outdoor Fitness Equipment,None,JOLLY WAY PARK - Outdoor Fitness Equipment Area - Outdoor Fitness Equipment (  2)
9635,849396,3820,Outdoor Fitness Equipment,None,Outdoor Fitness Equipment,None,JOLLY WAY PARK - Outdoor Fitness Equipment Area - Outdoor Fitness Equipment (  3)
9636,849397,3820,Outdoor Fitness Equipment,None,Outdoor Fitness Equipment,None,JOLLY WAY PARK - Outdoor Fitness Equipment Area - Outdoor Fitness Equipment (  4)
9637,849398,3820,Outdoor Fitness Equipment,None,Outdoor Fitness Equipment,None,JOLLY WAY PARK - Outdoor Fitness Equipment Area - Outdoor Fitness Equipment (  5)
9638,849399,3820,Playground,None,Playground Site,None,JOLLY WAY PARK - Playground
9639,849590,3822,Outdoor Basketball Court,None,Basketball Court,None,20 CASTLEFIELD AVE PARK - Basketball Court
9640,849591,3822,Pickleball Court,None,None,None,20 CASTLEFIELD AVE PARK - Sportspad Area (  1)
9641,849591,3822,Sports Pad Area,None,Sportspad Area,None,20 CASTLEFIELD AVE PARK - Sportspad Area (  1)
9642,849592,3822,Sports Pad Area,None,Sportspad Area,None,20 CASTLEFIELD AVE PARK - Sportspad Area (  2)
9643,849592,3822,Pickleball Court,None,None,None,20 CASTLEFIELD AVE PARK - Sportspad Area (  2)
9644,849676,3823,Playground,None,Playground Site,None,BROADWAY AVENUE PARKETTE - Playground
9645,967510,3823,Bottle Filling Station,None,Water Bottle Filling Count,None,BROADWAY AVENUE PARKETTE - Drinking Water Source
9646,970650,3823,Outdoor Chess Table,None,Outdoor Chess Table,None,BROADWAY AVENUE PARKETTE - Outdoor Chess Table (  1)
9647,970651,3823,Outdoor Chess Table,None,Outdoor Chess Table,None,BROADWAY AVENUE PARKETTE - Outdoor Chess Table (  2)
9648,967150,3826,Dogs Off-Leash Area,None,Off Leash Area,None,ZORRA PARK - Off Leash Area
9649,967490,3826,Bottle Filling Station,None,Water Bottle Filling Count,None,ZORRA PARK - Drinking Water Source
9650,967490,3826,Dog Fountain,None,Dog Fountain Count,None,ZORRA PARK - Drinking Water Source
9651,967490,3826,Drinking Fountain,None,Drinking Fountain Count,None,ZORRA PARK - Drinking Water Source
9652,967491,3826,Outdoor Chess Table,None,Outdoor Chess Table,None,ZORRA PARK - Outdoor Chess Table (  1)
9653,967492,3826,Outdoor Chess Table,None,Outdoor Chess Table,None,ZORRA PARK - Outdoor Chess Table (  2)
9654,967493,3826,Outdoor Chess Table,None,Outdoor Chess Table,None,ZORRA PARK - Outdoor Chess Table (  3)
9655,984895,3826,Splash Pad,None,Splash/Spray Pad,None,ZORRA PARK - Off Leash Area - Splash/Spray Pad (Dog)
9656,988966,3829,Outdoor Table Tennis,None,Outdoor Table Tennis,None,BIRMINGHAM STREET PARKETTE - Outdoor Table Tennis
9657,1000764,3830,Gymnasium,gym,Gymnasium,None,ST. MICHAEL CATHOLIC SCHOOL - Gymnasium
9658,968439,3834,Outdoor Chess Table,None,Outdoor Chess Table,None,GLENGARRY PARK - Outdoor Chess Table (  1)
9659,968440,3834,Outdoor Chess Table,None,Outdoor Chess Table,None,GLENGARRY PARK - Outdoor Chess Table (  2)
9660,971758,3834,Playground,None,Playground Site,None,GLENGARRY PARK - Playground
9661,970378,3837,Beach,None,Beach,None,LESLIE LOOKOUT PARK - Beach
9662,970455,3838,Splash Pad,None,Splash/Spray Pad,None,RACCOON PARK - Splash/Spray Pad
9663,970456,3838,Playground,None,Playground Site,None,RACCOON PARK - Playground
9664,970527,3838,Bottle Filling Station,None,Water Bottle Filling Count,None,RACCOON PARK - Drinking Water Source
9665,970527,3838,Drinking Fountain,None,Drinking Fountain Count,None,RACCOON PARK - Drinking Water Source
9666,102304,3842,Playground,None,Playground Site,None,58 CURZON STREET PARK  - Playground
9667,34548,3844,Playground,None,Playground Site,None,WARDEN HILLTOP COMMUNITY CENTRE PARK - Building Grounds - Playground
9668,36022,3844,Splash Pad,None,Splash/Spray Pad,None,WARDEN HILLTOP COMMUNITY CENTRE PARK - Splash/Spray Pad
9669,48942,3844,Amphitheatre,special,Amphitheatre,None,WARDEN HILLTOP COMMUNITY CENTRE PARK - Amphitheatre
9670,49544,3844,Parking Lot,None,Outdoor Parking Lot,None,WARDEN HILLTOP COMMUNITY CENTRE PARK - Outdoor Parking Lot
9671,989013,3853,Dogs Off-Leash Area,None,Off Leash Area,None,BIIDAASIGE PARK - Off Leash Area (East)
9672,989014,3853,Dogs Off-Leash Area,None,Off Leash Area,None,BIIDAASIGE PARK - Off Leash Area (West)
9673,989015,3853,Drinking Fountain,None,Drinking Fountain Count,None,BIIDAASIGE PARK - Drinking Water Source (West off-leash area)
9674,989015,3853,Dog Fountain,None,Dog Fountain Count,None,BIIDAASIGE PARK - Drinking Water Source (West off-leash area)
9675,989015,3853,Bottle Filling Station,None,Water Bottle Filling Count,None,BIIDAASIGE PARK - Drinking Water Source (West off-leash area)
9676,989016,3853,Drinking Fountain,None,Drinking Fountain Count,None,BIIDAASIGE PARK - Drinking Water Source (East off-leash area)
9677,989016,3853,Bottle Filling Station,None,Water Bottle Filling Count,None,BIIDAASIGE PARK - Drinking Water Source (East off-leash area)
9678,989053,3853,Bottle Filling Station,None,Water Bottle Filling Count,None,BIIDAASIGE PARK - Drinking Water Source (Badlands)
9679,989053,3853,Drinking Fountain,None,Drinking Fountain Count,None,BIIDAASIGE PARK - Drinking Water Source (Badlands)
9680,989054,3853,Drinking Fountain,None,Drinking Fountain Count,None,BIIDAASIGE PARK - Drinking Water Source (North Riverside)
9681,989054,3853,Bottle Filling Station,None,Water Bottle Filling Count,None,BIIDAASIGE PARK - Drinking Water Source (North Riverside)
9682,989055,3853,Bottle Filling Station,None,Water Bottle Filling Count,None,BIIDAASIGE PARK - Drinking Water Source (Reaching Racoon)
9683,989055,3853,Drinking Fountain,None,Drinking Fountain Count,None,BIIDAASIGE PARK - Drinking Water Source (Reaching Racoon)
9684,989056,3853,Dog Fountain,None,Dog Fountain Count,None,BIIDAASIGE PARK - Drinking Water Source (East Picnic Terrace)
9685,989056,3853,Drinking Fountain,None,Drinking Fountain Count,None,BIIDAASIGE PARK - Drinking Water Source (East Picnic Terrace)
9686,989056,3853,Bottle Filling Station,None,Water Bottle Filling Count,None,BIIDAASIGE PARK - Drinking Water Source (East Picnic Terrace)
9687,989073,3853,Bottle Filling Station,None,Water Bottle Filling Count,None,BIIDAASIGE PARK - Drinking Water Source (South River Lawn)
9688,989073,3853,Drinking Fountain,None,Drinking Fountain Count,None,BIIDAASIGE PARK - Drinking Water Source (South River Lawn)
9689,990923,3853,Playground,None,Playground Site,None,BIIDAASIGE PARK - Playground W
9690,990924,3853,Playground,None,Playground Site,None,BIIDAASIGE PARK - Playground C
9691,990925,3853,Playground,None,Playground Site,None,BIIDAASIGE PARK - Playground E
9692,72824,3855,Dogs Off-Leash Area,None,Off Leash Area,None,THE POCKET - Off Leash Area
9693,34116,3856,Playground,None,Playground Site,None,JAYE ROBINSON PARK - Playground
9694,78817,3856,Outdoor Fitness Equipment,None,Outdoor Fitness Equipment,None,JAYE ROBINSON PARK - Outdoor Fitness Equipment Area - Outdoor Fitness Equipment (  1)
9695,78818,3856,Outdoor Fitness Equipment,None,Outdoor Fitness Equipment,None,JAYE ROBINSON PARK - Outdoor Fitness Equipment Area - Outdoor Fitness Equipment (  2)
9696,78819,3856,Outdoor Fitness Equipment,None,Outdoor Fitness Equipment,None,JAYE ROBINSON PARK - Outdoor Fitness Equipment Area - Outdoor Fitness Equipment (  3)
9697,78820,3856,Outdoor Fitness Equipment,None,Outdoor Fitness Equipment,None,JAYE ROBINSON PARK - Outdoor Fitness Equipment Area - Outdoor Fitness Equipment (  4)
9698,78821,3856,Outdoor Fitness Equipment,None,Outdoor Fitness Equipment,None,JAYE ROBINSON PARK - Outdoor Fitness Equipment Area - Outdoor Fitness Equipment (  5)
9699,78822,3856,Outdoor Fitness Equipment,None,Outdoor Fitness Equipment,None,JAYE ROBINSON PARK - Outdoor Fitness Equipment Area - Outdoor Fitness Equipment (  6)
9700,78823,3856,Outdoor Fitness Equipment,None,Outdoor Fitness Equipment,None,JAYE ROBINSON PARK - Outdoor Fitness Equipment Area - Outdoor Fitness Equipment (  7)
9701,78824,3856,Outdoor Fitness Equipment,None,Outdoor Fitness Equipment,None,JAYE ROBINSON PARK - Outdoor Fitness Equipment Area - Outdoor Fitness Equipment (  8)
9702,78825,3856,Outdoor Fitness Equipment,None,Outdoor Fitness Equipment,None,JAYE ROBINSON PARK - Outdoor Fitness Equipment Area - Outdoor Fitness Equipment (  9)
9703,78826,3856,Outdoor Fitness Equipment,None,Outdoor Fitness Equipment,None,JAYE ROBINSON PARK - Outdoor Fitness Equipment Area - Outdoor Fitness Equipment ( 10)
9704,984811,3857,Fitness/Dance Studio,None,Room - C,C,EAST BAYFRONT COMMUNITY RECREATION CENTRE - Fitness/Dance Studio
9705,984812,3857,Gymnasium,gym,Gymnasium - A,A,EAST BAYFRONT COMMUNITY RECREATION CENTRE - Gymnasium
9706,984813,3857,Gymnasium,gym,Gymnasium - B,B,EAST BAYFRONT COMMUNITY RECREATION CENTRE - Gymnasium W
9707,984814,3857,Gymnasium,gym,Gymnasium - B,B,EAST BAYFRONT COMMUNITY RECREATION CENTRE - Gymnasium E
9708,984817,3857,Kitchen,room,Kitchen - A,A,EAST BAYFRONT COMMUNITY RECREATION CENTRE - Kitchen
9709,984819,3857,Meeting Room,None,None,None,EAST BAYFRONT COMMUNITY RECREATION CENTRE - Meeting Room
9710,984820,3857,Multipurpose Room,room,Room - C,C,EAST BAYFRONT COMMUNITY RECREATION CENTRE - Multipurpose Room (  1)
9711,984821,3857,Multipurpose Room,room,Room - C,C,EAST BAYFRONT COMMUNITY RECREATION CENTRE - Multipurpose Room ( 1) North
9712,984822,3857,Multipurpose Room,room,Room - C,C,EAST BAYFRONT COMMUNITY RECREATION CENTRE - Multipurpose Room ( 1) South
9713,984823,3857,Multipurpose Room,room,Room - C,C,EAST BAYFRONT COMMUNITY RECREATION CENTRE - Multipurpose Room (  2)
9714,984824,3857,Multipurpose Room,room,Room - C,C,EAST BAYFRONT COMMUNITY RECREATION CENTRE - Multipurpose Room (  3)
9715,984825,3857,Indoor Track,None,Indoor Track,None,EAST BAYFRONT COMMUNITY RECREATION CENTRE - Indoor Track
9716,988653,3858,Indoor Pool,pool,Indoor Pool Tank,None,ROUGE VALLEY COMMUNITY RECREATION CENTRE - Indoor Pool Deck - Indoor Pool Tank (  1)
9717,988654,3858,Indoor Pool,pool,Indoor Pool Tank,None,ROUGE VALLEY COMMUNITY RECREATION CENTRE - Indoor Pool Deck - Indoor Pool Tank (  2)
9718,989431,3858,Fitness/Dance Studio,None,Room - C,C,ROUGE VALLEY COMMUNITY RECREATION CENTRE - Fitness/Dance Studio (  1)
9719,989432,3858,Fitness/Dance Studio,None,Room - C,C,ROUGE VALLEY COMMUNITY RECREATION CENTRE - Fitness/Dance Studio (  2)
9720,989433,3858,Gymnasium,gym,Gymnasium - Premier,P,ROUGE VALLEY COMMUNITY RECREATION CENTRE - Gymnasium
9721,989436,3858,Kitchen,room,Kitchen - A,A,ROUGE VALLEY COMMUNITY RECREATION CENTRE - Kitchen
9722,989441,3858,Multipurpose Room,room,Room - B,B,ROUGE VALLEY COMMUNITY RECREATION CENTRE - Multipurpose Room (  1)
9723,989442,3858,Multipurpose Room,room,Room - B,B,ROUGE VALLEY COMMUNITY RECREATION CENTRE - Multipurpose Room (  2)
9724,989443,3858,Multipurpose Room,room,Room - B,B,ROUGE VALLEY COMMUNITY RECREATION CENTRE - Multipurpose Room (  3)
9725,989445,3858,Indoor Track,None,Indoor Track,None,ROUGE VALLEY COMMUNITY RECREATION CENTRE - Indoor Track
9726,990724,3858,Kitchen,room,Kitchen,None,ROUGE VALLEY COMMUNITY RECREATION CENTRE - Kitchenette
9727,1001969,3858,Lounge,room,Room,None,ROUGE VALLEY COMMUNITY RECREATION CENTRE - Open Work Space
9728,2852,3859,Dogs Off-Leash Area,None,Off Leash Area,None,YONGE AND YORK MILLS - Off Leash Area
9729,850097,3859,Parking Lot,None,Outdoor Parking Lot,None,DON VALLEY GOLF COURSE - Outdoor Parking Lot (  3)
9730,1001030,3861,Kitchen,room,Kitchen - B,B,OLD FIRE HALL 30 - Kitchen
9731,1001031,3861,Multipurpose Room,room,Room - C,C,OLD FIRE HALL 30 - Multipurpose Room ( 1)
9732,1001152,3861,Multipurpose Room,room,Room - C,C,OLD FIRE HALL 30 - Multipurpose Room ( 2)
9733,2127,3862,Drinking Fountain,None,Drinking Fountain Count,None,MEMORIAL GARDENS PARK - Drinking Water Source
9734,850019,3862,Parking Lot,None,Outdoor Parking Lot,None,MEMORIAL GARDENS PARK - Outdoor Parking Lot (  1)
9735,850020,3862,Parking Lot,None,Outdoor Parking Lot,None,MEMORIAL GARDENS PARK - Outdoor Parking Lot (  2)
9736,850021,3862,Parking Lot,None,Outdoor Parking Lot,None,MEMORIAL GARDENS PARK - Outdoor Parking Lot (  3)
9737,989370,3868,Dogs Off-Leash Area,None,Off Leash Area,None,50 QUEENS QUAY EAST PARK - Off Leash Area
9738,989530,3868,Pickleball Court,None,None,None,50 QUEENS QUAY EAST PARK - Outdoor Sports Pad
9739,989530,3868,Pickleball Court,None,None,None,50 QUEENS QUAY EAST PARK - Outdoor Sports Pad
9740,989550,3868,Drinking Fountain,None,Drinking Fountain Count,None,50 QUEENS QUAY EAST PARK - Drinking Water Source
9741,989550,3868,Dog Fountain,None,Dog Fountain Count,None,50 QUEENS QUAY EAST PARK - Drinking Water Source
9742,989550,3868,Bottle Filling Station,None,Water Bottle Filling Count,None,50 QUEENS QUAY EAST PARK - Drinking Water Source
9743,989570,3868,Sports Pad Area,None,Sportspad Area,None,50 QUEENS QUAY EAST PARK - Pickleball Court ( 1)
9744,989571,3868,Sports Pad Area,None,Sportspad Area,None,50 QUEENS QUAY EAST PARK - Pickleball Court ( 2)
9745,990899,3871,Playground,None,Playground Site,None,MILTON BERGER PARK - Playground
9746,1001169,3871,Splash Pad,None,Splash/Spray Pad,None,MILTON BERGER PARK - Splash/Spray Pad
9747,990921,3880,Playground,None,Playground Site,None,8 SECORD AVE PARK - Playground
9748,1002371,3880,Splash Pad,None,Splash/Spray Pad,None,8 SECORD AVE PARK - Splash Pad
9749,1001981,3881,Multipurpose Room,room,Room,None,ST. FIDELIS CATHOLIC ELEMENTARY SCHOOL - Classroom 139
9750,1002207,3882,Bottle Filling Station,None,Water Bottle Filling Count,None,HONEST ED'S PARK - Drinking Water Source
9751,1002207,3882,Drinking Fountain,None,Drinking Fountain Count,None,HONEST ED'S PARK - Drinking Water Source
9752,1002209,3883,Gymnasium,gym,Gymnasium - N/A,N,MCMURRICH JUNIOR PUBLIC SCHOOL - Gymnasium
